task_id,dataset_name,n_samples,n_features,n_classes,seed,model,calibrator,label_noise_eta,cal_nll,cal_brier_score,cal_accuracy,cal_ece_10,cal_ece_15,cal_ece_20,cal_ece_mean,raw_nll,raw_brier_score,raw_accuracy,raw_ece_10,raw_ece_15,raw_ece_20,raw_ece_mean,train_time_s
3913,kc2,522,21,2,0,lgbm,none,0.1,0.3936479660335365,0.24107048333214717,0.8285714285714286,0.057440231480300585,0.07401566161873445,0.08176251831327912,0.07107280380410473,0.3936479660335365,0.24107048333214717,0.8285714285714286,0.057440231480300585,0.07401566161873445,0.08176251831327912,0.07107280380410473,0.02
3913,kc2,522,21,2,0,lgbm,temp,0.1,0.3877919614315033,0.23936580121517181,0.8285714285714286,0.05646028745742071,0.07331997894105459,0.07537170818873815,0.06838399152907114,0.3936479660335365,0.24107048333214717,0.8285714285714286,0.057440231480300585,0.07401566161873445,0.08176251831327912,0.07107280380410473,0.02
3913,kc2,522,21,2,0,lgbm,logistic,0.1,0.42520388558455835,0.2646265544779111,0.8285714285714286,0.12216101789226755,0.12216101789226752,0.12830745251144368,0.12420982943199292,0.3936479660335365,0.24107048333214717,0.8285714285714286,0.057440231480300585,0.07401566161873445,0.08176251831327912,0.07107280380410473,0.02
3913,kc2,522,21,2,0,lgbm,isotonic,0.1,0.36065891278859347,0.22510317752344336,0.8476190476190476,0.047947027750733395,0.07565880885400858,0.055858705406070915,0.0598215140036043,0.3936479660335365,0.24107048333214717,0.8285714285714286,0.057440231480300585,0.07401566161873445,0.08176251831327912,0.07107280380410473,0.02
3913,kc2,522,21,2,0,lgbm,dirichlet,0.1,0.3689853861809126,0.22600927500797205,0.8380952380952381,0.062547046941218,0.06303520477702128,0.08426314312367805,0.06994846494730578,0.3936479660335365,0.24107048333214717,0.8285714285714286,0.057440231480300585,0.07401566161873445,0.08176251831327912,0.07107280380410473,0.02
3913,kc2,522,21,2,0,xgboost,none,0.1,0.44478049874305725,0.2786124348640442,0.8285714285714286,0.06790530000414169,0.06919973634538198,0.06790526253836494,0.06833676629596287,0.44478049874305725,0.2786124348640442,0.8285714285714286,0.06790530000414169,0.06919973634538198,0.06790526253836494,0.06833676629596287,0.04
3913,kc2,522,21,2,0,xgboost,temp,0.1,0.43900227546691895,0.27702975273132324,0.8285714285714286,0.045790587152753554,0.08334014188675655,0.05617458593277704,0.061768438324095724,0.44478049874305725,0.2786124348640442,0.8285714285714286,0.06790530000414169,0.06919973634538198,0.06790526253836494,0.06833676629596287,0.04
3913,kc2,522,21,2,0,xgboost,logistic,0.1,0.46724135218946095,0.2972048553202048,0.7904761904761904,0.08079542840500346,0.08255926211036393,0.08079542840500349,0.08138337297345695,0.44478049874305725,0.2786124348640442,0.8285714285714286,0.06790530000414169,0.06919973634538198,0.06790526253836494,0.06833676629596287,0.04
3913,kc2,522,21,2,0,xgboost,isotonic,0.1,0.4559027850627899,0.2888735234737396,0.8095238095238095,0.062138447307405066,0.06213842914217994,0.07046418019703457,0.0649136855488732,0.44478049874305725,0.2786124348640442,0.8285714285714286,0.06790530000414169,0.06919973634538198,0.06790526253836494,0.06833676629596287,0.04
3913,kc2,522,21,2,0,xgboost,dirichlet,0.1,0.4216149609105995,0.2651130251992772,0.8285714285714286,0.06135619595012701,0.03392672301036366,0.07564950343994409,0.056977474133478256,0.44478049874305725,0.2786124348640442,0.8285714285714286,0.06790530000414169,0.06919973634538198,0.06790526253836494,0.06833676629596287,0.04
3913,kc2,522,21,2,0,catboost,none,0.1,0.41468328068583743,0.24987422508703622,0.8285714285714286,0.11116383802394716,0.1430472870252025,0.11932020044277664,0.1245104418306421,0.41468328068583743,0.24987422508703622,0.8285714285714286,0.11116383802394716,0.1430472870252025,0.11932020044277664,0.1245104418306421,0.1
3913,kc2,522,21,2,0,catboost,temp,0.1,0.37546342611312866,0.2314024567604065,0.8285714285714286,0.04755296990984961,0.04755303575879048,0.07810466175987604,0.05773688914283872,0.41468328068583743,0.24987422508703622,0.8285714285714286,0.11116383802394716,0.1430472870252025,0.11932020044277664,0.1245104418306421,0.1
3913,kc2,522,21,2,0,catboost,logistic,0.1,0.4236996554891914,0.26481305312581227,0.819047619047619,0.12113395069716802,0.12113395069716804,0.12210282757109206,0.1214569096551427,0.41468328068583743,0.24987422508703622,0.8285714285714286,0.11116383802394716,0.1430472870252025,0.11932020044277664,0.1245104418306421,0.1
3913,kc2,522,21,2,0,catboost,isotonic,0.1,0.36580009997106355,0.22719124623605963,0.8285714285714286,0.036996005795895195,0.056043624843514245,0.0527688179509118,0.04860281619677375,0.41468328068583743,0.24987422508703622,0.8285714285714286,0.11116383802394716,0.1430472870252025,0.11932020044277664,0.1245104418306421,0.1
3913,kc2,522,21,2,0,catboost,dirichlet,0.1,0.37723119865261023,0.23342491324476608,0.8285714285714286,0.06441187842007148,0.07200102421064211,0.07643758127621049,0.07095016130230802,0.41468328068583743,0.24987422508703622,0.8285714285714286,0.11116383802394716,0.1430472870252025,0.11932020044277664,0.1245104418306421,0.1
3913,kc2,522,21,2,0,single_mlp,none,0.1,0.3803037405014038,0.22933977842330933,0.8476190476190476,0.077524881703513,0.11266920282727197,0.09951197987511047,0.09656868813529847,0.3803037405014038,0.22933977842330933,0.8476190476190476,0.077524881703513,0.11266920282727197,0.09951197987511047,0.09656868813529847,0.49
3913,kc2,522,21,2,0,single_mlp,temp,0.1,0.3715209662914276,0.2247021198272705,0.8476190476190476,0.07121144873755322,0.07878367617016747,0.08083405154091973,0.07694305881621348,0.3803037405014038,0.22933977842330933,0.8476190476190476,0.077524881703513,0.11266920282727197,0.09951197987511047,0.09656868813529847,0.49
3913,kc2,522,21,2,0,single_mlp,logistic,0.1,0.41448563990187753,0.25725320895596115,0.8380952380952381,0.1322304187058461,0.13319483995074421,0.14584741165745893,0.1370908901046831,0.3803037405014038,0.22933977842330933,0.8476190476190476,0.077524881703513,0.11266920282727197,0.09951197987511047,0.09656868813529847,0.49
3913,kc2,522,21,2,0,single_mlp,isotonic,0.1,0.36546674370765686,0.22408127784729004,0.8380952380952381,0.04925838311513263,0.024479825723738864,0.049258366652897415,0.040998858497256305,0.3803037405014038,0.22933977842330933,0.8476190476190476,0.077524881703513,0.11266920282727197,0.09951197987511047,0.09656868813529847,0.49
3913,kc2,522,21,2,0,single_mlp,dirichlet,0.1,0.3925146362260104,0.2437006755991781,0.8380952380952381,0.0832560459991153,0.08325604599911521,0.08556597295098246,0.08402602164973766,0.3803037405014038,0.22933977842330933,0.8476190476190476,0.077524881703513,0.11266920282727197,0.09951197987511047,0.09656868813529847,0.49
3913,kc2,522,21,2,0,mc_dropout,none,0.1,0.38210827112197876,0.2303713709115982,0.8476190476190476,0.08502913202558242,0.10115726050876438,0.10160917554582868,0.09593185602672516,0.38210827112197876,0.2303713709115982,0.8476190476190476,0.08502913202558242,0.10115726050876438,0.10160917554582868,0.09593185602672516,0.24
3913,kc2,522,21,2,0,mc_dropout,temp,0.1,0.37177005410194397,0.22491170465946198,0.8476190476190476,0.07223809162775677,0.08084188302357989,0.08702735276449297,0.08003577580527654,0.38210827112197876,0.2303713709115982,0.8476190476190476,0.08502913202558242,0.10115726050876438,0.10160917554582868,0.09593185602672516,0.24
3913,kc2,522,21,2,0,mc_dropout,logistic,0.1,0.4156697043463929,0.25833204044947644,0.8285714285714286,0.12709256262792282,0.15020293803680027,0.14144888023588115,0.1395814603002014,0.38210827112197876,0.2303713709115982,0.8476190476190476,0.08502913202558242,0.10115726050876438,0.10160917554582868,0.09593185602672516,0.24
3913,kc2,522,21,2,0,mc_dropout,isotonic,0.1,0.36160895228385925,0.22167402505874634,0.8476190476190476,0.01215563898994805,0.017004539853050563,0.01911887781960626,0.01609301888753496,0.38210827112197876,0.2303713709115982,0.8476190476190476,0.08502913202558242,0.10115726050876438,0.10160917554582868,0.09593185602672516,0.24
3913,kc2,522,21,2,0,mc_dropout,dirichlet,0.1,0.39263412742326026,0.24383528157504858,0.8380952380952381,0.08369616195346502,0.08369616195346499,0.08991001606413482,0.08576744665702161,0.38210827112197876,0.2303713709115982,0.8476190476190476,0.08502913202558242,0.10115726050876438,0.10160917554582868,0.09593185602672516,0.24
3913,kc2,522,21,2,0,deep_ensemble_m3,none,0.1,0.3680261969566345,0.22322571277618408,0.8380952380952381,0.10617403189341226,0.10577520075298494,0.1170335434731983,0.10966092537319849,0.3680261969566345,0.22322571277618408,0.8380952380952381,0.10617403189341226,0.10577520075298494,0.1170335434731983,0.10966092537319849,0.92
3913,kc2,522,21,2,0,deep_ensemble_m3,temp,0.1,0.3654352128505707,0.221980020403862,0.8380952380952381,0.10393398659569877,0.09383841298875355,0.11485098827452885,0.10420779595299372,0.3680261969566345,0.22322571277618408,0.8380952380952381,0.10617403189341226,0.10577520075298494,0.1170335434731983,0.10966092537319849,0.92
3913,kc2,522,21,2,0,deep_ensemble_m3,logistic,0.1,0.4085561640043612,0.25375934754720864,0.8285714285714286,0.12172250767644306,0.12846496909341865,0.12347671285598152,0.12455472987528109,0.3680261969566345,0.22322571277618408,0.8380952380952381,0.10617403189341226,0.10577520075298494,0.1170335434731983,0.10966092537319849,0.92
3913,kc2,522,21,2,0,deep_ensemble_m3,isotonic,0.1,0.36570608615875244,0.23424562811851501,0.819047619047619,0.07049773420606344,0.07049769957860313,0.07525962420872283,0.0720850193311298,0.3680261969566345,0.22322571277618408,0.8380952380952381,0.10617403189341226,0.10577520075298494,0.1170335434731983,0.10966092537319849,0.92
3913,kc2,522,21,2,0,deep_ensemble_m3,dirichlet,0.1,0.37715494559502133,0.23296690938220627,0.8380952380952381,0.09474185130997755,0.09474185130997764,0.10640509658373991,0.09862959973456503,0.3680261969566345,0.22322571277618408,0.8380952380952381,0.10617403189341226,0.10577520075298494,0.1170335434731983,0.10966092537319849,0.92
3913,kc2,522,21,2,0,deep_ensemble,none,0.1,0.3606957197189331,0.2186850607395172,0.8380952380952381,0.10136687642052061,0.08068070411682131,0.10136692296890988,0.0944715011687506,0.3606957197189331,0.2186850607395172,0.8380952380952381,0.10136687642052061,0.08068070411682131,0.10136692296890988,0.0944715011687506,1.63
3913,kc2,522,21,2,0,deep_ensemble,temp,0.1,0.3602069020271301,0.21846938133239746,0.8380952380952381,0.10024625971203761,0.08387784276689801,0.10024623076121013,0.09479011108004859,0.3606957197189331,0.2186850607395172,0.8380952380952381,0.10136687642052061,0.08068070411682131,0.10136692296890988,0.0944715011687506,1.63
3913,kc2,522,21,2,0,deep_ensemble,logistic,0.1,0.4021861794462764,0.2488645651796418,0.8380952380952381,0.11180753699706997,0.11180753699706994,0.11427119645190287,0.1126287568153476,0.3606957197189331,0.2186850607395172,0.8380952380952381,0.10136687642052061,0.08068070411682131,0.10136692296890988,0.0944715011687506,1.63
3913,kc2,522,21,2,0,deep_ensemble,isotonic,0.1,0.38250479102134705,0.2455478459596634,0.819047619047619,0.08404744295846851,0.08404740946633478,0.09357121899014431,0.08722202380498252,0.3606957197189331,0.2186850607395172,0.8380952380952381,0.10136687642052061,0.08068070411682131,0.10136692296890988,0.0944715011687506,1.63
3913,kc2,522,21,2,0,deep_ensemble,dirichlet,0.1,0.37214831933807946,0.22955266122424114,0.8380952380952381,0.09763621992176631,0.10046898405911603,0.10046898405911604,0.09952472934666612,0.3606957197189331,0.2186850607395172,0.8380952380952381,0.10136687642052061,0.08068070411682131,0.10136692296890988,0.0944715011687506,1.63
3913,kc2,522,21,2,0,deep_ensemble_m10,none,0.1,0.3581223487854004,0.21677802503108978,0.8285714285714286,0.113064778418768,0.09955570697784422,0.11355654682431901,0.10872567740697707,0.3581223487854004,0.21677802503108978,0.8285714285714286,0.113064778418768,0.09955570697784422,0.11355654682431901,0.10872567740697707,3.26
3913,kc2,522,21,2,0,deep_ensemble_m10,temp,0.1,0.3569956123828888,0.21632683277130127,0.8285714285714286,0.10291411592846826,0.09626427094141639,0.10291412841706049,0.10069750509564838,0.3581223487854004,0.21677802503108978,0.8285714285714286,0.113064778418768,0.09955570697784422,0.11355654682431901,0.10872567740697707,3.26
3913,kc2,522,21,2,0,deep_ensemble_m10,logistic,0.1,0.40085442171613633,0.24784448287959457,0.8380952380952381,0.13839610477872843,0.13839610477872843,0.14085067151437983,0.13921429369061222,0.3581223487854004,0.21677802503108978,0.8285714285714286,0.113064778418768,0.09955570697784422,0.11355654682431901,0.10872567740697707,3.26
3913,kc2,522,21,2,0,deep_ensemble_m10,isotonic,0.1,0.36346888542175293,0.22744527459144592,0.8476190476190476,0.07070048025676186,0.08662468876157492,0.12107887381599058,0.09280134761144244,0.3581223487854004,0.21677802503108978,0.8285714285714286,0.113064778418768,0.09955570697784422,0.11355654682431901,0.10872567740697707,3.26
3913,kc2,522,21,2,0,deep_ensemble_m10,dirichlet,0.1,0.36662324344018254,0.22557363527251714,0.8285714285714286,0.10318754725007347,0.10318754725007356,0.12078826609059,0.10905445353024568,0.3581223487854004,0.21677802503108978,0.8285714285714286,0.113064778418768,0.09955570697784422,0.11355654682431901,0.10872567740697707,3.26
3913,kc2,522,21,2,0,lgbm,none,0.2,0.4006998133008887,0.24336597917770084,0.8476190476190476,0.07976507130095725,0.08657006727172115,0.09640054834325051,0.08757856230530964,0.4006998133008887,0.24336597917770084,0.8476190476190476,0.07976507130095725,0.08657006727172115,0.09640054834325051,0.08757856230530964,0.02
3913,kc2,522,21,2,0,lgbm,temp,0.2,0.3830415606498718,0.23429836332798004,0.8476190476190476,0.017459539572397882,0.05720926352909632,0.05620360771814985,0.043624136939881354,0.4006998133008887,0.24336597917770084,0.8476190476190476,0.07976507130095725,0.08657006727172115,0.09640054834325051,0.08757856230530964,0.02
3913,kc2,522,21,2,0,lgbm,logistic,0.2,0.42620355490880046,0.2669300577582672,0.7904761904761904,0.0979202869586705,0.10877320328192543,0.112578271185476,0.10642392047535731,0.4006998133008887,0.24336597917770084,0.8476190476190476,0.07976507130095725,0.08657006727172115,0.09640054834325051,0.08757856230530964,0.02
3913,kc2,522,21,2,0,lgbm,isotonic,0.2,0.3506053135651927,0.21049022764240863,0.8476190476190476,0.025805444017386325,0.045265626101303844,0.05755147671579894,0.04287418227816303,0.4006998133008887,0.24336597917770084,0.8476190476190476,0.07976507130095725,0.08657006727172115,0.09640054834325051,0.08757856230530964,0.02
3913,kc2,522,21,2,0,lgbm,dirichlet,0.2,0.36634716084743624,0.2211959803224801,0.8380952380952381,0.049745284488730376,0.06421609026124236,0.065868568722669,0.059943314490880584,0.4006998133008887,0.24336597917770084,0.8476190476190476,0.07976507130095725,0.08657006727172115,0.09640054834325051,0.08757856230530964,0.02
3913,kc2,522,21,2,0,xgboost,none,0.2,0.4173598885536194,0.2565446197986603,0.8095238095238095,0.08497354246321182,0.08497357425235566,0.09357418730145407,0.08784043467234053,0.4173598885536194,0.2565446197986603,0.8095238095238095,0.08497354246321182,0.08497357425235566,0.09357418730145407,0.08784043467234053,0.03
3913,kc2,522,21,2,0,xgboost,temp,0.2,0.4024553894996643,0.24889111518859863,0.8095238095238095,0.06728348334630332,0.09077323788688296,0.0896871186438061,0.08258127995899746,0.4173598885536194,0.2565446197986603,0.8095238095238095,0.08497354246321182,0.08497357425235566,0.09357418730145407,0.08784043467234053,0.03
3913,kc2,522,21,2,0,xgboost,logistic,0.2,0.4418999779369958,0.2793281325393692,0.7904761904761904,0.10617574654813344,0.10617574654813347,0.11328874257655744,0.10854674522427478,0.4173598885536194,0.2565446197986603,0.8095238095238095,0.08497354246321182,0.08497357425235566,0.09357418730145407,0.08784043467234053,0.03
3913,kc2,522,21,2,0,xgboost,isotonic,0.2,0.5589857697486877,0.25196075439453125,0.8380952380952381,0.03799492063976467,0.051441751207624134,0.05914007822672522,0.04952558335803801,0.4173598885536194,0.2565446197986603,0.8095238095238095,0.08497354246321182,0.08497357425235566,0.09357418730145407,0.08784043467234053,0.03
3913,kc2,522,21,2,0,xgboost,dirichlet,0.2,0.38834118565674286,0.23643616936826353,0.8571428571428571,0.03816652151626224,0.06696627568185784,0.05942557726298774,0.054852791487035944,0.4173598885536194,0.2565446197986603,0.8095238095238095,0.08497354246321182,0.08497357425235566,0.09357418730145407,0.08784043467234053,0.03
3913,kc2,522,21,2,0,catboost,none,0.2,0.4081744877768207,0.24584716537859017,0.8380952380952381,0.09018921524978102,0.0983649092768539,0.1153764834887153,0.10131020267178341,0.4081744877768207,0.24584716537859017,0.8380952380952381,0.09018921524978102,0.0983649092768539,0.1153764834887153,0.10131020267178341,0.09
3913,kc2,522,21,2,0,catboost,temp,0.2,0.3739240765571594,0.22830665111541748,0.8380952380952381,0.051783002558208654,0.07908339784258889,0.07601823182333084,0.06896154407470946,0.4081744877768207,0.24584716537859017,0.8380952380952381,0.09018921524978102,0.0983649092768539,0.1153764834887153,0.10131020267178341,0.09
3913,kc2,522,21,2,0,catboost,logistic,0.2,0.41559453387715695,0.25883041510732246,0.819047619047619,0.10936632472343895,0.11831530758544699,0.11831530758544706,0.115332313298111,0.4081744877768207,0.24584716537859017,0.8380952380952381,0.09018921524978102,0.0983649092768539,0.1153764834887153,0.10131020267178341,0.09
3913,kc2,522,21,2,0,catboost,isotonic,0.2,0.3626723627227242,0.2258912371098087,0.8380952380952381,0.05260230045167141,0.07600094569756236,0.1042506513381183,0.07761796582911736,0.4081744877768207,0.24584716537859017,0.8380952380952381,0.09018921524978102,0.0983649092768539,0.1153764834887153,0.10131020267178341,0.09
3913,kc2,522,21,2,0,catboost,dirichlet,0.2,0.3716398072265852,0.22795459544475505,0.8285714285714286,0.029633942566474447,0.08627782571444054,0.07461740807912297,0.06350972545334599,0.4081744877768207,0.24584716537859017,0.8380952380952381,0.09018921524978102,0.0983649092768539,0.1153764834887153,0.10131020267178341,0.09
3913,kc2,522,21,2,0,single_mlp,none,0.2,0.5451396107673645,0.26943373680114746,0.8285714285714286,0.08816522132782711,0.10841347319739204,0.10755473545619416,0.10137780999380443,0.5451396107673645,0.26943373680114746,0.8285714285714286,0.08816522132782711,0.10841347319739204,0.10755473545619416,0.10137780999380443,0.24
3913,kc2,522,21,2,0,single_mlp,temp,0.2,0.5455223321914673,0.26844877004623413,0.8285714285714286,0.08697374604997182,0.11324392330078849,0.10566300834928238,0.10196022590001423,0.5451396107673645,0.26943373680114746,0.8285714285714286,0.08816522132782711,0.10841347319739204,0.10755473545619416,0.10137780999380443,0.24
3913,kc2,522,21,2,0,single_mlp,logistic,0.2,0.4607713275396072,0.29354057481476,0.7904761904761904,0.11278813712908789,0.12953474941062124,0.11575150345239732,0.11935812999736882,0.5451396107673645,0.26943373680114746,0.8285714285714286,0.08816522132782711,0.10841347319739204,0.10755473545619416,0.10137780999380443,0.24
3913,kc2,522,21,2,0,single_mlp,isotonic,0.2,0.3995327055454254,0.24721355736255646,0.8380952380952381,0.035801267056238054,0.035801266488574776,0.035801267623901345,0.03580126705623806,0.5451396107673645,0.26943373680114746,0.8285714285714286,0.08816522132782711,0.10841347319739204,0.10755473545619416,0.10137780999380443,0.24
3913,kc2,522,21,2,0,single_mlp,dirichlet,0.2,0.3834882645622129,0.23606181589953085,0.8285714285714286,0.09263505453846199,0.10606864632479078,0.11203684649907272,0.1035801824541085,0.5451396107673645,0.26943373680114746,0.8285714285714286,0.08816522132782711,0.10841347319739204,0.10755473545619416,0.10137780999380443,0.24
3913,kc2,522,21,2,0,mc_dropout,none,0.2,0.44236069917678833,0.2703710198402405,0.8285714285714286,0.08718290896642775,0.11883582728249684,0.11947255702245801,0.10849709775712753,0.44236069917678833,0.2703710198402405,0.8285714285714286,0.08718290896642775,0.11883582728249684,0.11947255702245801,0.10849709775712753,0.24
3913,kc2,522,21,2,0,mc_dropout,temp,0.2,0.43232229351997375,0.2616935968399048,0.8285714285714286,0.09475051448458721,0.09550539482207525,0.1115407762073335,0.10059889517133198,0.44236069917678833,0.2703710198402405,0.8285714285714286,0.08718290896642775,0.11883582728249684,0.11947255702245801,0.10849709775712753,0.24
3913,kc2,522,21,2,0,mc_dropout,logistic,0.2,0.4585881478542078,0.292336013221774,0.7904761904761904,0.10998179762334828,0.12410138100046958,0.12305260596732658,0.11904526153038147,0.44236069917678833,0.2703710198402405,0.8285714285714286,0.08718290896642775,0.11883582728249684,0.11947255702245801,0.10849709775712753,0.24
3913,kc2,522,21,2,0,mc_dropout,isotonic,0.2,0.39764404296875,0.2461479753255844,0.8380952380952381,0.05025458279110132,0.054659513632456455,0.0840434471766154,0.0629858478667244,0.44236069917678833,0.2703710198402405,0.8285714285714286,0.08718290896642775,0.11883582728249684,0.11947255702245801,0.10849709775712753,0.24
3913,kc2,522,21,2,0,mc_dropout,dirichlet,0.2,0.40498408976412836,0.2514698250129632,0.819047619047619,0.08441236558961504,0.09344957226525091,0.10726769401812995,0.09504321062433196,0.44236069917678833,0.2703710198402405,0.8285714285714286,0.08718290896642775,0.11883582728249684,0.11947255702245801,0.10849709775712753,0.24
3913,kc2,522,21,2,0,deep_ensemble_m3,none,0.2,0.5339139103889465,0.25416386127471924,0.819047619047619,0.08735375972021195,0.09934528895786832,0.09458034606206987,0.09375979824671671,0.5339139103889465,0.25416386127471924,0.819047619047619,0.08735375972021195,0.09934528895786832,0.09458034606206987,0.09375979824671671,0.97
3913,kc2,522,21,2,0,deep_ensemble_m3,temp,0.2,0.5300309658050537,0.2585821747779846,0.819047619047619,0.09081548736208958,0.10396126451946441,0.11169768231255668,0.10215814473137023,0.5339139103889465,0.25416386127471924,0.819047619047619,0.08735375972021195,0.09934528895786832,0.09458034606206987,0.09375979824671671,0.97
3913,kc2,522,21,2,0,deep_ensemble_m3,logistic,0.2,0.4490264638913394,0.2833674753339896,0.8,0.1016447808295794,0.11835468566704795,0.11090088142119406,0.11030011597260714,0.5339139103889465,0.25416386127471924,0.819047619047619,0.08735375972021195,0.09934528895786832,0.09458034606206987,0.09375979824671671,0.97
3913,kc2,522,21,2,0,deep_ensemble_m3,isotonic,0.2,0.3816455602645874,0.23438680171966553,0.8380952380952381,0.041940813405173166,0.04151495184217181,0.04627687193098523,0.04324421239277674,0.5339139103889465,0.25416386127471924,0.819047619047619,0.08735375972021195,0.09934528895786832,0.09458034606206987,0.09375979824671671,0.97
3913,kc2,522,21,2,0,deep_ensemble_m3,dirichlet,0.2,0.3843265786700181,0.23578394168796046,0.8380952380952381,0.07042708037228287,0.0883531364448341,0.0922483511559859,0.08367618932436761,0.5339139103889465,0.25416386127471924,0.819047619047619,0.08735375972021195,0.09934528895786832,0.09458034606206987,0.09375979824671671,0.97
3913,kc2,522,21,2,0,deep_ensemble,none,0.2,0.5286511778831482,0.24680334329605103,0.8380952380952381,0.07828424374262495,0.10248042799177626,0.11337381828398932,0.09804616333946352,0.5286511778831482,0.24680334329605103,0.8380952380952381,0.07828424374262495,0.10248042799177626,0.11337381828398932,0.09804616333946352,2.28
3913,kc2,522,21,2,0,deep_ensemble,temp,0.2,0.5269919037818909,0.24832841753959656,0.8380952380952381,0.09872111138843355,0.10506595032555716,0.11386199054263889,0.10588301741887653,0.5286511778831482,0.24680334329605103,0.8380952380952381,0.07828424374262495,0.10248042799177626,0.11337381828398932,0.09804616333946352,2.28
3913,kc2,522,21,2,0,deep_ensemble,logistic,0.2,0.43924189594031887,0.2758247791254923,0.8095238095238095,0.1321033574927971,0.14893860825211708,0.13210335749279717,0.1377151077459038,0.5286511778831482,0.24680334329605103,0.8380952380952381,0.07828424374262495,0.10248042799177626,0.11337381828398932,0.09804616333946352,2.28
3913,kc2,522,21,2,0,deep_ensemble,isotonic,0.2,0.39609208703041077,0.24430342018604279,0.8380952380952381,0.038986428011031374,0.04557663940248033,0.043748364562080005,0.04277047732519723,0.5286511778831482,0.24680334329605103,0.8380952380952381,0.07828424374262495,0.10248042799177626,0.11337381828398932,0.09804616333946352,2.28
3913,kc2,522,21,2,0,deep_ensemble,dirichlet,0.2,0.3725117475991632,0.22768402529412968,0.8476190476190476,0.10043896948146362,0.10043896948146365,0.10626138928974921,0.1023797760842255,0.5286511778831482,0.24680334329605103,0.8380952380952381,0.07828424374262495,0.10248042799177626,0.11337381828398932,0.09804616333946352,2.28
3913,kc2,522,21,2,0,deep_ensemble_m10,none,0.2,0.47325703501701355,0.2435050904750824,0.8285714285714286,0.1221738713128226,0.10224480231602986,0.13757607936859131,0.1206649176658146,0.47325703501701355,0.2435050904750824,0.8285714285714286,0.1221738713128226,0.10224480231602986,0.13757607936859131,0.1206649176658146,3.06
3913,kc2,522,21,2,0,deep_ensemble_m10,temp,0.2,0.4733049273490906,0.2429623305797577,0.8285714285714286,0.12176238695780439,0.0945175261724563,0.13811234860193164,0.11813075391073076,0.47325703501701355,0.2435050904750824,0.8285714285714286,0.1221738713128226,0.10224480231602986,0.13757607936859131,0.1206649176658146,3.06
3913,kc2,522,21,2,0,deep_ensemble_m10,logistic,0.2,0.4351205854915723,0.27282488053443416,0.8095238095238095,0.12621792418265942,0.14060148864719632,0.1262179241826594,0.1310124456708384,0.47325703501701355,0.2435050904750824,0.8285714285714286,0.1221738713128226,0.10224480231602986,0.13757607936859131,0.1206649176658146,3.06
3913,kc2,522,21,2,0,deep_ensemble_m10,isotonic,0.2,0.3853358030319214,0.23883149027824402,0.8380952380952381,0.061106040931883335,0.07794824384507677,0.08634415751411804,0.07513281409702605,0.47325703501701355,0.2435050904750824,0.8285714285714286,0.1221738713128226,0.10224480231602986,0.13757607936859131,0.1206649176658146,3.06
3913,kc2,522,21,2,0,deep_ensemble_m10,dirichlet,0.2,0.3678010988258383,0.22376471962833777,0.8380952380952381,0.12131324983648811,0.12131324983648809,0.1229677103951815,0.12186473668938591,0.47325703501701355,0.2435050904750824,0.8285714285714286,0.1221738713128226,0.10224480231602986,0.13757607936859131,0.1206649176658146,3.06
14954,cylinder-bands,540,35,2,0,lgbm,none,0.1,0.35289592173652007,0.21616729485487537,0.8425925925925926,0.0767612641810003,0.09591278271224504,0.08011075222409832,0.08426159970578122,0.35289592173652007,0.21616729485487537,0.8425925925925926,0.0767612641810003,0.09591278271224504,0.08011075222409832,0.08426159970578122,0.04
14954,cylinder-bands,540,35,2,0,lgbm,temp,0.1,0.37349045276641846,0.22657297551631927,0.8425925925925926,0.10213708987942446,0.10213706449226098,0.10469290282991195,0.10298901906719914,0.35289592173652007,0.21616729485487537,0.8425925925925926,0.0767612641810003,0.09591278271224504,0.08011075222409832,0.08426159970578122,0.04
14954,cylinder-bands,540,35,2,0,lgbm,logistic,0.1,0.41746023331546855,0.24740876728182848,0.8611111111111112,0.16200002694402743,0.16200002694402732,0.17138279336851656,0.16512761575219045,0.35289592173652007,0.21616729485487537,0.8425925925925926,0.0767612641810003,0.09591278271224504,0.08011075222409832,0.08426159970578122,0.04
14954,cylinder-bands,540,35,2,0,lgbm,isotonic,0.1,0.35769681248874996,0.2294747108315622,0.8148148148148148,0.10094009056024919,0.1092734238935825,0.12177342389358245,0.11066231278247136,0.35289592173652007,0.21616729485487537,0.8425925925925926,0.0767612641810003,0.09591278271224504,0.08011075222409832,0.08426159970578122,0.04
14954,cylinder-bands,540,35,2,0,lgbm,dirichlet,0.1,0.35732149047252465,0.21102608298146788,0.8611111111111112,0.14825919218037714,0.1482591921803772,0.14825919218037711,0.14825919218037717,0.35289592173652007,0.21616729485487537,0.8425925925925926,0.0767612641810003,0.09591278271224504,0.08011075222409832,0.08426159970578122,0.04
14954,cylinder-bands,540,35,2,0,xgboost,none,0.1,0.4053337574005127,0.2612724006175995,0.7777777777777778,0.07435126437081233,0.07690436862133168,0.09150438010692595,0.08092000436635666,0.4053337574005127,0.2612724006175995,0.7777777777777778,0.07435126437081233,0.07690436862133168,0.09150438010692595,0.08092000436635666,0.06
14954,cylinder-bands,540,35,2,0,xgboost,temp,0.1,0.4198688268661499,0.2669398784637451,0.7777777777777778,0.09292081550315576,0.09926370227778397,0.10641894075605605,0.09953448617899859,0.4053337574005127,0.2612724006175995,0.7777777777777778,0.07435126437081233,0.07690436862133168,0.09150438010692595,0.08092000436635666,0.06
14954,cylinder-bands,540,35,2,0,xgboost,logistic,0.1,0.46132458772460194,0.28700592708620587,0.8425925925925926,0.1547350724267686,0.15125966870643848,0.16312452508278968,0.1563730887386656,0.4053337574005127,0.2612724006175995,0.7777777777777778,0.07435126437081233,0.07690436862133168,0.09150438010692595,0.08092000436635666,0.06
14954,cylinder-bands,540,35,2,0,xgboost,isotonic,0.1,0.3879683315753937,0.2595698833465576,0.7592592592592593,0.06961306653640889,0.06498350478984692,0.07192794923429136,0.06884150685351571,0.4053337574005127,0.2612724006175995,0.7777777777777778,0.07435126437081233,0.07690436862133168,0.09150438010692595,0.08092000436635666,0.06
14954,cylinder-bands,540,35,2,0,xgboost,dirichlet,0.1,0.4088246960318868,0.25588542458890146,0.8425925925925926,0.08967929901841568,0.10563906951177043,0.13334280147833197,0.10955372333617269,0.4053337574005127,0.2612724006175995,0.7777777777777778,0.07435126437081233,0.07690436862133168,0.09150438010692595,0.08092000436635666,0.06
14954,cylinder-bands,540,35,2,0,catboost,none,0.1,0.3667223084181039,0.22909840696610007,0.7870370370370371,0.12907401750323305,0.13350797326144767,0.12907401750323305,0.13055200275597126,0.3667223084181039,0.22909840696610007,0.7870370370370371,0.12907401750323305,0.13350797326144767,0.12907401750323305,0.13055200275597126,0.25
14954,cylinder-bands,540,35,2,0,catboost,temp,0.1,0.38445666432380676,0.23722636699676514,0.7870370370370371,0.12084031105041503,0.12260282094831819,0.14875132176611155,0.13073148458828157,0.3667223084181039,0.22909840696610007,0.7870370370370371,0.12907401750323305,0.13350797326144767,0.12907401750323305,0.13055200275597126,0.25
14954,cylinder-bands,540,35,2,0,catboost,logistic,0.1,0.43615393315900775,0.26379724009134004,0.8518518518518519,0.160526192243435,0.17391726139284758,0.1795145510846142,0.1713193349069656,0.3667223084181039,0.22909840696610007,0.7870370370370371,0.12907401750323305,0.13350797326144767,0.12907401750323305,0.13055200275597126,0.25
14954,cylinder-bands,540,35,2,0,catboost,isotonic,0.1,0.36961710291538136,0.24442751670022073,0.7777777777777778,0.08745623332892173,0.08282660369929214,0.09971061902338317,0.08999781868386568,0.3667223084181039,0.22909840696610007,0.7870370370370371,0.12907401750323305,0.13350797326144767,0.12907401750323305,0.13055200275597126,0.25
14954,cylinder-bands,540,35,2,0,catboost,dirichlet,0.1,0.39027075064105116,0.23854001501408112,0.7870370370370371,0.1316578965590435,0.14775920818170643,0.17106941312390228,0.15016217262155074,0.3667223084181039,0.22909840696610007,0.7870370370370371,0.12907401750323305,0.13350797326144767,0.12907401750323305,0.13055200275597126,0.25
14954,cylinder-bands,540,35,2,0,single_mlp,none,0.1,0.480036199092865,0.3134976923465729,0.7592592592592593,0.045041096431237694,0.07907594078116947,0.10233306443249737,0.07548336721496818,0.480036199092865,0.3134976923465729,0.7592592592592593,0.045041096431237694,0.07907594078116947,0.10233306443249737,0.07548336721496818,0.35
14954,cylinder-bands,540,35,2,0,single_mlp,temp,0.1,0.48370054364204407,0.3164561092853546,0.7592592592592593,0.05149744395856503,0.07509917848640014,0.06966521949679762,0.06542061398058759,0.480036199092865,0.3134976923465729,0.7592592592592593,0.045041096431237694,0.07907594078116947,0.10233306443249737,0.07548336721496818,0.35
14954,cylinder-bands,540,35,2,0,single_mlp,logistic,0.1,0.518798636870069,0.33635602765856576,0.7777777777777778,0.11532513558454607,0.14983084829020046,0.15673118453185728,0.14062905613553459,0.480036199092865,0.3134976923465729,0.7592592592592593,0.045041096431237694,0.07907594078116947,0.10233306443249737,0.07548336721496818,0.35
14954,cylinder-bands,540,35,2,0,single_mlp,isotonic,0.1,0.9505900144577026,0.3545490503311157,0.7314814814814815,0.07948423204598601,0.1375982755864108,0.1375982960065206,0.1182269345463058,0.480036199092865,0.3134976923465729,0.7592592592592593,0.045041096431237694,0.07907594078116947,0.10233306443249737,0.07548336721496818,0.35
14954,cylinder-bands,540,35,2,0,single_mlp,dirichlet,0.1,0.49569228796579834,0.3206618065714312,0.7777777777777778,0.0960644035333889,0.09979960549572912,0.12737269537757825,0.10774556813556542,0.480036199092865,0.3134976923465729,0.7592592592592593,0.045041096431237694,0.07907594078116947,0.10233306443249737,0.07548336721496818,0.35
14954,cylinder-bands,540,35,2,0,mc_dropout,none,0.1,0.4764323830604553,0.3096500039100647,0.7685185185185185,0.053647932079103254,0.07316190114727728,0.06873163415326014,0.06518048912654689,0.4764323830604553,0.3096500039100647,0.7685185185185185,0.053647932079103254,0.07316190114727728,0.06873163415326014,0.06518048912654689,0.36
14954,cylinder-bands,540,35,2,0,mc_dropout,temp,0.1,0.4848303198814392,0.3160395324230194,0.7685185185185185,0.07896529800362058,0.0911808587886669,0.08259924032070019,0.08424846570432921,0.4764323830604553,0.3096500039100647,0.7685185185185185,0.053647932079103254,0.07316190114727728,0.06873163415326014,0.06518048912654689,0.36
14954,cylinder-bands,540,35,2,0,mc_dropout,logistic,0.1,0.5170385374170087,0.33477157269202384,0.7777777777777778,0.11543199331343812,0.11729347300267284,0.12657261823973381,0.11976602818528159,0.4764323830604553,0.3096500039100647,0.7685185185185185,0.053647932079103254,0.07316190114727728,0.06873163415326014,0.06518048912654689,0.36
14954,cylinder-bands,540,35,2,0,mc_dropout,isotonic,0.1,0.9469391107559204,0.34700271487236023,0.75,0.10550821820894876,0.1544917893630487,0.15449175845693658,0.1381639220096447,0.4764323830604553,0.3096500039100647,0.7685185185185185,0.053647932079103254,0.07316190114727728,0.06873163415326014,0.06518048912654689,0.36
14954,cylinder-bands,540,35,2,0,mc_dropout,dirichlet,0.1,0.49763132604283705,0.3207862633372568,0.7777777777777778,0.09250549080496472,0.08373430559162946,0.12464949285978297,0.10029642975212572,0.4764323830604553,0.3096500039100647,0.7685185185185185,0.053647932079103254,0.07316190114727728,0.06873163415326014,0.06518048912654689,0.36
14954,cylinder-bands,540,35,2,0,deep_ensemble_m3,none,0.1,0.44459691643714905,0.2909846901893616,0.8148148148148148,0.042095174392064366,0.06952743839334559,0.08526350337046165,0.06562870538529053,0.44459691643714905,0.2909846901893616,0.8148148148148148,0.042095174392064366,0.06952743839334559,0.08526350337046165,0.06562870538529053,1.0
14954,cylinder-bands,540,35,2,0,deep_ensemble_m3,temp,0.1,0.462199330329895,0.29978010058403015,0.8148148148148148,0.0871306089339433,0.08713055264066764,0.09643100588409988,0.09023072248623694,0.44459691643714905,0.2909846901893616,0.8148148148148148,0.042095174392064366,0.06952743839334559,0.08526350337046165,0.06562870538529053,1.0
14954,cylinder-bands,540,35,2,0,deep_ensemble_m3,logistic,0.1,0.4968845390256926,0.316587529000303,0.7962962962962963,0.1266885585060423,0.12915263417422723,0.1339368793780749,0.12992602401944814,0.44459691643714905,0.2909846901893616,0.8148148148148148,0.042095174392064366,0.06952743839334559,0.08526350337046165,0.06562870538529053,1.0
14954,cylinder-bands,540,35,2,0,deep_ensemble_m3,isotonic,0.1,0.7642852663993835,0.32718950510025024,0.7222222222222222,0.10788761079311372,0.11626837430176912,0.1333860578360381,0.11918068097697365,0.44459691643714905,0.2909846901893616,0.8148148148148148,0.042095174392064366,0.06952743839334559,0.08526350337046165,0.06562870538529053,1.0
14954,cylinder-bands,540,35,2,0,deep_ensemble_m3,dirichlet,0.1,0.47212138921224006,0.30194970057377446,0.8055555555555556,0.09728069139712485,0.12440508729611459,0.11184197555712591,0.11117591808345512,0.44459691643714905,0.2909846901893616,0.8148148148148148,0.042095174392064366,0.06952743839334559,0.08526350337046165,0.06562870538529053,1.0
14954,cylinder-bands,540,35,2,0,deep_ensemble,none,0.1,0.4435005486011505,0.2917816638946533,0.7870370370370371,0.05477465026908451,0.053232921494377985,0.09175777545681706,0.06658844907342652,0.4435005486011505,0.2917816638946533,0.7870370370370371,0.05477465026908451,0.053232921494377985,0.09175777545681706,0.06658844907342652,1.81
14954,cylinder-bands,540,35,2,0,deep_ensemble,temp,0.1,0.46148744225502014,0.29987451434135437,0.7870370370370371,0.06170567814950589,0.07098486798780934,0.10531444240499423,0.07933499618076982,0.4435005486011505,0.2917816638946533,0.7870370370370371,0.05477465026908451,0.053232921494377985,0.09175777545681706,0.06658844907342652,1.81
14954,cylinder-bands,540,35,2,0,deep_ensemble,logistic,0.1,0.5021001863102221,0.3213732319541113,0.7962962962962963,0.13058650119847645,0.13058650119847642,0.16104510238148662,0.14073936825947983,0.4435005486011505,0.2917816638946533,0.7870370370370371,0.05477465026908451,0.053232921494377985,0.09175777545681706,0.06658844907342652,1.81
14954,cylinder-bands,540,35,2,0,deep_ensemble,isotonic,0.1,0.7640417814254761,0.3253982663154602,0.7870370370370371,0.11654052745412899,0.11343557304806177,0.11920091951334917,0.11639234000517996,0.4435005486011505,0.2917816638946533,0.7870370370370371,0.05477465026908451,0.053232921494377985,0.09175777545681706,0.06658844907342652,1.81
14954,cylinder-bands,540,35,2,0,deep_ensemble,dirichlet,0.1,0.47206262826638085,0.30351834524586563,0.8055555555555556,0.10221776961902804,0.11285441730245294,0.12937766084099173,0.11481661592082422,0.4435005486011505,0.2917816638946533,0.7870370370370371,0.05477465026908451,0.053232921494377985,0.09175777545681706,0.06658844907342652,1.81
14954,cylinder-bands,540,35,2,0,deep_ensemble_m10,none,0.1,0.43682828545570374,0.2838341295719147,0.8148148148148148,0.09787848867751933,0.09531396351478719,0.13200849405041445,0.10840031541424033,0.43682828545570374,0.2838341295719147,0.8148148148148148,0.09787848867751933,0.09531396351478719,0.13200849405041445,0.10840031541424033,3.54
14954,cylinder-bands,540,35,2,0,deep_ensemble_m10,temp,0.1,0.4542597234249115,0.2930205762386322,0.8148148148148148,0.08420943993109241,0.11463504091457084,0.12162578050737029,0.10682342045101118,0.43682828545570374,0.2838341295719147,0.8148148148148148,0.09787848867751933,0.09531396351478719,0.13200849405041445,0.10840031541424033,3.54
14954,cylinder-bands,540,35,2,0,deep_ensemble_m10,logistic,0.1,0.49112698276632694,0.31195605777758256,0.7777777777777778,0.12037394189817803,0.1629417602119407,0.14762852396024873,0.14364807535678917,0.43682828545570374,0.2838341295719147,0.8148148148148148,0.09787848867751933,0.09531396351478719,0.13200849405041445,0.10840031541424033,3.54
14954,cylinder-bands,540,35,2,0,deep_ensemble_m10,isotonic,0.1,0.7558512687683105,0.3138587176799774,0.7962962962962963,0.09974393634884446,0.11066897158269531,0.10221132525691282,0.10420807772948419,0.43682828545570374,0.2838341295719147,0.8148148148148148,0.09787848867751933,0.09531396351478719,0.13200849405041445,0.10840031541424033,3.54
14954,cylinder-bands,540,35,2,0,deep_ensemble_m10,dirichlet,0.1,0.46382490662253767,0.2960897796825288,0.8055555555555556,0.09264923857111612,0.10997055870970297,0.1141385722417234,0.10558612317418083,0.43682828545570374,0.2838341295719147,0.8148148148148148,0.09787848867751933,0.09531396351478719,0.13200849405041445,0.10840031541424033,3.54
14954,cylinder-bands,540,35,2,0,lgbm,none,0.2,0.41973353486589504,0.26747015728370427,0.8148148148148148,0.06473856075534253,0.10200710162272227,0.13623059064279958,0.10099208434028813,0.41973353486589504,0.26747015728370427,0.8148148148148148,0.06473856075534253,0.10200710162272227,0.13623059064279958,0.10099208434028813,0.04
14954,cylinder-bands,540,35,2,0,lgbm,temp,0.2,0.45210233330726624,0.28551799058914185,0.8148148148148148,0.11126478402702894,0.11557245420085062,0.13084402514828575,0.1192270877920551,0.41973353486589504,0.26747015728370427,0.8148148148148148,0.06473856075534253,0.10200710162272227,0.13623059064279958,0.10099208434028813,0.04
14954,cylinder-bands,540,35,2,0,lgbm,logistic,0.2,0.4986982685040131,0.3165089051122728,0.8148148148148148,0.15612262161916843,0.1591723867141809,0.1799236032226122,0.16507287051865385,0.41973353486589504,0.26747015728370427,0.8148148148148148,0.06473856075534253,0.10200710162272227,0.13623059064279958,0.10099208434028813,0.04
14954,cylinder-bands,540,35,2,0,lgbm,isotonic,0.2,0.4484904215794576,0.29374788548836633,0.7870370370370371,0.09860807701174619,0.06897844738211652,0.09860807701174619,0.08873153380186964,0.41973353486589504,0.26747015728370427,0.8148148148148148,0.06473856075534253,0.10200710162272227,0.13623059064279958,0.10099208434028813,0.04
14954,cylinder-bands,540,35,2,0,lgbm,dirichlet,0.2,0.4542559181986402,0.28402410459530825,0.8148148148148148,0.11753420491879522,0.12500604123848852,0.13054008277952947,0.1243601096456044,0.41973353486589504,0.26747015728370427,0.8148148148148148,0.06473856075534253,0.10200710162272227,0.13623059064279958,0.10099208434028813,0.04
14954,cylinder-bands,540,35,2,0,xgboost,none,0.2,0.45354345440864563,0.28469783067703247,0.8055555555555556,0.10491608635142999,0.1455446062264619,0.12379094461599985,0.12475054573129725,0.45354345440864563,0.28469783067703247,0.8055555555555556,0.10491608635142999,0.1455446062264619,0.12379094461599985,0.12475054573129725,0.04
14954,cylinder-bands,540,35,2,0,xgboost,temp,0.2,0.4643544554710388,0.2920456528663635,0.8055555555555556,0.11783768678153003,0.1602911121315426,0.127278008946666,0.13513560261991286,0.45354345440864563,0.28469783067703247,0.8055555555555556,0.10491608635142999,0.1455446062264619,0.12379094461599985,0.12475054573129725,0.04
14954,cylinder-bands,540,35,2,0,xgboost,logistic,0.2,0.5271805379708594,0.3411722933981238,0.8425925925925926,0.2120217165301045,0.21202171653010454,0.21202171653010454,0.21202171653010451,0.45354345440864563,0.28469783067703247,0.8055555555555556,0.10491608635142999,0.1455446062264619,0.12379094461599985,0.12475054573129725,0.04
14954,cylinder-bands,540,35,2,0,xgboost,isotonic,0.2,0.4555099904537201,0.2992502748966217,0.7685185185185185,0.0762427079456824,0.0762427079456824,0.09707604127901574,0.08318715239012685,0.45354345440864563,0.28469783067703247,0.8055555555555556,0.10491608635142999,0.1455446062264619,0.12379094461599985,0.12475054573129725,0.04
14954,cylinder-bands,540,35,2,0,xgboost,dirichlet,0.2,0.46726666901156516,0.29333434653154494,0.8055555555555556,0.12185798822310209,0.16499995757635125,0.13745316092304308,0.14143703557416545,0.45354345440864563,0.28469783067703247,0.8055555555555556,0.10491608635142999,0.1455446062264619,0.12379094461599985,0.12475054573129725,0.04
14954,cylinder-bands,540,35,2,0,catboost,none,0.2,0.3826170406846554,0.2390144047385418,0.8240740740740741,0.07308840721143675,0.11700444790330815,0.09652547507109813,0.09553944339528102,0.3826170406846554,0.2390144047385418,0.8240740740740741,0.07308840721143675,0.11700444790330815,0.09652547507109813,0.09553944339528102,0.23
14954,cylinder-bands,540,35,2,0,catboost,temp,0.2,0.3826155364513397,0.2390137016773224,0.8240740740740741,0.07308711387492993,0.11700300872325897,0.09652409840513158,0.0955380736677735,0.3826170406846554,0.2390144047385418,0.8240740740740741,0.07308840721143675,0.11700444790330815,0.09652547507109813,0.09553944339528102,0.23
14954,cylinder-bands,540,35,2,0,catboost,logistic,0.2,0.44335921433269393,0.2716695235074904,0.8240740740740741,0.14876967598495092,0.18236018219358163,0.16795213679803908,0.16636066499219057,0.3826170406846554,0.2390144047385418,0.8240740740740741,0.07308840721143675,0.11700444790330815,0.09652547507109813,0.09553944339528102,0.23
14954,cylinder-bands,540,35,2,0,catboost,isotonic,0.2,0.35891666565120983,0.23614018176284796,0.8148148148148148,0.04574446025393819,0.0631492856839391,0.050976877585300284,0.053290207841059194,0.3826170406846554,0.2390144047385418,0.8240740740740741,0.07308840721143675,0.11700444790330815,0.09652547507109813,0.09553944339528102,0.23
14954,cylinder-bands,540,35,2,0,catboost,dirichlet,0.2,0.3809269616903918,0.23761902611112742,0.8240740740740741,0.07797760753504898,0.10702761813100911,0.11281858168045292,0.09927460244883701,0.3826170406846554,0.2390144047385418,0.8240740740740741,0.07308840721143675,0.11700444790330815,0.09652547507109813,0.09553944339528102,0.23
14954,cylinder-bands,540,35,2,0,single_mlp,none,0.2,0.4878541827201843,0.32913336157798767,0.7407407407407407,0.051795284505243636,0.06860131522019705,0.07735618121094175,0.0659175936454608,0.4878541827201843,0.32913336157798767,0.7407407407407407,0.051795284505243636,0.06860131522019705,0.07735618121094175,0.0659175936454608,0.34
14954,cylinder-bands,540,35,2,0,single_mlp,temp,0.2,0.4941031038761139,0.3273475468158722,0.7407407407407407,0.05605867394694573,0.05467912223603989,0.08661637096493334,0.06578472238263966,0.4878541827201843,0.32913336157798767,0.7407407407407407,0.051795284505243636,0.06860131522019705,0.07735618121094175,0.0659175936454608,0.34
14954,cylinder-bands,540,35,2,0,single_mlp,logistic,0.2,0.5297215821336567,0.34591041212575424,0.7870370370370371,0.12880554052359142,0.16178692365413935,0.19435747694071656,0.16164998037281578,0.4878541827201843,0.32913336157798767,0.7407407407407407,0.051795284505243636,0.06860131522019705,0.07735618121094175,0.0659175936454608,0.34
14954,cylinder-bands,540,35,2,0,single_mlp,isotonic,0.2,0.4800414443016052,0.32842350006103516,0.7685185185185185,0.08044675710024657,0.08044677476088206,0.08970603843530019,0.0835331900988096,0.4878541827201843,0.32913336157798767,0.7407407407407407,0.051795284505243636,0.06860131522019705,0.07735618121094175,0.0659175936454608,0.34
14954,cylinder-bands,540,35,2,0,single_mlp,dirichlet,0.2,0.49043123397809746,0.31867922205056864,0.7870370370370371,0.08725185410543941,0.11017107948448836,0.125894092458054,0.10777234201599391,0.4878541827201843,0.32913336157798767,0.7407407407407407,0.051795284505243636,0.06860131522019705,0.07735618121094175,0.0659175936454608,0.34
14954,cylinder-bands,540,35,2,0,mc_dropout,none,0.2,0.4909459352493286,0.3299638032913208,0.75,0.03597078555160099,0.07872928623799925,0.11082864966657427,0.07517624048539151,0.4909459352493286,0.3299638032913208,0.75,0.03597078555160099,0.07872928623799925,0.11082864966657427,0.07517624048539151,0.34
14954,cylinder-bands,540,35,2,0,mc_dropout,temp,0.2,0.49755170941352844,0.3298996686935425,0.75,0.03968241645230189,0.04608340506200436,0.05489935643143124,0.046888392648579164,0.4909459352493286,0.3299638032913208,0.75,0.03597078555160099,0.07872928623799925,0.11082864966657427,0.07517624048539151,0.34
14954,cylinder-bands,540,35,2,0,mc_dropout,logistic,0.2,0.5295596875909026,0.34584973680390796,0.7685185185185185,0.10862946757009917,0.12207216634662076,0.12359931628183077,0.11810031673285022,0.4909459352493286,0.3299638032913208,0.75,0.03597078555160099,0.07872928623799925,0.11082864966657427,0.07517624048539151,0.34
14954,cylinder-bands,540,35,2,0,mc_dropout,isotonic,0.2,0.4907739460468292,0.3363673985004425,0.7777777777777778,0.09573423862457275,0.10561079945829178,0.1056107619294414,0.10231860000410198,0.4909459352493286,0.3299638032913208,0.75,0.03597078555160099,0.07872928623799925,0.11082864966657427,0.07517624048539151,0.34
14954,cylinder-bands,540,35,2,0,mc_dropout,dirichlet,0.2,0.493941049959353,0.3217659941173261,0.7777777777777778,0.07583072467195769,0.0833365616797943,0.10467390388814266,0.08794706341329821,0.4909459352493286,0.3299638032913208,0.75,0.03597078555160099,0.07872928623799925,0.11082864966657427,0.07517624048539151,0.34
14954,cylinder-bands,540,35,2,0,deep_ensemble_m3,none,0.2,0.4619171917438507,0.3049409091472626,0.7685185185185185,0.0395986669593387,0.06374481485949621,0.06069286609137499,0.054678782636736624,0.4619171917438507,0.3049409091472626,0.7685185185185185,0.0395986669593387,0.06374481485949621,0.06069286609137499,0.054678782636736624,0.93
14954,cylinder-bands,540,35,2,0,deep_ensemble_m3,temp,0.2,0.47709566354751587,0.31112733483314514,0.7685185185185185,0.060439272611229486,0.0969123194615046,0.08759159898316417,0.08164773035196608,0.4619171917438507,0.3049409091472626,0.7685185185185185,0.0395986669593387,0.06374481485949621,0.06069286609137499,0.054678782636736624,0.93
14954,cylinder-bands,540,35,2,0,deep_ensemble_m3,logistic,0.2,0.521476528868513,0.3378906102252847,0.8055555555555556,0.14961336781941895,0.14961336781941903,0.14961336781941897,0.14961336781941897,0.4619171917438507,0.3049409091472626,0.7685185185185185,0.0395986669593387,0.06374481485949621,0.06069286609137499,0.054678782636736624,0.93
14954,cylinder-bands,540,35,2,0,deep_ensemble_m3,isotonic,0.2,0.7546175718307495,0.3228842318058014,0.7870370370370371,0.09268767524648594,0.09268766641616824,0.09268766586427338,0.09268766917564253,0.4619171917438507,0.3049409091472626,0.7685185185185185,0.0395986669593387,0.06374481485949621,0.06069286609137499,0.054678782636736624,0.93
14954,cylinder-bands,540,35,2,0,deep_ensemble_m3,dirichlet,0.2,0.4817197774247217,0.3110485116219322,0.7870370370370371,0.0840302728429118,0.08403027284291188,0.08906485827434171,0.08570846798672178,0.4619171917438507,0.3049409091472626,0.7685185185185185,0.0395986669593387,0.06374481485949621,0.06069286609137499,0.054678782636736624,0.93
14954,cylinder-bands,540,35,2,0,deep_ensemble,none,0.2,0.45658525824546814,0.30308231711387634,0.7685185185185185,0.03160127059177114,0.07650864069108608,0.10196793300134163,0.07002594809473295,0.45658525824546814,0.30308231711387634,0.7685185185185185,0.03160127059177114,0.07650864069108608,0.10196793300134163,0.07002594809473295,1.72
14954,cylinder-bands,540,35,2,0,deep_ensemble,temp,0.2,0.4720590114593506,0.3078159987926483,0.7685185185185185,0.06627979267526556,0.09243436323271854,0.11146189934677547,0.09005868508491986,0.45658525824546814,0.30308231711387634,0.7685185185185185,0.03160127059177114,0.07650864069108608,0.10196793300134163,0.07002594809473295,1.72
14954,cylinder-bands,540,35,2,0,deep_ensemble,logistic,0.2,0.5212614557357691,0.33763133702854026,0.8148148148148148,0.15797964390476338,0.15797964390476327,0.1579796439047633,0.1579796439047633,0.45658525824546814,0.30308231711387634,0.7685185185185185,0.03160127059177114,0.07650864069108608,0.10196793300134163,0.07002594809473295,1.72
14954,cylinder-bands,540,35,2,0,deep_ensemble,isotonic,0.2,0.7414539456367493,0.31315159797668457,0.7870370370370371,0.10089776085482703,0.1150339295466741,0.10377257124141409,0.10656808721430507,0.45658525824546814,0.30308231711387634,0.7685185185185185,0.03160127059177114,0.07650864069108608,0.10196793300134163,0.07002594809473295,1.72
14954,cylinder-bands,540,35,2,0,deep_ensemble,dirichlet,0.2,0.4763149984257542,0.30690185330120046,0.7685185185185185,0.06281630959312062,0.12991314632763049,0.12739909297899737,0.10670951629991617,0.45658525824546814,0.30308231711387634,0.7685185185185185,0.03160127059177114,0.07650864069108608,0.10196793300134163,0.07002594809473295,1.72
14954,cylinder-bands,540,35,2,0,deep_ensemble_m10,none,0.2,0.4455516040325165,0.2933157980442047,0.8055555555555556,0.0719400418025476,0.08551707753428706,0.09856279139165525,0.08533997024282997,0.4455516040325165,0.2933157980442047,0.8055555555555556,0.0719400418025476,0.08551707753428706,0.09856279139165525,0.08533997024282997,3.3
14954,cylinder-bands,540,35,2,0,deep_ensemble_m10,temp,0.2,0.46311962604522705,0.3001813292503357,0.8055555555555556,0.08170909517341189,0.10814610565150226,0.10929849412706162,0.09971789831732525,0.4455516040325165,0.2933157980442047,0.8055555555555556,0.0719400418025476,0.08551707753428706,0.09856279139165525,0.08533997024282997,3.3
14954,cylinder-bands,540,35,2,0,deep_ensemble_m10,logistic,0.2,0.511641586512444,0.32928406627878765,0.7962962962962963,0.13389000945602747,0.14735150108646652,0.15044617866575366,0.14389589640274922,0.4455516040325165,0.2933157980442047,0.8055555555555556,0.0719400418025476,0.08551707753428706,0.09856279139165525,0.08533997024282997,3.3
14954,cylinder-bands,540,35,2,0,deep_ensemble_m10,isotonic,0.2,0.5807296633720398,0.29557833075523376,0.8055555555555556,0.07365775053147916,0.07721370458602905,0.07961874758755719,0.07683006756835513,0.4455516040325165,0.2933157980442047,0.8055555555555556,0.0719400418025476,0.08551707753428706,0.09856279139165525,0.08533997024282997,3.3
14954,cylinder-bands,540,35,2,0,deep_ensemble_m10,dirichlet,0.2,0.4643297325173932,0.2976041171350013,0.8148148148148148,0.10162474141357052,0.10162474141357053,0.10363193282717718,0.10229380521810609,0.4455516040325165,0.2933157980442047,0.8055555555555556,0.0719400418025476,0.08551707753428706,0.09856279139165525,0.08533997024282997,3.3
146800,MiceProtein,1080,77,8,0,lgbm,none,0.1,0.15726971178513516,0.07704434645045001,0.9490740740740741,0.0422684706425001,0.04346539276473796,0.04780992949219648,0.04451459763314484,0.15726971178513516,0.07704434645045001,0.9490740740740741,0.0422684706425001,0.04346539276473796,0.04780992949219648,0.04451459763314484,1.23
146800,MiceProtein,1080,77,8,0,lgbm,temp,0.1,0.14116008579730988,0.07706769555807114,0.9490740740740741,0.030198835940272693,0.037856727838516235,0.040133111730769826,0.03606289183651959,0.15726971178513516,0.07704434645045001,0.9490740740740741,0.0422684706425001,0.04346539276473796,0.04780992949219648,0.04451459763314484,1.23
146800,MiceProtein,1080,77,8,0,lgbm,logistic,0.1,0.28533178483321076,0.09551019123287396,0.9490740740740741,0.1460358308016455,0.15210873169912562,0.14603583080164556,0.14806013110080557,0.15726971178513516,0.07704434645045001,0.9490740740740741,0.0422684706425001,0.04346539276473796,0.04780992949219648,0.04451459763314484,1.23
146800,MiceProtein,1080,77,8,0,lgbm,isotonic,0.1,0.4070705799782597,0.07781941984875686,0.9490740740740741,0.028916718665155,0.025635884081350938,0.040381160317216294,0.031644587687907406,0.15726971178513516,0.07704434645045001,0.9490740740740741,0.0422684706425001,0.04346539276473796,0.04780992949219648,0.04451459763314484,1.23
146800,MiceProtein,1080,77,8,0,lgbm,dirichlet,0.1,0.136847116964961,0.057466956903854255,0.9583333333333334,0.011957614982021548,0.015081033128597562,0.022796890700083575,0.016611846270234227,0.15726971178513516,0.07704434645045001,0.9490740740740741,0.0422684706425001,0.04346539276473796,0.04780992949219648,0.04451459763314484,1.23
146800,MiceProtein,1080,77,8,0,xgboost,none,0.1,0.19009950757026672,0.0883864089846611,0.9537037037037037,0.06974481211768256,0.06902339599198765,0.07264728085310371,0.07047182965425798,0.19009950757026672,0.0883864089846611,0.9537037037037037,0.06974481211768256,0.06902339599198765,0.07264728085310371,0.07047182965425798,3.22
146800,MiceProtein,1080,77,8,0,xgboost,temp,0.1,0.15474699437618256,0.08094044029712677,0.9537037037037037,0.029579561479665614,0.03450988798781675,0.03060796291187958,0.03156580412645398,0.19009950757026672,0.0883864089846611,0.9537037037037037,0.06974481211768256,0.06902339599198765,0.07264728085310371,0.07047182965425798,3.22
146800,MiceProtein,1080,77,8,0,xgboost,logistic,0.1,0.30307751953303497,0.10352216654725512,0.9629629629629629,0.15848449437109288,0.1614210897385534,0.16780245607306393,0.1625693467275701,0.19009950757026672,0.0883864089846611,0.9537037037037037,0.06974481211768256,0.06902339599198765,0.07264728085310371,0.07047182965425798,3.22
146800,MiceProtein,1080,77,8,0,xgboost,isotonic,0.1,0.4772685468196869,0.07563582062721252,0.9629629629629629,0.03837560227623689,0.04114626320423906,0.045244109851342675,0.041588658443939545,0.19009950757026672,0.0883864089846611,0.9537037037037037,0.06974481211768256,0.06902339599198765,0.07264728085310371,0.07047182965425798,3.22
146800,MiceProtein,1080,77,8,0,xgboost,dirichlet,0.1,0.15996337409440753,0.08444460720514615,0.9444444444444444,0.02267941798046762,0.02603390969988758,0.03867799011933379,0.029130439266563,0.19009950757026672,0.0883864089846611,0.9537037037037037,0.06974481211768256,0.06902339599198765,0.07264728085310371,0.07047182965425798,3.22
146800,MiceProtein,1080,77,8,0,catboost,none,0.1,0.3637825627150399,0.14241566148283102,0.9537037037037037,0.22569215877866391,0.22314143458871621,0.22569215877866391,0.22484191738201467,0.3637825627150399,0.14241566148283102,0.9537037037037037,0.22569215877866391,0.22314143458871621,0.22569215877866391,0.22484191738201467,14.54
146800,MiceProtein,1080,77,8,0,catboost,temp,0.1,0.1258559376001358,0.06827400624752045,0.9537037037037037,0.01879247346961939,0.025370439583504618,0.02410224963117528,0.02275505422809976,0.3637825627150399,0.14241566148283102,0.9537037037037037,0.22569215877866391,0.22314143458871621,0.22569215877866391,0.22484191738201467,14.54
146800,MiceProtein,1080,77,8,0,catboost,logistic,0.1,0.37181831204958066,0.1335951356237744,0.9583333333333334,0.2236542335178566,0.2236542335178566,0.22365423351785657,0.2236542335178566,0.3637825627150399,0.14241566148283102,0.9537037037037037,0.22569215877866391,0.22314143458871621,0.22569215877866391,0.22484191738201467,14.54
146800,MiceProtein,1080,77,8,0,catboost,isotonic,0.1,0.3060347442766787,0.06612100368505579,0.9537037037037037,0.04158379014764345,0.037815052100180796,0.044173213426059704,0.04119068522462798,0.3637825627150399,0.14241566148283102,0.9537037037037037,0.22569215877866391,0.22314143458871621,0.22569215877866391,0.22484191738201467,14.54
146800,MiceProtein,1080,77,8,0,catboost,dirichlet,0.1,0.10867663725025917,0.0531825088072854,0.9629629629629629,0.013417860063372214,0.02363494939108559,0.022359565074928787,0.019804124843128865,0.3637825627150399,0.14241566148283102,0.9537037037037037,0.22569215877866391,0.22314143458871621,0.22569215877866391,0.22484191738201467,14.54
146800,MiceProtein,1080,77,8,0,single_mlp,none,0.1,0.1282322257757187,0.04758257791399956,0.9814814814814815,0.07272703849055148,0.07272714817965471,0.07533977084137775,0.07359798583719465,0.1282322257757187,0.04758257791399956,0.9814814814814815,0.07272703849055148,0.07272714817965471,0.07533977084137775,0.07359798583719465,0.83
146800,MiceProtein,1080,77,8,0,single_mlp,temp,0.1,0.08055835217237473,0.03637180104851723,0.9814814814814815,0.01789660420682693,0.021998568127552635,0.02437451840550811,0.021423230246629222,0.1282322257757187,0.04758257791399956,0.9814814814814815,0.07272703849055148,0.07272714817965471,0.07533977084137775,0.07359798583719465,0.83
146800,MiceProtein,1080,77,8,0,single_mlp,logistic,0.1,0.22488209941159332,0.06101314222894459,0.9861111111111112,0.15779977746753326,0.1577997774675333,0.16203091964668614,0.15921015819391757,0.1282322257757187,0.04758257791399956,0.9814814814814815,0.07272703849055148,0.07272714817965471,0.07533977084137775,0.07359798583719465,0.83
146800,MiceProtein,1080,77,8,0,single_mlp,isotonic,0.1,0.20559510588645935,0.039425961673259735,0.9722222222222222,0.010063957836892866,0.022491477291893044,0.019506910470900703,0.017354115199895537,0.1282322257757187,0.04758257791399956,0.9814814814814815,0.07272703849055148,0.07272714817965471,0.07533977084137775,0.07359798583719465,0.83
146800,MiceProtein,1080,77,8,0,single_mlp,dirichlet,0.1,0.08396336338888324,0.031563808691226984,0.9814814814814815,0.00962914145559857,0.01858135084690379,0.0174650401805766,0.015225177494359652,0.1282322257757187,0.04758257791399956,0.9814814814814815,0.07272703849055148,0.07272714817965471,0.07533977084137775,0.07359798583719465,0.83
146800,MiceProtein,1080,77,8,0,mc_dropout,none,0.1,0.14670729637145996,0.052921488881111145,0.9768518518518519,0.08409321487501815,0.09157856746956154,0.09163942850298351,0.08910373694918773,0.14670729637145996,0.052921488881111145,0.9768518518518519,0.08409321487501815,0.09157856746956154,0.09163942850298351,0.08910373694918773,0.85
146800,MiceProtein,1080,77,8,0,mc_dropout,temp,0.1,0.07928777486085892,0.03603477030992508,0.9768518518518519,0.02395768946519609,0.028195415795953187,0.023957696915776643,0.025370267392308642,0.14670729637145996,0.052921488881111145,0.9768518518518519,0.08409321487501815,0.09157856746956154,0.09163942850298351,0.08910373694918773,0.85
146800,MiceProtein,1080,77,8,0,mc_dropout,logistic,0.1,0.232609570274076,0.06454523090595193,0.9861111111111112,0.17067887354979788,0.17067887354979783,0.17067887354979783,0.17067887354979785,0.14670729637145996,0.052921488881111145,0.9768518518518519,0.08409321487501815,0.09157856746956154,0.09163942850298351,0.08910373694918773,0.85
146800,MiceProtein,1080,77,8,0,mc_dropout,isotonic,0.1,0.20727914571762085,0.03995020315051079,0.9722222222222222,0.010660694705115391,0.014866653139944397,0.015753405513586786,0.013760251119548858,0.14670729637145996,0.052921488881111145,0.9768518518518519,0.08409321487501815,0.09157856746956154,0.09163942850298351,0.08910373694918773,0.85
146800,MiceProtein,1080,77,8,0,mc_dropout,dirichlet,0.1,0.08393595171779461,0.03056695478269648,0.9814814814814815,0.013412879077497584,0.01793156288202072,0.01923470875030575,0.016859716903274685,0.14670729637145996,0.052921488881111145,0.9768518518518519,0.08409321487501815,0.09157856746956154,0.09163942850298351,0.08910373694918773,0.85
146800,MiceProtein,1080,77,8,0,deep_ensemble_m3,none,0.1,0.10599641501903534,0.04271526634693146,0.9814814814814815,0.0517882795797454,0.05178834084007475,0.0553181262479888,0.05296491555593632,0.10599641501903534,0.04271526634693146,0.9814814814814815,0.0517882795797454,0.05178834084007475,0.0553181262479888,0.05296491555593632,3.19
146800,MiceProtein,1080,77,8,0,deep_ensemble_m3,temp,0.1,0.07140865921974182,0.03641289845108986,0.9814814814814815,0.009182489028683434,0.01845555366189391,0.016172654098934598,0.014603565596503982,0.10599641501903534,0.04271526634693146,0.9814814814814815,0.0517882795797454,0.05178834084007475,0.0553181262479888,0.05296491555593632,3.19
146800,MiceProtein,1080,77,8,0,deep_ensemble_m3,logistic,0.1,0.21452613563873657,0.05759181480262635,0.9814814814814815,0.1422876176977093,0.14273994842322318,0.1427399484232233,0.1425891715147186,0.10599641501903534,0.04271526634693146,0.9814814814814815,0.0517882795797454,0.05178834084007475,0.0553181262479888,0.05296491555593632,3.19
146800,MiceProtein,1080,77,8,0,deep_ensemble_m3,isotonic,0.1,0.20499582588672638,0.042554665356874466,0.9675925925925926,0.02739906283440415,0.027399040206714916,0.029199314614137016,0.027999139218418696,0.10599641501903534,0.04271526634693146,0.9814814814814815,0.0517882795797454,0.05178834084007475,0.0553181262479888,0.05296491555593632,3.19
146800,MiceProtein,1080,77,8,0,deep_ensemble_m3,dirichlet,0.1,0.102180788957946,0.03166918237765391,0.9814814814814815,0.01559348760477622,0.016421505587617187,0.015593487604776239,0.01586949359905655,0.10599641501903534,0.04271526634693146,0.9814814814814815,0.0517882795797454,0.05178834084007475,0.0553181262479888,0.05296491555593632,3.19
146800,MiceProtein,1080,77,8,0,deep_ensemble,none,0.1,0.1150839626789093,0.044940587133169174,0.9768518518518519,0.06083827603746343,0.060838257548985655,0.06121920159569493,0.06096524506071468,0.1150839626789093,0.044940587133169174,0.9768518518518519,0.06083827603746343,0.060838257548985655,0.06121920159569493,0.06096524506071468,4.91
146800,MiceProtein,1080,77,8,0,deep_ensemble,temp,0.1,0.0740479826927185,0.036712195724248886,0.9768518518518519,0.01828349726619542,0.0161243071434674,0.02360191099621631,0.019336571801959707,0.1150839626789093,0.044940587133169174,0.9768518518518519,0.06083827603746343,0.060838257548985655,0.06121920159569493,0.06096524506071468,4.91
146800,MiceProtein,1080,77,8,0,deep_ensemble,logistic,0.1,0.22057879408918277,0.05953322485151222,0.9814814814814815,0.1442084381816024,0.14824085307251766,0.14824085307251753,0.14689671477554586,0.1150839626789093,0.044940587133169174,0.9768518518518519,0.06083827603746343,0.060838257548985655,0.06121920159569493,0.06096524506071468,4.91
146800,MiceProtein,1080,77,8,0,deep_ensemble,isotonic,0.1,0.27992141246795654,0.04482782632112503,0.9768518518518519,0.02473476197984481,0.028992331414311,0.026660552179371848,0.02679588185784255,0.1150839626789093,0.044940587133169174,0.9768518518518519,0.06083827603746343,0.060838257548985655,0.06121920159569493,0.06096524506071468,4.91
146800,MiceProtein,1080,77,8,0,deep_ensemble,dirichlet,0.1,0.07996083160989971,0.029802925618735897,0.9861111111111112,0.017541765954702856,0.019050971510108122,0.01754176595470277,0.01804483447317125,0.1150839626789093,0.044940587133169174,0.9768518518518519,0.06083827603746343,0.060838257548985655,0.06121920159569493,0.06096524506071468,4.91
146800,MiceProtein,1080,77,8,0,deep_ensemble_m10,none,0.1,0.11590046435594559,0.04836433008313179,0.9768518518518519,0.04975392572857715,0.05119314555216718,0.05115779309912964,0.05070162145995799,0.11590046435594559,0.04836433008313179,0.9768518518518519,0.04975392572857715,0.05119314555216718,0.05115779309912964,0.05070162145995799,10.89
146800,MiceProtein,1080,77,8,0,deep_ensemble_m10,temp,0.1,0.08249760419130325,0.04276721552014351,0.9768518518518519,0.013336205923998777,0.010111168578819009,0.022419943577713392,0.015289106026843727,0.11590046435594559,0.04836433008313179,0.9768518518518519,0.04975392572857715,0.05119314555216718,0.05115779309912964,0.05070162145995799,10.89
146800,MiceProtein,1080,77,8,0,deep_ensemble_m10,logistic,0.1,0.2280104874943273,0.0636733184678459,0.9768518518518519,0.1410370709787427,0.1432808485320175,0.14328084853201756,0.14253292268092593,0.11590046435594559,0.04836433008313179,0.9768518518518519,0.04975392572857715,0.05119314555216718,0.05115779309912964,0.05070162145995799,10.89
146800,MiceProtein,1080,77,8,0,deep_ensemble_m10,isotonic,0.1,0.2867850959300995,0.04786092787981033,0.9675925925925926,0.02810846158751739,0.029489460090796164,0.03347471273607679,0.03035754480479678,0.11590046435594559,0.04836433008313179,0.9768518518518519,0.04975392572857715,0.05119314555216718,0.05115779309912964,0.05070162145995799,10.89
146800,MiceProtein,1080,77,8,0,deep_ensemble_m10,dirichlet,0.1,0.08781246507457892,0.03160009640241918,0.9814814814814815,0.017972773145050764,0.01797277314505078,0.01797277314505064,0.01797277314505073,0.11590046435594559,0.04836433008313179,0.9768518518518519,0.04975392572857715,0.05119314555216718,0.05115779309912964,0.05070162145995799,10.89
146800,MiceProtein,1080,77,8,0,lgbm,none,0.2,0.28371652410202824,0.14208964443197056,0.9027777777777778,0.07878603547828973,0.07516554877355139,0.08649785743949341,0.08014981389711151,0.28371652410202824,0.14208964443197056,0.9027777777777778,0.07878603547828973,0.07516554877355139,0.08649785743949341,0.08014981389711151,1.12
146800,MiceProtein,1080,77,8,0,lgbm,temp,0.2,0.2530871033668518,0.13875876367092133,0.9027777777777778,0.019731447376586737,0.05431907872358958,0.040636869768301644,0.03822913195615932,0.28371652410202824,0.14208964443197056,0.9027777777777778,0.07878603547828973,0.07516554877355139,0.08649785743949341,0.08014981389711151,1.12
146800,MiceProtein,1080,77,8,0,lgbm,logistic,0.2,0.41294010138919285,0.1628198204613633,0.9027777777777778,0.13952226256071756,0.1552059938128758,0.1638882514444951,0.15287216927269615,0.28371652410202824,0.14208964443197056,0.9027777777777778,0.07878603547828973,0.07516554877355139,0.08649785743949341,0.08014981389711151,1.12
146800,MiceProtein,1080,77,8,0,lgbm,isotonic,0.2,0.41240396595183987,0.1335431074461297,0.9027777777777778,0.053669587360845955,0.053405974852901626,0.06094897352689311,0.05600817858021356,0.28371652410202824,0.14208964443197056,0.9027777777777778,0.07878603547828973,0.07516554877355139,0.08649785743949341,0.08014981389711151,1.12
146800,MiceProtein,1080,77,8,0,lgbm,dirichlet,0.2,0.258476161681694,0.1185631838429993,0.9351851851851852,0.050158504338405636,0.052041048626584444,0.059824134381512024,0.054007895782167366,0.28371652410202824,0.14208964443197056,0.9027777777777778,0.07878603547828973,0.07516554877355139,0.08649785743949341,0.08014981389711151,1.12
146800,MiceProtein,1080,77,8,0,xgboost,none,0.2,0.2884403467178345,0.13958291709423065,0.9074074074074074,0.06767727917543165,0.07390947639942169,0.08062243475406258,0.07406973010963865,0.2884403467178345,0.13958291709423065,0.9074074074074074,0.06767727917543165,0.07390947639942169,0.08062243475406258,0.07406973010963865,4.4
146800,MiceProtein,1080,77,8,0,xgboost,temp,0.2,0.2351197898387909,0.13114729523658752,0.9074074074074074,0.015915831206021504,0.023188653919431895,0.0356700704605491,0.02492485186200083,0.2884403467178345,0.13958291709423065,0.9074074074074074,0.06767727917543165,0.07390947639942169,0.08062243475406258,0.07406973010963865,4.4
146800,MiceProtein,1080,77,8,0,xgboost,logistic,0.2,0.4031540182407396,0.15730133043164715,0.9120370370370371,0.15743749106485988,0.15473621294675272,0.15743749106485996,0.15653706502549083,0.2884403467178345,0.13958291709423065,0.9074074074074074,0.06767727917543165,0.07390947639942169,0.08062243475406258,0.07406973010963865,4.4
146800,MiceProtein,1080,77,8,0,xgboost,isotonic,0.2,0.6298823356628418,0.13594211637973785,0.9120370370370371,0.047000365952650724,0.06105366514788735,0.06074184317279746,0.056265291424445175,0.2884403467178345,0.13958291709423065,0.9074074074074074,0.06767727917543165,0.07390947639942169,0.08062243475406258,0.07406973010963865,4.4
146800,MiceProtein,1080,77,8,0,xgboost,dirichlet,0.2,0.24169877237171422,0.08281803450958027,0.9490740740740741,0.0384616785159739,0.03848214261509454,0.04209059220010339,0.039678137777057275,0.2884403467178345,0.13958291709423065,0.9074074074074074,0.06767727917543165,0.07390947639942169,0.08062243475406258,0.07406973010963865,4.4
146800,MiceProtein,1080,77,8,0,catboost,none,0.2,0.48043920658093053,0.19407635431149842,0.9398148148148148,0.2780233180429997,0.27802331804299973,0.2780233180429996,0.2780233180429997,0.48043920658093053,0.19407635431149842,0.9398148148148148,0.2780233180429997,0.27802331804299973,0.2780233180429996,0.2780233180429997,14.62
146800,MiceProtein,1080,77,8,0,catboost,temp,0.2,0.17356449365615845,0.08881828188896179,0.9398148148148148,0.03094077110290522,0.033725585512540915,0.03633928492113396,0.03366854717886003,0.48043920658093053,0.19407635431149842,0.9398148148148148,0.2780233180429997,0.27802331804299973,0.2780233180429996,0.2780233180429997,14.62
146800,MiceProtein,1080,77,8,0,catboost,logistic,0.2,0.46120803429725254,0.1741733874597922,0.9537037037037037,0.27377287697573877,0.2737728769757387,0.2737728769757387,0.2737728769757387,0.48043920658093053,0.19407635431149842,0.9398148148148148,0.2780233180429997,0.27802331804299973,0.2780233180429996,0.2780233180429997,14.62
146800,MiceProtein,1080,77,8,0,catboost,isotonic,0.2,0.5012651718626984,0.09738268185850904,0.9444444444444444,0.05150647546368219,0.054983843408329555,0.055814215332048195,0.05410151140135331,0.48043920658093053,0.19407635431149842,0.9398148148148148,0.2780233180429997,0.27802331804299973,0.2780233180429996,0.2780233180429997,14.62
146800,MiceProtein,1080,77,8,0,catboost,dirichlet,0.2,0.2008290436600314,0.09139351914594428,0.9490740740740741,0.04136583665540221,0.04136583665540204,0.04136583665540196,0.04136583665540207,0.48043920658093053,0.19407635431149842,0.9398148148148148,0.2780233180429997,0.27802331804299973,0.2780233180429996,0.2780233180429997,14.62
146800,MiceProtein,1080,77,8,0,single_mlp,none,0.2,0.36120161414146423,0.15177585184574127,0.9120370370370371,0.1471519115622397,0.14285701071774518,0.14985637049432154,0.14662176425810214,0.36120161414146423,0.15177585184574127,0.9120370370370371,0.1471519115622397,0.14285701071774518,0.14985637049432154,0.14662176425810214,0.7
146800,MiceProtein,1080,77,8,0,single_mlp,temp,0.2,0.25071272253990173,0.11613459140062332,0.9120370370370371,0.03500382215888415,0.025104033450285557,0.04229804873466488,0.03413530144794486,0.36120161414146423,0.15177585184574127,0.9120370370370371,0.1471519115622397,0.14285701071774518,0.14985637049432154,0.14662176425810214,0.7
146800,MiceProtein,1080,77,8,0,single_mlp,logistic,0.2,0.41275989767783544,0.153687055609257,0.9259259259259259,0.18823906640083315,0.18823906640083315,0.1893572456908691,0.18861179283084514,0.36120161414146423,0.15177585184574127,0.9120370370370371,0.1471519115622397,0.14285701071774518,0.14985637049432154,0.14662176425810214,0.7
146800,MiceProtein,1080,77,8,0,single_mlp,isotonic,0.2,0.36121800541877747,0.10049591213464737,0.9351851851851852,0.03314368344015541,0.04011653115351993,0.05069175666129146,0.0413173237516556,0.36120161414146423,0.15177585184574127,0.9120370370370371,0.1471519115622397,0.14285701071774518,0.14985637049432154,0.14662176425810214,0.7
146800,MiceProtein,1080,77,8,0,single_mlp,dirichlet,0.2,0.2558298257740833,0.11372400584650601,0.9351851851851852,0.0533062457614045,0.056876642184021796,0.05844055216400168,0.056207813369809324,0.36120161414146423,0.15177585184574127,0.9120370370370371,0.1471519115622397,0.14285701071774518,0.14985637049432154,0.14662176425810214,0.7
146800,MiceProtein,1080,77,8,0,mc_dropout,none,0.2,0.3747307062149048,0.15831193327903748,0.9166666666666666,0.16006201685026836,0.1733327243063185,0.16485565038466896,0.16608346384708528,0.3747307062149048,0.15831193327903748,0.9166666666666666,0.16006201685026836,0.1733327243063185,0.16485565038466896,0.16608346384708528,0.69
146800,MiceProtein,1080,77,8,0,mc_dropout,temp,0.2,0.2267870008945465,0.1124335303902626,0.9166666666666666,0.022544862219580936,0.034792093215165285,0.04934561376770335,0.03556085640081652,0.3747307062149048,0.15831193327903748,0.9166666666666666,0.16006201685026836,0.1733327243063185,0.16485565038466896,0.16608346384708528,0.69
146800,MiceProtein,1080,77,8,0,mc_dropout,logistic,0.2,0.4187385042515289,0.1566635843247908,0.9259259259259259,0.19983375009929194,0.1998337500992919,0.20247767663149605,0.20071505894335998,0.3747307062149048,0.15831193327903748,0.9166666666666666,0.16006201685026836,0.1733327243063185,0.16485565038466896,0.16608346384708528,0.69
146800,MiceProtein,1080,77,8,0,mc_dropout,isotonic,0.2,0.3585044741630554,0.09795624762773514,0.9398148148148148,0.02529367418200884,0.029431428070421595,0.03312616022648637,0.029283754159638936,0.3747307062149048,0.15831193327903748,0.9166666666666666,0.16006201685026836,0.1733327243063185,0.16485565038466896,0.16608346384708528,0.69
146800,MiceProtein,1080,77,8,0,mc_dropout,dirichlet,0.2,0.21643729759530864,0.1062224725276914,0.9444444444444444,0.04817251023786234,0.05065654566464987,0.049469725304016915,0.04943292706884304,0.3747307062149048,0.15831193327903748,0.9166666666666666,0.16006201685026836,0.1733327243063185,0.16485565038466896,0.16608346384708528,0.69
146800,MiceProtein,1080,77,8,0,deep_ensemble_m3,none,0.2,0.35618099570274353,0.14966925978660583,0.9259259259259259,0.14040218459235296,0.1428568501163412,0.14610559838237586,0.14312154436369,0.35618099570274353,0.14966925978660583,0.9259259259259259,0.14040218459235296,0.1428568501163412,0.14610559838237586,0.14312154436369,2.19
146800,MiceProtein,1080,77,8,0,deep_ensemble_m3,temp,0.2,0.27509137988090515,0.1207483634352684,0.9259259259259259,0.02576514112728614,0.04111934646412178,0.02998175306452648,0.03228874688531146,0.35618099570274353,0.14966925978660583,0.9259259259259259,0.14040218459235296,0.1428568501163412,0.14610559838237586,0.14312154436369,2.19
146800,MiceProtein,1080,77,8,0,deep_ensemble_m3,logistic,0.2,0.40234630643478836,0.14900106264564225,0.9259259259259259,0.1745714758903883,0.17574257117892564,0.17725607534565024,0.17585670747165472,0.35618099570274353,0.14966925978660583,0.9259259259259259,0.14040218459235296,0.1428568501163412,0.14610559838237586,0.14312154436369,2.19
146800,MiceProtein,1080,77,8,0,deep_ensemble_m3,isotonic,0.2,0.7628096342086792,0.13785964250564575,0.8981481481481481,0.06709869730251806,0.07003629069637365,0.07217501710962362,0.06977000170283845,0.35618099570274353,0.14966925978660583,0.9259259259259259,0.14040218459235296,0.1428568501163412,0.14610559838237586,0.14312154436369,2.19
146800,MiceProtein,1080,77,8,0,deep_ensemble_m3,dirichlet,0.2,0.29948171886367553,0.1093705202867865,0.9351851851851852,0.05320412426137324,0.05118273369694462,0.0532041242613733,0.05253032740656372,0.35618099570274353,0.14966925978660583,0.9259259259259259,0.14040218459235296,0.1428568501163412,0.14610559838237586,0.14312154436369,2.19
146800,MiceProtein,1080,77,8,0,deep_ensemble,none,0.2,0.35478606820106506,0.14259010553359985,0.9351851851851852,0.15488836886706175,0.1563153537335219,0.15978734567761418,0.15699702275939928,0.35478606820106506,0.14259010553359985,0.9351851851851852,0.15488836886706175,0.1563153537335219,0.15978734567761418,0.15699702275939928,3.43
146800,MiceProtein,1080,77,8,0,deep_ensemble,temp,0.2,0.24432870745658875,0.10100361704826355,0.9351851851851852,0.036394184386288726,0.04975431909163791,0.03639417265852295,0.04084755871214986,0.35478606820106506,0.14259010553359985,0.9351851851851852,0.15488836886706175,0.1563153537335219,0.15978734567761418,0.15699702275939928,3.43
146800,MiceProtein,1080,77,8,0,deep_ensemble,logistic,0.2,0.3861101536564662,0.13839350866164454,0.9398148148148148,0.18923430788457557,0.1892343078845757,0.193508566156048,0.1906590606417331,0.35478606820106506,0.14259010553359985,0.9351851851851852,0.15488836886706175,0.1563153537335219,0.15978734567761418,0.15699702275939928,3.43
146800,MiceProtein,1080,77,8,0,deep_ensemble,isotonic,0.2,0.7146428227424622,0.1078076884150505,0.9444444444444444,0.055382581772627684,0.052148524809766665,0.060231748830389134,0.055920951804261154,0.35478606820106506,0.14259010553359985,0.9351851851851852,0.15488836886706175,0.1563153537335219,0.15978734567761418,0.15699702275939928,3.43
146800,MiceProtein,1080,77,8,0,deep_ensemble,dirichlet,0.2,0.24182044673086972,0.0819390898912128,0.9583333333333334,0.03293358107133125,0.03899623491060833,0.03460136731750441,0.035510394433148,0.35478606820106506,0.14259010553359985,0.9351851851851852,0.15488836886706175,0.1563153537335219,0.15978734567761418,0.15699702275939928,3.43
146800,MiceProtein,1080,77,8,0,deep_ensemble_m10,none,0.2,0.353058397769928,0.14720375835895538,0.9351851851851852,0.15217295785744986,0.15655623859277476,0.15655619651079178,0.15509513098700548,0.353058397769928,0.14720375835895538,0.9351851851851852,0.15217295785744986,0.15655623859277476,0.15655619651079178,0.15509513098700548,7.36
146800,MiceProtein,1080,77,8,0,deep_ensemble_m10,temp,0.2,0.2504465878009796,0.11063604056835175,0.9351851851851852,0.03114554755113746,0.041397054714185255,0.04304587937615534,0.038529493880492684,0.353058397769928,0.14720375835895538,0.9351851851851852,0.15217295785744986,0.15655623859277476,0.15655619651079178,0.15509513098700548,7.36
146800,MiceProtein,1080,77,8,0,deep_ensemble_m10,logistic,0.2,0.39515832359150377,0.14365416084012692,0.9398148148148148,0.19067277969225388,0.19067277969225385,0.1912707064975491,0.19087208862735228,0.353058397769928,0.14720375835895538,0.9351851851851852,0.15217295785744986,0.15655623859277476,0.15655619651079178,0.15509513098700548,7.36
146800,MiceProtein,1080,77,8,0,deep_ensemble_m10,isotonic,0.2,0.7620404362678528,0.13318760693073273,0.9027777777777778,0.0683473516945486,0.06948476947016186,0.07630884261042982,0.07138032125838008,0.353058397769928,0.14720375835895538,0.9351851851851852,0.15217295785744986,0.15655623859277476,0.15655619651079178,0.15509513098700548,7.36
146800,MiceProtein,1080,77,8,0,deep_ensemble_m10,dirichlet,0.2,0.2696885610618613,0.09723417684517088,0.9444444444444444,0.04182810513198465,0.04370388521581415,0.05098951225940227,0.04550716753573369,0.353058397769928,0.14720375835895538,0.9351851851851852,0.15217295785744986,0.15655623859277476,0.15655619651079178,0.15509513098700548,7.36
23,cmc,1473,9,3,0,lgbm,none,0.1,0.9291365003663081,0.5509798027017745,0.5423728813559322,0.047869234746395074,0.05220484768088141,0.06082375557117949,0.05363261266615199,0.9291365003663081,0.5509798027017745,0.5423728813559322,0.047869234746395074,0.05220484768088141,0.06082375557117949,0.05363261266615199,0.09
23,cmc,1473,9,3,0,lgbm,temp,0.1,0.9292737245559692,0.5512366890907288,0.5423728813559322,0.05102480629743157,0.046262093721810046,0.06353354292400813,0.053606814314416586,0.9291365003663081,0.5509798027017745,0.5423728813559322,0.047869234746395074,0.05220484768088141,0.06082375557117949,0.05363261266615199,0.09
23,cmc,1473,9,3,0,lgbm,logistic,0.1,0.9250213902798095,0.5487752849342373,0.5288135593220339,0.05708662810980959,0.05681645035538634,0.06808513386268342,0.06066273744262645,0.9291365003663081,0.5509798027017745,0.5423728813559322,0.047869234746395074,0.05220484768088141,0.06082375557117949,0.05363261266615199,0.09
23,cmc,1473,9,3,0,lgbm,isotonic,0.1,1.1448653733705456,0.5579540291195443,0.5457627118644067,0.04989892225461168,0.07954486336110493,0.06930043909813471,0.06624807490461711,0.9291365003663081,0.5509798027017745,0.5423728813559322,0.047869234746395074,0.05220484768088141,0.06082375557117949,0.05363261266615199,0.09
23,cmc,1473,9,3,0,lgbm,dirichlet,0.1,0.9220437533465072,0.5467577475829509,0.5389830508474577,0.06257790880605052,0.07383292175854149,0.08188565563709521,0.07276549540056242,0.9291365003663081,0.5509798027017745,0.5423728813559322,0.047869234746395074,0.05220484768088141,0.06082375557117949,0.05363261266615199,0.09
23,cmc,1473,9,3,0,xgboost,none,0.1,0.9167298674583435,0.5457417964935303,0.5559322033898305,0.03819077146255365,0.05356205216908859,0.05986803194223824,0.0505402851912935,0.9167298674583435,0.5457417964935303,0.5559322033898305,0.03819077146255365,0.05356205216908859,0.05986803194223824,0.0505402851912935,0.12
23,cmc,1473,9,3,0,xgboost,temp,0.1,0.9153646230697632,0.5445030331611633,0.5559322033898305,0.02935258968401764,0.04256362864526651,0.08738919122744415,0.053101803185576106,0.9167298674583435,0.5457417964935303,0.5559322033898305,0.03819077146255365,0.05356205216908859,0.05986803194223824,0.0505402851912935,0.12
23,cmc,1473,9,3,0,xgboost,logistic,0.1,0.9172769067594199,0.5439924302641661,0.5661016949152542,0.05799596515469183,0.04303682511610941,0.06037748881804659,0.053803426362949276,0.9167298674583435,0.5457417964935303,0.5559322033898305,0.03819077146255365,0.05356205216908859,0.05986803194223824,0.0505402851912935,0.12
23,cmc,1473,9,3,0,xgboost,isotonic,0.1,0.9548608064651489,0.5416030287742615,0.5423728813559322,0.03161882172196597,0.03688038294598208,0.040058956307879964,0.036186053658609336,0.9167298674583435,0.5457417964935303,0.5559322033898305,0.03819077146255365,0.05356205216908859,0.05986803194223824,0.0505402851912935,0.12
23,cmc,1473,9,3,0,xgboost,dirichlet,0.1,0.9076696374482377,0.5386416245402263,0.5694915254237288,0.03714227350429755,0.034160665587403674,0.049470463348495086,0.04025780081339877,0.9167298674583435,0.5457417964935303,0.5559322033898305,0.03819077146255365,0.05356205216908859,0.05986803194223824,0.0505402851912935,0.12
23,cmc,1473,9,3,0,catboost,none,0.1,0.9021193636845964,0.5338237647624662,0.5694915254237288,0.0566706778272113,0.06319466209665667,0.06783570924075204,0.06256701638820666,0.9021193636845964,0.5338237647624662,0.5694915254237288,0.0566706778272113,0.06319466209665667,0.06783570924075204,0.06256701638820666,0.22
23,cmc,1473,9,3,0,catboost,temp,0.1,0.9021139144897461,0.5338218808174133,0.5694915254237288,0.05323134206109127,0.06318127856416217,0.0678302013267905,0.061414273984014646,0.9021193636845964,0.5338237647624662,0.5694915254237288,0.0566706778272113,0.06319466209665667,0.06783570924075204,0.06256701638820666,0.22
23,cmc,1473,9,3,0,catboost,logistic,0.1,0.9080474397221686,0.5365953010979214,0.5661016949152542,0.04789758434838845,0.04780297271728427,0.05070742344987697,0.0488026601718499,0.9021193636845964,0.5338237647624662,0.5694915254237288,0.0566706778272113,0.06319466209665667,0.06783570924075204,0.06256701638820666,0.22
23,cmc,1473,9,3,0,catboost,isotonic,0.1,0.8950669142427568,0.5330427913198088,0.5627118644067797,0.025739534573426114,0.06167499749536884,0.04347366569586003,0.043629399254884994,0.9021193636845964,0.5338237647624662,0.5694915254237288,0.0566706778272113,0.06319466209665667,0.06783570924075204,0.06256701638820666,0.22
23,cmc,1473,9,3,0,catboost,dirichlet,0.1,0.8965193860444095,0.5306057024156738,0.5898305084745763,0.029608709965462304,0.04487909840935354,0.05333253739008167,0.0426067819216325,0.9021193636845964,0.5338237647624662,0.5694915254237288,0.0566706778272113,0.06319466209665667,0.06783570924075204,0.06256701638820666,0.22
23,cmc,1473,9,3,0,single_mlp,none,0.1,0.9197602868080139,0.5382754802703857,0.5796610169491525,0.060200555445784225,0.06057469794305704,0.08028608530254688,0.06702044623046272,0.9197602868080139,0.5382754802703857,0.5796610169491525,0.060200555445784225,0.06057469794305704,0.08028608530254688,0.06702044623046272,0.49
23,cmc,1473,9,3,0,single_mlp,temp,0.1,0.9207451343536377,0.5397962927818298,0.5796610169491525,0.0691636174412097,0.07448630939095707,0.09013777284298911,0.07792923322505196,0.9197602868080139,0.5382754802703857,0.5796610169491525,0.060200555445784225,0.06057469794305704,0.08028608530254688,0.06702044623046272,0.49
23,cmc,1473,9,3,0,single_mlp,logistic,0.1,0.9219623365827821,0.5436047330226476,0.5694915254237288,0.049903093464140416,0.05167930528343083,0.06629147463988518,0.0559579577958188,0.9197602868080139,0.5382754802703857,0.5796610169491525,0.060200555445784225,0.06057469794305704,0.08028608530254688,0.06702044623046272,0.49
23,cmc,1473,9,3,0,single_mlp,isotonic,0.1,1.1967934370040894,0.5540313720703125,0.5559322033898305,0.06006078507940647,0.05876732054403274,0.07594765859135129,0.0649252547382635,0.9197602868080139,0.5382754802703857,0.5796610169491525,0.060200555445784225,0.06057469794305704,0.08028608530254688,0.06702044623046272,0.49
23,cmc,1473,9,3,0,single_mlp,dirichlet,0.1,0.9135806610960444,0.5374975332197998,0.5796610169491525,0.05434032933245365,0.06630283632940916,0.057341952866118796,0.059328372842660536,0.9197602868080139,0.5382754802703857,0.5796610169491525,0.060200555445784225,0.06057469794305704,0.08028608530254688,0.06702044623046272,0.49
23,cmc,1473,9,3,0,mc_dropout,none,0.1,0.9207707643508911,0.5386675596237183,0.576271186440678,0.05896924370426245,0.05385195218910607,0.06340222631470632,0.058741140736024954,0.9207707643508911,0.5386675596237183,0.576271186440678,0.05896924370426245,0.05385195218910607,0.06340222631470632,0.058741140736024954,0.51
23,cmc,1473,9,3,0,mc_dropout,temp,0.1,0.9215477108955383,0.5398237109184265,0.576271186440678,0.07257823277327972,0.06145539112010243,0.07617090637401,0.07006817675579739,0.9207707643508911,0.5386675596237183,0.576271186440678,0.05896924370426245,0.05385195218910607,0.06340222631470632,0.058741140736024954,0.51
23,cmc,1473,9,3,0,mc_dropout,logistic,0.1,0.9229902677085925,0.5440785389682818,0.5627118644067797,0.06268183587307123,0.08529192239464659,0.0849991419270155,0.07765763339824444,0.9207707643508911,0.5386675596237183,0.576271186440678,0.05896924370426245,0.05385195218910607,0.06340222631470632,0.058741140736024954,0.51
23,cmc,1473,9,3,0,mc_dropout,isotonic,0.1,1.1942896842956543,0.5514222383499146,0.5525423728813559,0.08214796064263681,0.07974956783197693,0.09889814075777087,0.0869318897441282,0.9207707643508911,0.5386675596237183,0.576271186440678,0.05896924370426245,0.05385195218910607,0.06340222631470632,0.058741140736024954,0.51
23,cmc,1473,9,3,0,mc_dropout,dirichlet,0.1,0.9146656950491006,0.5377272968002641,0.5694915254237288,0.05657482670350058,0.06729894125744666,0.058348496354162414,0.060740754771703216,0.9207707643508911,0.5386675596237183,0.576271186440678,0.05896924370426245,0.05385195218910607,0.06340222631470632,0.058741140736024954,0.51
23,cmc,1473,9,3,0,deep_ensemble_m3,none,0.1,0.9193146228790283,0.5390713214874268,0.5491525423728814,0.06756194648096116,0.06720726702172876,0.06880658359850865,0.06785859903373286,0.9193146228790283,0.5390713214874268,0.5491525423728814,0.06756194648096116,0.06720726702172876,0.06880658359850865,0.06785859903373286,1.58
23,cmc,1473,9,3,0,deep_ensemble_m3,temp,0.1,0.919314444065094,0.5390709042549133,0.5491525423728814,0.06755963786173674,0.06720606038125894,0.06880550283496663,0.06785706702598743,0.9193146228790283,0.5390713214874268,0.5491525423728814,0.06756194648096116,0.06720726702172876,0.06880658359850865,0.06785859903373286,1.58
23,cmc,1473,9,3,0,deep_ensemble_m3,logistic,0.1,0.9181541056701176,0.5414378334695626,0.5457627118644067,0.07827611622071118,0.08043460949308878,0.10310224703278298,0.08727099091552765,0.9193146228790283,0.5390713214874268,0.5491525423728814,0.06756194648096116,0.06720726702172876,0.06880658359850865,0.06785859903373286,1.58
23,cmc,1473,9,3,0,deep_ensemble_m3,isotonic,0.1,1.1759603023529053,0.5425606966018677,0.5525423728813559,0.05440487972760606,0.05671237252526363,0.05901964054269305,0.056712297598520915,0.9193146228790283,0.5390713214874268,0.5491525423728814,0.06756194648096116,0.06720726702172876,0.06880658359850865,0.06785859903373286,1.58
23,cmc,1473,9,3,0,deep_ensemble_m3,dirichlet,0.1,0.9061777457127818,0.5327410943157613,0.5728813559322034,0.026870542175119236,0.08716688321400413,0.08531796672004568,0.06645179736972302,0.9193146228790283,0.5390713214874268,0.5491525423728814,0.06756194648096116,0.06720726702172876,0.06880658359850865,0.06785859903373286,1.58
23,cmc,1473,9,3,0,deep_ensemble,none,0.1,0.9201170802116394,0.5396130681037903,0.559322033898305,0.05468044422440609,0.05941428501727218,0.07402035391936869,0.06270502772034899,0.9201170802116394,0.5396130681037903,0.559322033898305,0.05468044422440609,0.05941428501727218,0.07402035391936869,0.06270502772034899,3.28
23,cmc,1473,9,3,0,deep_ensemble,temp,0.1,0.9196057319641113,0.5389262437820435,0.559322033898305,0.06120097819021191,0.07324637619115536,0.07762254628084472,0.07068996688740399,0.9201170802116394,0.5396130681037903,0.559322033898305,0.05468044422440609,0.05941428501727218,0.07402035391936869,0.06270502772034899,3.28
23,cmc,1473,9,3,0,deep_ensemble,logistic,0.1,0.9188928386477765,0.5418497808356104,0.5423728813559322,0.07186661148641907,0.0685197972386476,0.08210446564821061,0.07416362479109243,0.9201170802116394,0.5396130681037903,0.559322033898305,0.05468044422440609,0.05941428501727218,0.07402035391936869,0.06270502772034899,3.28
23,cmc,1473,9,3,0,deep_ensemble,isotonic,0.1,1.1797471046447754,0.5439121127128601,0.535593220338983,0.06862875607054116,0.06700466497469756,0.08154054728604977,0.07239132277709616,0.9201170802116394,0.5396130681037903,0.559322033898305,0.05468044422440609,0.05941428501727218,0.07402035391936869,0.06270502772034899,3.28
23,cmc,1473,9,3,0,deep_ensemble,dirichlet,0.1,0.9071649079566524,0.5324865722486803,0.5627118644067797,0.029267673394293103,0.0626495900437065,0.09960399186203915,0.06384041843334626,0.9201170802116394,0.5396130681037903,0.559322033898305,0.05468044422440609,0.05941428501727218,0.07402035391936869,0.06270502772034899,3.28
23,cmc,1473,9,3,0,deep_ensemble_m10,none,0.1,0.9208154678344727,0.5405197739601135,0.535593220338983,0.08953740212876919,0.09714158308708062,0.09012323981624538,0.09226740834403173,0.9208154678344727,0.5405197739601135,0.535593220338983,0.08953740212876919,0.09714158308708062,0.09012323981624538,0.09226740834403173,4.87
23,cmc,1473,9,3,0,deep_ensemble_m10,temp,0.1,0.9188778400421143,0.5382549166679382,0.535593220338983,0.0828429550437604,0.0724524460606656,0.09871075951446923,0.08466872020629841,0.9208154678344727,0.5405197739601135,0.535593220338983,0.08953740212876919,0.09714158308708062,0.09012323981624538,0.09226740834403173,4.87
23,cmc,1473,9,3,0,deep_ensemble_m10,logistic,0.1,0.9184019025081367,0.5415168838070801,0.5457627118644067,0.06767522853585796,0.06746077774575687,0.071098869158948,0.0687449584801876,0.9208154678344727,0.5405197739601135,0.535593220338983,0.08953740212876919,0.09714158308708062,0.09012323981624538,0.09226740834403173,4.87
23,cmc,1473,9,3,0,deep_ensemble_m10,isotonic,0.1,1.179211139678955,0.5416144132614136,0.5288135593220339,0.08070087240914167,0.10291902827004257,0.09168937276985688,0.09176975781634704,0.9208154678344727,0.5405197739601135,0.535593220338983,0.08953740212876919,0.09714158308708062,0.09012323981624538,0.09226740834403173,4.87
23,cmc,1473,9,3,0,deep_ensemble_m10,dirichlet,0.1,0.9054523344723922,0.5308457795822166,0.5559322033898305,0.040940161139123445,0.07025493676010314,0.09523917869339253,0.06881142553087304,0.9208154678344727,0.5405197739601135,0.535593220338983,0.08953740212876919,0.09714158308708062,0.09012323981624538,0.09226740834403173,4.87
23,cmc,1473,9,3,0,lgbm,none,0.2,0.9489323338497778,0.5608659282172973,0.535593220338983,0.036679848181927224,0.05314327469051169,0.05744112710658834,0.04908808332634241,0.9489323338497778,0.5608659282172973,0.535593220338983,0.036679848181927224,0.05314327469051169,0.05744112710658834,0.04908808332634241,0.09
23,cmc,1473,9,3,0,lgbm,temp,0.2,0.9488762021064758,0.560803234577179,0.535593220338983,0.03779499904584076,0.05491428304526765,0.06564933667748662,0.05278620625619834,0.9489323338497778,0.5608659282172973,0.535593220338983,0.036679848181927224,0.05314327469051169,0.05744112710658834,0.04908808332634241,0.09
23,cmc,1473,9,3,0,lgbm,logistic,0.2,0.9417923544995088,0.5595397012255737,0.5322033898305085,0.0503832722377898,0.05293618812545187,0.05038327223778982,0.05123424420034384,0.9489323338497778,0.5608659282172973,0.535593220338983,0.036679848181927224,0.05314327469051169,0.05744112710658834,0.04908808332634241,0.09
23,cmc,1473,9,3,0,lgbm,isotonic,0.2,1.25881245676422,0.5640618898667102,0.5186440677966102,0.061153951933662604,0.05649942855424905,0.06724544224801278,0.06163294091197482,0.9489323338497778,0.5608659282172973,0.535593220338983,0.036679848181927224,0.05314327469051169,0.05744112710658834,0.04908808332634241,0.09
23,cmc,1473,9,3,0,lgbm,dirichlet,0.2,0.9420624475278346,0.561290122521994,0.511864406779661,0.05672851497447356,0.0603126362711168,0.05992698906479455,0.058989380103461636,0.9489323338497778,0.5608659282172973,0.535593220338983,0.036679848181927224,0.05314327469051169,0.05744112710658834,0.04908808332634241,0.09
23,cmc,1473,9,3,0,xgboost,none,0.2,0.942213773727417,0.5590959787368774,0.5423728813559322,0.059713732388059965,0.08130184977741567,0.08918717756109723,0.07673425324219095,0.942213773727417,0.5590959787368774,0.5423728813559322,0.059713732388059965,0.08130184977741567,0.08918717756109723,0.07673425324219095,0.1
23,cmc,1473,9,3,0,xgboost,temp,0.2,0.932976245880127,0.5538666844367981,0.5423728813559322,0.07323794445749057,0.0786179897138628,0.08583693120439172,0.07923095512524836,0.942213773727417,0.5590959787368774,0.5423728813559322,0.059713732388059965,0.08130184977741567,0.08918717756109723,0.07673425324219095,0.1
23,cmc,1473,9,3,0,xgboost,logistic,0.2,0.9413612329224009,0.5584145134257251,0.535593220338983,0.07084886975140134,0.06728759374219577,0.07551695341000503,0.07121780563453405,0.942213773727417,0.5590959787368774,0.5423728813559322,0.059713732388059965,0.08130184977741567,0.08918717756109723,0.07673425324219095,0.1
23,cmc,1473,9,3,0,xgboost,isotonic,0.2,1.082785964012146,0.5584847331047058,0.5254237288135594,0.03364860839762933,0.04186739739725145,0.039151377294023175,0.03822246102963465,0.942213773727417,0.5590959787368774,0.5423728813559322,0.059713732388059965,0.08130184977741567,0.08918717756109723,0.07673425324219095,0.1
23,cmc,1473,9,3,0,xgboost,dirichlet,0.2,0.9312794668597566,0.5533556637993212,0.5457627118644067,0.06495891215267337,0.07598726493993062,0.07851846794330422,0.07315488167863607,0.942213773727417,0.5590959787368774,0.5423728813559322,0.059713732388059965,0.08130184977741567,0.08918717756109723,0.07673425324219095,0.1
23,cmc,1473,9,3,0,catboost,none,0.2,0.9360450254144326,0.5523488980184668,0.559322033898305,0.06301283743611616,0.06301283743611616,0.06301283743611619,0.06301283743611617,0.9360450254144326,0.5523488980184668,0.559322033898305,0.06301283743611616,0.06301283743611616,0.06301283743611619,0.06301283743611617,0.14
23,cmc,1473,9,3,0,catboost,temp,0.2,0.928326427936554,0.5462417602539062,0.559322033898305,0.03295479194592621,0.05937384892318209,0.07660191412699426,0.05631018499870085,0.9360450254144326,0.5523488980184668,0.559322033898305,0.06301283743611616,0.06301283743611616,0.06301283743611619,0.06301283743611617,0.14
23,cmc,1473,9,3,0,catboost,logistic,0.2,0.9286665743382982,0.549380736346952,0.5457627118644067,0.05040193392059904,0.04708551998219363,0.051377265179871144,0.04962157302755461,0.9360450254144326,0.5523488980184668,0.559322033898305,0.06301283743611616,0.06301283743611616,0.06301283743611619,0.06301283743611617,0.14
23,cmc,1473,9,3,0,catboost,isotonic,0.2,1.193589884345324,0.5518250351383898,0.576271186440678,0.04732013100405047,0.06278352540614676,0.060075058707982784,0.05672623837272667,0.9360450254144326,0.5523488980184668,0.559322033898305,0.06301283743611616,0.06301283743611616,0.06301283743611619,0.06301283743611617,0.14
23,cmc,1473,9,3,0,catboost,dirichlet,0.2,0.9282592510928844,0.5479166313177353,0.5627118644067797,0.024474393686944696,0.03480156814955915,0.06635391291349893,0.04187662491666758,0.9360450254144326,0.5523488980184668,0.559322033898305,0.06301283743611616,0.06301283743611616,0.06301283743611619,0.06301283743611617,0.14
23,cmc,1473,9,3,0,single_mlp,none,0.2,0.9739105701446533,0.5714578032493591,0.5457627118644067,0.05598085158962315,0.07146390646190967,0.0692069069813874,0.06555055501097341,0.9739105701446533,0.5714578032493591,0.5457627118644067,0.05598085158962315,0.07146390646190967,0.0692069069813874,0.06555055501097341,0.49
23,cmc,1473,9,3,0,single_mlp,temp,0.2,0.9744151830673218,0.5707748532295227,0.5457627118644067,0.05695774676436086,0.07695505709971412,0.08641646514504642,0.07344308966970713,0.9739105701446533,0.5714578032493591,0.5457627118644067,0.05598085158962315,0.07146390646190967,0.0692069069813874,0.06555055501097341,0.49
23,cmc,1473,9,3,0,single_mlp,logistic,0.2,0.9604023411840115,0.5689379494514675,0.5288135593220339,0.04760460629022326,0.040657028327173876,0.06333424468495456,0.05053195976745056,0.9739105701446533,0.5714578032493591,0.5457627118644067,0.05598085158962315,0.07146390646190967,0.0692069069813874,0.06555055501097341,0.49
23,cmc,1473,9,3,0,single_mlp,isotonic,0.2,1.252677083015442,0.5832062363624573,0.5423728813559322,0.06760798369423818,0.06636731250811433,0.07811306452347062,0.07069612024194104,0.9739105701446533,0.5714578032493591,0.5457627118644067,0.05598085158962315,0.07146390646190967,0.0692069069813874,0.06555055501097341,0.49
23,cmc,1473,9,3,0,single_mlp,dirichlet,0.2,0.9671962702742778,0.5678526666086375,0.559322033898305,0.04182345213426583,0.08147419745671196,0.09984326108209986,0.07438030355769255,0.9739105701446533,0.5714578032493591,0.5457627118644067,0.05598085158962315,0.07146390646190967,0.0692069069813874,0.06555055501097341,0.49
23,cmc,1473,9,3,0,mc_dropout,none,0.2,0.9729119539260864,0.5708356499671936,0.5525423728813559,0.07852187570879016,0.08771970514523782,0.08769295357041439,0.08464484480814745,0.9729119539260864,0.5708356499671936,0.5525423728813559,0.07852187570879016,0.08771970514523782,0.08769295357041439,0.08464484480814745,0.49
23,cmc,1473,9,3,0,mc_dropout,temp,0.2,0.9735430479049683,0.5696792006492615,0.5525423728813559,0.06988490385524296,0.07414849956156842,0.09083858687998886,0.07829066343226675,0.9729119539260864,0.5708356499671936,0.5525423728813559,0.07852187570879016,0.08771970514523782,0.08769295357041439,0.08464484480814745,0.49
23,cmc,1473,9,3,0,mc_dropout,logistic,0.2,0.9606600202949296,0.5690139631803893,0.535593220338983,0.06377453407904463,0.05000376437825613,0.06877479029441244,0.0608510295839044,0.9729119539260864,0.5708356499671936,0.5525423728813559,0.07852187570879016,0.08771970514523782,0.08769295357041439,0.08464484480814745,0.49
23,cmc,1473,9,3,0,mc_dropout,isotonic,0.2,1.1938819885253906,0.5800638198852539,0.5627118644067797,0.06390726071293074,0.049738803758459585,0.07128605428388562,0.06164403958509198,0.9729119539260864,0.5708356499671936,0.5525423728813559,0.07852187570879016,0.08771970514523782,0.08769295357041439,0.08464484480814745,0.49
23,cmc,1473,9,3,0,mc_dropout,dirichlet,0.2,0.9673454036457433,0.567553715852408,0.559322033898305,0.03485417680454208,0.06801301786519073,0.08105992780428463,0.06130904082467248,0.9729119539260864,0.5708356499671936,0.5525423728813559,0.07852187570879016,0.08771970514523782,0.08769295357041439,0.08464484480814745,0.49
23,cmc,1473,9,3,0,deep_ensemble_m3,none,0.2,0.9711974263191223,0.5724197626113892,0.5389830508474577,0.05184450493020526,0.04349473159191973,0.06653251082210217,0.05395724911474239,0.9711974263191223,0.5724197626113892,0.5389830508474577,0.05184450493020526,0.04349473159191973,0.06653251082210217,0.05395724911474239,1.5
23,cmc,1473,9,3,0,deep_ensemble_m3,temp,0.2,0.9711213707923889,0.5699452757835388,0.5389830508474577,0.030818775548773315,0.05953495098372637,0.0951973678702015,0.06185036480090039,0.9711974263191223,0.5724197626113892,0.5389830508474577,0.05184450493020526,0.04349473159191973,0.06653251082210217,0.05395724911474239,1.5
23,cmc,1473,9,3,0,deep_ensemble_m3,logistic,0.2,0.9604140382732061,0.5694164855766543,0.5254237288135594,0.04365075509993152,0.05836830982812055,0.04782339197549925,0.04994748563451711,0.9711974263191223,0.5724197626113892,0.5389830508474577,0.05184450493020526,0.04349473159191973,0.06653251082210217,0.05395724911474239,1.5
23,cmc,1473,9,3,0,deep_ensemble_m3,isotonic,0.2,1.1318113803863525,0.5717275738716125,0.5559322033898305,0.05142881819757367,0.04842024980965306,0.06884307618868553,0.056230714731970756,0.9711974263191223,0.5724197626113892,0.5389830508474577,0.05184450493020526,0.04349473159191973,0.06653251082210217,0.05395724911474239,1.5
23,cmc,1473,9,3,0,deep_ensemble_m3,dirichlet,0.2,0.9624868165408661,0.5665194018437566,0.5423728813559322,0.059665937955414056,0.050054156355388436,0.07207661991664427,0.06059890474248225,0.9711974263191223,0.5724197626113892,0.5389830508474577,0.05184450493020526,0.04349473159191973,0.06653251082210217,0.05395724911474239,1.5
23,cmc,1473,9,3,0,deep_ensemble,none,0.2,0.9687754511833191,0.5712981820106506,0.5389830508474577,0.061517625339960656,0.06610634337037297,0.07168349805524794,0.06643582225519386,0.9687754511833191,0.5712981820106506,0.5389830508474577,0.061517625339960656,0.06610634337037297,0.07168349805524794,0.06643582225519386,2.39
23,cmc,1473,9,3,0,deep_ensemble,temp,0.2,0.9684001207351685,0.5679940581321716,0.5389830508474577,0.041019044084064024,0.05746300129567163,0.08606233010857793,0.061514791829437865,0.9687754511833191,0.5712981820106506,0.5389830508474577,0.061517625339960656,0.06610634337037297,0.07168349805524794,0.06643582225519386,2.39
23,cmc,1473,9,3,0,deep_ensemble,logistic,0.2,0.9590919099948576,0.5682172378505251,0.535593220338983,0.04914984479883577,0.04616330732625831,0.053317177497046654,0.049543443207380244,0.9687754511833191,0.5712981820106506,0.5389830508474577,0.061517625339960656,0.06610634337037297,0.07168349805524794,0.06643582225519386,2.39
23,cmc,1473,9,3,0,deep_ensemble,isotonic,0.2,1.1439917087554932,0.5749278664588928,0.5457627118644067,0.04189810732663689,0.040537343388896876,0.05620119672710613,0.0462122158142133,0.9687754511833191,0.5712981820106506,0.5389830508474577,0.061517625339960656,0.06610634337037297,0.07168349805524794,0.06643582225519386,2.39
23,cmc,1473,9,3,0,deep_ensemble,dirichlet,0.2,0.9603203589038918,0.5641101529735456,0.5389830508474577,0.05552820685576583,0.06540827628133844,0.057666883230295354,0.05953445545579988,0.9687754511833191,0.5712981820106506,0.5389830508474577,0.061517625339960656,0.06610634337037297,0.07168349805524794,0.06643582225519386,2.39
23,cmc,1473,9,3,0,deep_ensemble_m10,none,0.2,0.9637221693992615,0.5681917071342468,0.5288135593220339,0.08503847819263649,0.06127606145406173,0.08591986813787689,0.07741146926152503,0.9637221693992615,0.5681917071342468,0.5288135593220339,0.08503847819263649,0.06127606145406173,0.08591986813787689,0.07741146926152503,4.79
23,cmc,1473,9,3,0,deep_ensemble_m10,temp,0.2,0.9625584483146667,0.5640812516212463,0.5288135593220339,0.05125145811145587,0.06552212814153249,0.07785882060810674,0.06487746895369838,0.9637221693992615,0.5681917071342468,0.5288135593220339,0.08503847819263649,0.06127606145406173,0.08591986813787689,0.07741146926152503,4.79
23,cmc,1473,9,3,0,deep_ensemble_m10,logistic,0.2,0.9542661405635798,0.5652114488428683,0.5254237288135594,0.04577503395430496,0.08099431591915543,0.08952458178851024,0.07209797722065688,0.9637221693992615,0.5681917071342468,0.5288135593220339,0.08503847819263649,0.06127606145406173,0.08591986813787689,0.07741146926152503,4.79
23,cmc,1473,9,3,0,deep_ensemble_m10,isotonic,0.2,1.1771432161331177,0.568092405796051,0.5661016949152542,0.062166334713919705,0.0668147101240643,0.06645763789193104,0.06514622757663835,0.9637221693992615,0.5681917071342468,0.5288135593220339,0.08503847819263649,0.06127606145406173,0.08591986813787689,0.07741146926152503,4.79
23,cmc,1473,9,3,0,deep_ensemble_m10,dirichlet,0.2,0.9540639230561493,0.559693416514372,0.5491525423728814,0.03532342563460585,0.05464679673934835,0.05376098243030375,0.047910401601419315,0.9637221693992615,0.5681917071342468,0.5288135593220339,0.08503847819263649,0.06127606145406173,0.08591986813787689,0.07741146926152503,4.79
14970,har,10299,561,6,0,lgbm,none,0.1,0.04171472860593668,0.020971314547870906,0.987378640776699,0.008179425286888935,0.007652105562273111,0.008952144981422838,0.008261225276861628,0.04171472860593668,0.020971314547870906,0.987378640776699,0.008179425286888935,0.007652105562273111,0.008952144981422838,0.008261225276861628,23.12
14970,har,10299,561,6,0,lgbm,temp,0.1,0.03868319094181061,0.02076798677444458,0.987378640776699,0.0034729865569512416,0.0038336602808201866,0.0062855660481360605,0.00453073762863583,0.04171472860593668,0.020971314547870906,0.987378640776699,0.008179425286888935,0.007652105562273111,0.008952144981422838,0.008261225276861628,23.12
14970,har,10299,561,6,0,lgbm,logistic,0.1,0.05823418231507112,0.021538663608386674,0.9868932038834951,0.018777073477651958,0.021429235628841078,0.021584899984770485,0.020597069697087838,0.04171472860593668,0.020971314547870906,0.987378640776699,0.008179425286888935,0.007652105562273111,0.008952144981422838,0.008261225276861628,23.12
14970,har,10299,561,6,0,lgbm,isotonic,0.1,0.056221975513807074,0.020667518768757276,0.987378640776699,0.0038595211655441126,0.0052153539330071375,0.00444071333227036,0.004505196143607203,0.04171472860593668,0.020971314547870906,0.987378640776699,0.008179425286888935,0.007652105562273111,0.008952144981422838,0.008261225276861628,23.12
14970,har,10299,561,6,0,lgbm,dirichlet,0.1,0.04026962603117457,0.019723529677945984,0.9864077669902913,0.003412772131447009,0.003424396154951626,0.004303551887082179,0.003713573391160271,0.04171472860593668,0.020971314547870906,0.987378640776699,0.008179425286888935,0.007652105562273111,0.008952144981422838,0.008261225276861628,23.12
14970,har,10299,561,6,0,xgboost,none,0.1,0.04605832323431969,0.020839616656303406,0.9864077669902913,0.013748205691865394,0.01430099560219111,0.014317853835601298,0.014122351709885933,0.04605832323431969,0.020839616656303406,0.9864077669902913,0.013748205691865394,0.01430099560219111,0.014317853835601298,0.014122351709885933,71.01
14970,har,10299,561,6,0,xgboost,temp,0.1,0.037216439843177795,0.01983596943318844,0.9864077669902913,0.004718430224552841,0.00602554404041147,0.007566446051435602,0.006103473438799971,0.04605832323431969,0.020839616656303406,0.9864077669902913,0.013748205691865394,0.01430099560219111,0.014317853835601298,0.014122351709885933,71.01
14970,har,10299,561,6,0,xgboost,logistic,0.1,0.054102110930802236,0.020222640361519852,0.9864077669902913,0.016022367416904378,0.022845323161649975,0.020731126382969513,0.019866272320507954,0.04605832323431969,0.020839616656303406,0.9864077669902913,0.013748205691865394,0.01430099560219111,0.014317853835601298,0.014122351709885933,71.01
14970,har,10299,561,6,0,xgboost,isotonic,0.1,0.06332532316446304,0.020691903308033943,0.9864077669902913,0.0037870604291703174,0.004117597567225004,0.005045916255816665,0.0043168580840706626,0.04605832323431969,0.020839616656303406,0.9864077669902913,0.013748205691865394,0.01430099560219111,0.014317853835601298,0.014122351709885933,71.01
14970,har,10299,561,6,0,xgboost,dirichlet,0.1,0.03793514558930744,0.01941661560119601,0.9864077669902913,0.003178818951337761,0.003352598845683182,0.003948719459207966,0.003493379085409637,0.04605832323431969,0.020839616656303406,0.9864077669902913,0.013748205691865394,0.01430099560219111,0.014317853835601298,0.014122351709885933,71.01
14970,har,10299,561,6,0,catboost,none,0.1,0.18298951751123094,0.0622652431359213,0.9689320388349515,0.11216012364149473,0.11216012364149476,0.11216012364149473,0.11216012364149475,0.18298951751123094,0.0622652431359213,0.9689320388349515,0.11216012364149473,0.11216012364149476,0.11216012364149473,0.11216012364149475,96.04
14970,har,10299,561,6,0,catboost,temp,0.1,0.07587531954050064,0.041255030781030655,0.9689320388349515,0.01321803918741286,0.01578937802210595,0.015940947931947093,0.014982788380488632,0.18298951751123094,0.0622652431359213,0.9689320388349515,0.11216012364149473,0.11216012364149476,0.11216012364149473,0.11216012364149475,96.04
14970,har,10299,561,6,0,catboost,logistic,0.1,0.09074206104298232,0.04187003223365697,0.9689320388349515,0.021261973951357423,0.022161704760783434,0.023612777766622885,0.022345485492921247,0.18298951751123094,0.0622652431359213,0.9689320388349515,0.11216012364149473,0.11216012364149476,0.11216012364149473,0.11216012364149475,96.04
14970,har,10299,561,6,0,catboost,isotonic,0.1,0.08567129759841162,0.041034548265473855,0.9684466019417476,0.004507513568617812,0.007410812866059758,0.01030941027088379,0.007409245568520454,0.18298951751123094,0.0622652431359213,0.9689320388349515,0.11216012364149473,0.11216012364149476,0.11216012364149473,0.11216012364149475,96.04
14970,har,10299,561,6,0,catboost,dirichlet,0.1,0.06763862930358631,0.038592407897187125,0.970873786407767,0.009538207675127183,0.012324745899733704,0.013425211534650037,0.011762721703170309,0.18298951751123094,0.0622652431359213,0.9689320388349515,0.11216012364149473,0.11216012364149476,0.11216012364149473,0.11216012364149475,96.04
14970,har,10299,561,6,0,single_mlp,none,0.1,0.11150307953357697,0.0509510338306427,0.9684466019417476,0.026386991099825167,0.026087300146667665,0.02717282675134329,0.026549039332612042,0.11150307953357697,0.0509510338306427,0.9684466019417476,0.026386991099825167,0.026087300146667665,0.02717282675134329,0.026549039332612042,4.78
14970,har,10299,561,6,0,single_mlp,temp,0.1,0.09889676421880722,0.048087507486343384,0.9684466019417476,0.005599163588389656,0.007498494919063973,0.008391470179974497,0.007163042895809375,0.11150307953357697,0.0509510338306427,0.9684466019417476,0.026386991099825167,0.026087300146667665,0.02717282675134329,0.026549039332612042,4.78
14970,har,10299,561,6,0,single_mlp,logistic,0.1,0.11102147760382103,0.04831067090182332,0.9679611650485437,0.017211456248153456,0.017648938387561874,0.02150789046328039,0.018789428366331906,0.11150307953357697,0.0509510338306427,0.9684466019417476,0.026386991099825167,0.026087300146667665,0.02717282675134329,0.026549039332612042,4.78
14970,har,10299,561,6,0,single_mlp,isotonic,0.1,0.14624349772930145,0.050637103617191315,0.9703883495145631,0.010495105892130513,0.010495075945136632,0.01281412994687997,0.011268103928049037,0.11150307953357697,0.0509510338306427,0.9684466019417476,0.026386991099825167,0.026087300146667665,0.02717282675134329,0.026549039332612042,4.78
14970,har,10299,561,6,0,single_mlp,dirichlet,0.1,0.0969464502427772,0.0490875610086504,0.9689320388349515,0.006045973456563497,0.006626793361561568,0.007893420208719477,0.006855395675614846,0.11150307953357697,0.0509510338306427,0.9684466019417476,0.026386991099825167,0.026087300146667665,0.02717282675134329,0.026549039332612042,4.78
14970,har,10299,561,6,0,mc_dropout,none,0.1,0.12595859169960022,0.054929304867982864,0.9684466019417476,0.04339062070962296,0.043038464229083785,0.044385063098472316,0.04360471601239302,0.12595859169960022,0.054929304867982864,0.9684466019417476,0.04339062070962296,0.043038464229083785,0.044385063098472316,0.04360471601239302,4.67
14970,har,10299,561,6,0,mc_dropout,temp,0.1,0.09999305754899979,0.048411671072244644,0.9684466019417476,0.0076318024431617235,0.008104382354078963,0.009426126838887822,0.008387437212042837,0.12595859169960022,0.054929304867982864,0.9684466019417476,0.04339062070962296,0.043038464229083785,0.044385063098472316,0.04360471601239302,4.67
14970,har,10299,561,6,0,mc_dropout,logistic,0.1,0.10832374325636714,0.04754123499806538,0.9684466019417476,0.018298072199225784,0.01987100528773715,0.01984779045298169,0.019338955979981542,0.12595859169960022,0.054929304867982864,0.9684466019417476,0.04339062070962296,0.043038464229083785,0.044385063098472316,0.04360471601239302,4.67
14970,har,10299,561,6,0,mc_dropout,isotonic,0.1,0.1416795253753662,0.04975033551454544,0.9684466019417476,0.006816506371336089,0.009320839414897496,0.010097239535410425,0.008744861773881335,0.12595859169960022,0.054929304867982864,0.9684466019417476,0.04339062070962296,0.043038464229083785,0.044385063098472316,0.04360471601239302,4.67
14970,har,10299,561,6,0,mc_dropout,dirichlet,0.1,0.09776611012141999,0.0488437756169023,0.9684466019417476,0.005358110193063194,0.006195920160640323,0.005971869902910008,0.005841966752204508,0.12595859169960022,0.054929304867982864,0.9684466019417476,0.04339062070962296,0.043038464229083785,0.044385063098472316,0.04360471601239302,4.67
14970,har,10299,561,6,0,deep_ensemble_m3,none,0.1,0.08450130373239517,0.038943368941545486,0.9771844660194174,0.020201563762808326,0.021821594498689874,0.02174158083293046,0.02125491303147622,0.08450130373239517,0.038943368941545486,0.9771844660194174,0.020201563762808326,0.021821594498689874,0.02174158083293046,0.02125491303147622,20.74
14970,har,10299,561,6,0,deep_ensemble_m3,temp,0.1,0.07606758177280426,0.0370231457054615,0.9771844660194174,0.004094260757409253,0.0053418550965855524,0.007473175618255045,0.00563643049074995,0.08450130373239517,0.038943368941545486,0.9771844660194174,0.020201563762808326,0.021821594498689874,0.02174158083293046,0.02125491303147622,20.74
14970,har,10299,561,6,0,deep_ensemble_m3,logistic,0.1,0.0865847425150025,0.03701909560461185,0.9771844660194174,0.019858691636664795,0.018265341198712114,0.019858691636664698,0.019327574824013868,0.08450130373239517,0.038943368941545486,0.9771844660194174,0.020201563762808326,0.021821594498689874,0.02174158083293046,0.02125491303147622,20.74
14970,har,10299,561,6,0,deep_ensemble_m3,isotonic,0.1,0.08911048620939255,0.037560850381851196,0.9757281553398058,0.0051463118889956685,0.005874475648680973,0.005471068548346071,0.005497285362007571,0.08450130373239517,0.038943368941545486,0.9771844660194174,0.020201563762808326,0.021821594498689874,0.02174158083293046,0.02125491303147622,20.74
14970,har,10299,561,6,0,deep_ensemble_m3,dirichlet,0.1,0.07649122500034677,0.03996329140349471,0.9757281553398058,0.00593405424396774,0.007376766614263385,0.007387432517601534,0.00689941779194422,0.08450130373239517,0.038943368941545486,0.9771844660194174,0.020201563762808326,0.021821594498689874,0.02174158083293046,0.02125491303147622,20.74
14970,har,10299,561,6,0,deep_ensemble,none,0.1,0.08217713981866837,0.036736246198415756,0.9800970873786408,0.02730942116779026,0.029009356183334487,0.02898419236095209,0.028434323237358946,0.08217713981866837,0.036736246198415756,0.9800970873786408,0.02730942116779026,0.029009356183334487,0.02898419236095209,0.028434323237358946,33.98
14970,har,10299,561,6,0,deep_ensemble,temp,0.1,0.06832769513130188,0.0334228053689003,0.9800970873786408,0.006234246000502902,0.0073452089596720786,0.00696278610854477,0.00684741368957325,0.08217713981866837,0.036736246198415756,0.9800970873786408,0.02730942116779026,0.029009356183334487,0.02898419236095209,0.028434323237358946,33.98
14970,har,10299,561,6,0,deep_ensemble,logistic,0.1,0.07969452470520988,0.03326213959307728,0.9800970873786408,0.017501033877302306,0.018476644241486165,0.018316387870461047,0.018098021996416507,0.08217713981866837,0.036736246198415756,0.9800970873786408,0.02730942116779026,0.029009356183334487,0.02898419236095209,0.028434323237358946,33.98
14970,har,10299,561,6,0,deep_ensemble,isotonic,0.1,0.08826933801174164,0.033237095922231674,0.9766990291262136,0.004531331027595751,0.008241087950549071,0.007515541355586726,0.006762653444577184,0.08217713981866837,0.036736246198415756,0.9800970873786408,0.02730942116779026,0.029009356183334487,0.02898419236095209,0.028434323237358946,33.98
14970,har,10299,561,6,0,deep_ensemble,dirichlet,0.1,0.0697663436152991,0.03587283926181875,0.9766990291262136,0.005810575854543096,0.007162697507517947,0.009367794873711307,0.0074470227452574506,0.08217713981866837,0.036736246198415756,0.9800970873786408,0.02730942116779026,0.029009356183334487,0.02898419236095209,0.028434323237358946,33.98
14970,har,10299,561,6,0,deep_ensemble_m10,none,0.1,0.09089517593383789,0.03728100284934044,0.9810679611650486,0.03952348648923111,0.039523482698838645,0.03952346907078646,0.039523479419618736,0.09089517593383789,0.03728100284934044,0.9810679611650486,0.03952348648923111,0.039523482698838645,0.03952346907078646,0.039523479419618736,58.12
14970,har,10299,561,6,0,deep_ensemble_m10,temp,0.1,0.06509213894605637,0.03183069825172424,0.9810679611650486,0.006760040894874051,0.006759953513307463,0.008333179788682097,0.007284391398954537,0.09089517593383789,0.03728100284934044,0.9810679611650486,0.03952348648923111,0.039523482698838645,0.03952346907078646,0.039523479419618736,58.12
14970,har,10299,561,6,0,deep_ensemble_m10,logistic,0.1,0.07580196997081569,0.0313147043811447,0.9805825242718447,0.016449501722945143,0.017923946691805404,0.020995213601864276,0.01845622067220494,0.09089517593383789,0.03728100284934044,0.9810679611650486,0.03952348648923111,0.039523482698838645,0.03952346907078646,0.039523479419618736,58.12
14970,har,10299,561,6,0,deep_ensemble_m10,isotonic,0.1,0.08104215562343597,0.03244214877486229,0.9791262135922331,0.0033366666546145738,0.00510734386235764,0.005780486458713539,0.004741498991895251,0.09089517593383789,0.03728100284934044,0.9810679611650486,0.03952348648923111,0.039523482698838645,0.03952346907078646,0.039523479419618736,58.12
14970,har,10299,561,6,0,deep_ensemble_m10,dirichlet,0.1,0.06248052241535114,0.031675328850537254,0.9800970873786408,0.003883689756419801,0.005452879860856634,0.006394085255303857,0.0052435516241934295,0.09089517593383789,0.03728100284934044,0.9810679611650486,0.03952348648923111,0.039523482698838645,0.03952346907078646,0.039523479419618736,58.12
14970,har,10299,561,6,0,lgbm,none,0.2,0.05554806597025022,0.024953073621066493,0.9830097087378641,0.016969318271093756,0.018057906179759754,0.017889782865278887,0.0176390024387108,0.05554806597025022,0.024953073621066493,0.9830097087378641,0.016969318271093756,0.018057906179759754,0.017889782865278887,0.0176390024387108,35.03
14970,har,10299,561,6,0,lgbm,temp,0.2,0.044151999056339264,0.02410268783569336,0.9830097087378641,0.004236279673946745,0.0057383490418924715,0.008215335792708198,0.006063321502849138,0.05554806597025022,0.024953073621066493,0.9830097087378641,0.016969318271093756,0.018057906179759754,0.017889782865278887,0.0176390024387108,35.03
14970,har,10299,561,6,0,lgbm,logistic,0.2,0.06335980825243927,0.025437772513530583,0.9825242718446602,0.019115754000793742,0.018947957882031026,0.022225640799561925,0.020096450894128898,0.05554806597025022,0.024953073621066493,0.9830097087378641,0.016969318271093756,0.018057906179759754,0.017889782865278887,0.0176390024387108,35.03
14970,har,10299,561,6,0,lgbm,isotonic,0.2,0.04517636382231307,0.02306098266896477,0.9844660194174757,0.004243472305969692,0.0038635007240183294,0.005582831920984355,0.004563268316990793,0.05554806597025022,0.024953073621066493,0.9830097087378641,0.016969318271093756,0.018057906179759754,0.017889782865278887,0.0176390024387108,35.03
14970,har,10299,561,6,0,lgbm,dirichlet,0.2,0.04522276315308961,0.024219760819895464,0.9830097087378641,0.006013693506852313,0.006208189713768908,0.008745950188629111,0.006989277803083445,0.05554806597025022,0.024953073621066493,0.9830097087378641,0.016969318271093756,0.018057906179759754,0.017889782865278887,0.0176390024387108,35.03
14970,har,10299,561,6,0,xgboost,none,0.2,0.08197086304426193,0.030565639957785606,0.9844660194174757,0.043162202126192775,0.04316215808819798,0.043162151577981936,0.04316217059745756,0.08197086304426193,0.030565639957785606,0.9844660194174757,0.043162202126192775,0.04316215808819798,0.043162151577981936,0.04316217059745756,83.51
14970,har,10299,561,6,0,xgboost,temp,0.2,0.04685518890619278,0.025425128638744354,0.9844660194174757,0.003309573146324714,0.004948776294884208,0.005252485787405503,0.004503611742871475,0.08197086304426193,0.030565639957785606,0.9844660194174757,0.043162202126192775,0.04316215808819798,0.043162151577981936,0.04316217059745756,83.51
14970,har,10299,561,6,0,xgboost,logistic,0.2,0.06301415512469737,0.025846767746202804,0.983495145631068,0.013601115293290654,0.016525483820843255,0.017031532903372185,0.015719377339168696,0.08197086304426193,0.030565639957785606,0.9844660194174757,0.043162202126192775,0.04316215808819798,0.043162151577981936,0.04316217059745756,83.51
14970,har,10299,561,6,0,xgboost,isotonic,0.2,0.10179800540208817,0.026557905599474907,0.9830097087378641,0.008809938578351065,0.008075127179182885,0.008809908081605604,0.008564991279713184,0.08197086304426193,0.030565639957785606,0.9844660194174757,0.043162202126192775,0.04316215808819798,0.043162151577981936,0.04316217059745756,83.51
14970,har,10299,561,6,0,xgboost,dirichlet,0.2,0.04877018103602713,0.026277261056650323,0.9830097087378641,0.0032237646206239633,0.0049987935802404335,0.004505083168743443,0.004242547123202613,0.08197086304426193,0.030565639957785606,0.9844660194174757,0.043162202126192775,0.04316215808819798,0.043162151577981936,0.04316217059745756,83.51
14970,har,10299,561,6,0,catboost,none,0.2,0.2893553258455847,0.10014770635780146,0.9665048543689321,0.19297546981199487,0.1929754698119949,0.19297546981199493,0.1929754698119949,0.2893553258455847,0.10014770635780146,0.9665048543689321,0.19297546981199487,0.1929754698119949,0.19297546981199493,0.1929754698119949,96.36
14970,har,10299,561,6,0,catboost,temp,0.2,0.0907861739397049,0.04659971222281456,0.9665048543689321,0.017313148703389982,0.016426386300799907,0.018037533731136535,0.017259022911775473,0.2893553258455847,0.10014770635780146,0.9665048543689321,0.19297546981199487,0.1929754698119949,0.19297546981199493,0.1929754698119949,96.36
14970,har,10299,561,6,0,catboost,logistic,0.2,0.10622113595225777,0.04748071375430454,0.9669902912621359,0.02646223165848568,0.02884843459410025,0.02759683399370053,0.02763583341542882,0.2893553258455847,0.10014770635780146,0.9665048543689321,0.19297546981199487,0.1929754698119949,0.19297546981199493,0.1929754698119949,96.36
14970,har,10299,561,6,0,catboost,isotonic,0.2,0.09056841293323703,0.04499263466060955,0.970873786407767,0.007178786729912576,0.007376374755706901,0.009314204637863893,0.007956455374494457,0.2893553258455847,0.10014770635780146,0.9665048543689321,0.19297546981199487,0.1929754698119949,0.19297546981199493,0.1929754698119949,96.36
14970,har,10299,561,6,0,catboost,dirichlet,0.2,0.08310815322166905,0.04520763327497581,0.9684466019417476,0.006925289205674007,0.009713096997479275,0.008304965488937617,0.008314450564030301,0.2893553258455847,0.10014770635780146,0.9665048543689321,0.19297546981199487,0.1929754698119949,0.19297546981199493,0.1929754698119949,96.36
14970,har,10299,561,6,0,single_mlp,none,0.2,0.20998816192150116,0.08444603532552719,0.9597087378640776,0.09542048625575685,0.0954205112115851,0.0954205191106472,0.09542050552599639,0.20998816192150116,0.08444603532552719,0.9597087378640776,0.09542048625575685,0.0954205112115851,0.0954205191106472,0.09542050552599639,3.75
14970,har,10299,561,6,0,single_mlp,temp,0.2,0.13849669694900513,0.06661563366651535,0.9597087378640776,0.00474933087825779,0.009373287205557199,0.009102729165438266,0.007741782416417753,0.20998816192150116,0.08444603532552719,0.9597087378640776,0.09542048625575685,0.0954205112115851,0.0954205191106472,0.09542050552599639,3.75
14970,har,10299,561,6,0,single_mlp,logistic,0.2,0.13795762251475108,0.061682056977380065,0.9606796116504854,0.01295932703199596,0.015942980983008087,0.017681571391360663,0.015527959802121571,0.20998816192150116,0.08444603532552719,0.9597087378640776,0.09542048625575685,0.0954205112115851,0.0954205191106472,0.09542050552599639,3.75
14970,har,10299,561,6,0,single_mlp,isotonic,0.2,0.1920701265335083,0.06354036927223206,0.9587378640776699,0.018295560039362876,0.016567373825508394,0.01892376788032865,0.01792890058173331,0.20998816192150116,0.08444603532552719,0.9597087378640776,0.09542048625575685,0.0954205112115851,0.0954205191106472,0.09542050552599639,3.75
14970,har,10299,561,6,0,single_mlp,dirichlet,0.2,0.1261275349432085,0.060131876293517544,0.9635922330097088,0.010955066326898976,0.011896046893819115,0.012434467153639805,0.011761860124785965,0.20998816192150116,0.08444603532552719,0.9597087378640776,0.09542048625575685,0.0954205112115851,0.0954205191106472,0.09542050552599639,3.75
14970,har,10299,561,6,0,mc_dropout,none,0.2,0.22530464828014374,0.08973146975040436,0.9587378640776699,0.11126666789494673,0.11126666346799982,0.11126662844303743,0.11126665326866132,0.22530464828014374,0.08973146975040436,0.9587378640776699,0.11126666789494673,0.11126666346799982,0.11126662844303743,0.11126665326866132,3.71
14970,har,10299,561,6,0,mc_dropout,temp,0.2,0.13516835868358612,0.06584962457418442,0.9587378640776699,0.006672982307313668,0.010717173890002731,0.01118894751789499,0.009526367905070464,0.22530464828014374,0.08973146975040436,0.9587378640776699,0.11126666789494673,0.11126666346799982,0.11126662844303743,0.11126665326866132,3.71
14970,har,10299,561,6,0,mc_dropout,logistic,0.2,0.13634207762346837,0.06095092821516487,0.9631067961165048,0.017492740134886872,0.01732153329703203,0.01832574256085777,0.01771333866425889,0.22530464828014374,0.08973146975040436,0.9587378640776699,0.11126666789494673,0.11126666346799982,0.11126662844303743,0.11126665326866132,3.71
14970,har,10299,561,6,0,mc_dropout,isotonic,0.2,0.1879592090845108,0.06393130123615265,0.9616504854368932,0.01575097982744573,0.017460717535713342,0.017123987460599358,0.016778561607919476,0.22530464828014374,0.08973146975040436,0.9587378640776699,0.11126666789494673,0.11126666346799982,0.11126662844303743,0.11126665326866132,3.71
14970,har,10299,561,6,0,mc_dropout,dirichlet,0.2,0.12627444427001322,0.060802802665056596,0.9626213592233009,0.009013408295606123,0.0115448844430525,0.009114231466757529,0.009890841401805383,0.22530464828014374,0.08973146975040436,0.9587378640776699,0.11126666789494673,0.11126666346799982,0.11126662844303743,0.11126665326866132,3.71
14970,har,10299,561,6,0,deep_ensemble_m3,none,0.2,0.19049981236457825,0.0754660964012146,0.9650485436893204,0.09390340265139796,0.09385862612319223,0.0948563152435914,0.0942061146727272,0.19049981236457825,0.0754660964012146,0.9650485436893204,0.09390340265139796,0.09385862612319223,0.0948563152435914,0.0942061146727272,14.25
14970,har,10299,561,6,0,deep_ensemble_m3,temp,0.2,0.11915042251348495,0.055913809686899185,0.9650485436893204,0.00821732282638548,0.011478929409702963,0.013317499808894767,0.011004584014994405,0.19049981236457825,0.0754660964012146,0.9650485436893204,0.09390340265139796,0.09385862612319223,0.0948563152435914,0.0942061146727272,14.25
14970,har,10299,561,6,0,deep_ensemble_m3,logistic,0.2,0.12080076005042191,0.053732230307741866,0.9660194174757282,0.016170180250938884,0.01754835332117975,0.018772642536836054,0.017497058702984895,0.19049981236457825,0.0754660964012146,0.9650485436893204,0.09390340265139796,0.09385862612319223,0.0948563152435914,0.0942061146727272,14.25
14970,har,10299,561,6,0,deep_ensemble_m3,isotonic,0.2,0.16603593528270721,0.05517692491412163,0.9626213592233009,0.008939525398235872,0.009915051905854264,0.01456632113572463,0.011140299479938255,0.19049981236457825,0.0754660964012146,0.9650485436893204,0.09390340265139796,0.09385862612319223,0.0948563152435914,0.0942061146727272,14.25
14970,har,10299,561,6,0,deep_ensemble_m3,dirichlet,0.2,0.12376554474193636,0.05679917034957455,0.962135922330097,0.005993786475489896,0.009311298925036512,0.008081510119983433,0.007795531840169946,0.19049981236457825,0.0754660964012146,0.9650485436893204,0.09390340265139796,0.09385862612319223,0.0948563152435914,0.0942061146727272,14.25
14970,har,10299,561,6,0,deep_ensemble,none,0.2,0.1829405575990677,0.07304835319519043,0.9631067961165048,0.08843994228874599,0.08887077292192327,0.08920434856588401,0.08883835459218442,0.1829405575990677,0.07304835319519043,0.9631067961165048,0.08843994228874599,0.08887077292192327,0.08920434856588401,0.08883835459218442,25.55
14970,har,10299,561,6,0,deep_ensemble,temp,0.2,0.11302918195724487,0.054219529032707214,0.9631067961165048,0.008414907001175953,0.009158109605890995,0.012081219964814389,0.009884745523960447,0.1829405575990677,0.07304835319519043,0.9631067961165048,0.08843994228874599,0.08887077292192327,0.08920434856588401,0.08883835459218442,25.55
14970,har,10299,561,6,0,deep_ensemble,logistic,0.2,0.11623584964611276,0.05127886305617313,0.9689320388349515,0.017820793039932527,0.018417605340020515,0.01981328121431699,0.018683893198090013,0.1829405575990677,0.07304835319519043,0.9631067961165048,0.08843994228874599,0.08887077292192327,0.08920434856588401,0.08883835459218442,25.55
14970,har,10299,561,6,0,deep_ensemble,isotonic,0.2,0.1627807915210724,0.0525321438908577,0.9674757281553398,0.009460469443821222,0.010770393025527866,0.011460259643573162,0.010563707370974083,0.1829405575990677,0.07304835319519043,0.9631067961165048,0.08843994228874599,0.08887077292192327,0.08920434856588401,0.08883835459218442,25.55
14970,har,10299,561,6,0,deep_ensemble,dirichlet,0.2,0.11321647796609448,0.05452524950455607,0.9669902912621359,0.009141797370160418,0.009400632720438269,0.009479063833577665,0.009340497974725451,0.1829405575990677,0.07304835319519043,0.9631067961165048,0.08843994228874599,0.08887077292192327,0.08920434856588401,0.08883835459218442,25.55
14970,har,10299,561,6,0,deep_ensemble_m10,none,0.2,0.18680442869663239,0.07130743563175201,0.9674757281553398,0.1014765159742346,0.1017770247986016,0.10147653917953801,0.10157669331745807,0.18680442869663239,0.07130743563175201,0.9674757281553398,0.1014765159742346,0.1017770247986016,0.10147653917953801,0.10157669331745807,48.35
14970,har,10299,561,6,0,deep_ensemble_m10,temp,0.2,0.09881886839866638,0.049297034740448,0.9674757281553398,0.007101900079875354,0.00896279382184868,0.010695901643303973,0.008920198515009336,0.18680442869663239,0.07130743563175201,0.9674757281553398,0.1014765159742346,0.1017770247986016,0.10147653917953801,0.10157669331745807,48.35
14970,har,10299,561,6,0,deep_ensemble_m10,logistic,0.2,0.10745097215860948,0.04803457983607897,0.9689320388349515,0.016351497101820513,0.019316312254528553,0.021378580138937286,0.01901546316509545,0.18680442869663239,0.07130743563175201,0.9674757281553398,0.1014765159742346,0.1017770247986016,0.10147653917953801,0.10157669331745807,48.35
14970,har,10299,561,6,0,deep_ensemble_m10,isotonic,0.2,0.17562979459762573,0.04870205000042915,0.9674757281553398,0.009219506585482219,0.009238095306655689,0.010755460108946863,0.009737687333694924,0.18680442869663239,0.07130743563175201,0.9674757281553398,0.1014765159742346,0.1017770247986016,0.10147653917953801,0.10157669331745807,48.35
14970,har,10299,561,6,0,deep_ensemble_m10,dirichlet,0.2,0.09951681444739882,0.04886839048627467,0.9684466019417476,0.008512358295820286,0.0070572247307891705,0.008908756949786675,0.00815944665879871,0.18680442869663239,0.07130743563175201,0.9674757281553398,0.1014765159742346,0.1017770247986016,0.10147653917953801,0.10157669331745807,48.35
32,pendigits,10992,16,10,0,lgbm,none,0.1,0.05041616654748679,0.019976156826158057,0.9881764438381082,0.011876527081458376,0.01187652708145837,0.012729454234718201,0.012160836132544983,0.05041616654748679,0.019976156826158057,0.9881764438381082,0.011876527081458376,0.01187652708145837,0.012729454234718201,0.012160836132544983,4.17
32,pendigits,10992,16,10,0,lgbm,temp,0.1,0.04496806487441063,0.019033119082450867,0.9881764438381082,0.004271115130215928,0.003417446294552914,0.004765270568393158,0.004151277331053999,0.05041616654748679,0.019976156826158057,0.9881764438381082,0.011876527081458376,0.01187652708145837,0.012729454234718201,0.012160836132544983,4.17
32,pendigits,10992,16,10,0,lgbm,logistic,0.1,0.07142033066063397,0.02028426626564373,0.9877216916780355,0.027339876979008526,0.027734244696291814,0.02769730099462528,0.027590474223308542,0.05041616654748679,0.019976156826158057,0.9881764438381082,0.011876527081458376,0.01187652708145837,0.012729454234718201,0.012160836132544983,4.17
32,pendigits,10992,16,10,0,lgbm,isotonic,0.1,0.08115427477166427,0.019401838830106453,0.9872669395179627,0.00472951633967555,0.0077302811819423105,0.007311038387701594,0.006590278636439818,0.05041616654748679,0.019976156826158057,0.9881764438381082,0.011876527081458376,0.01187652708145837,0.012729454234718201,0.012160836132544983,4.17
32,pendigits,10992,16,10,0,lgbm,dirichlet,0.1,0.057377974881592186,0.02224983993977084,0.9859026830377444,0.006993616796975872,0.007972648086626205,0.009434560160930205,0.008133608348177427,0.05041616654748679,0.019976156826158057,0.9881764438381082,0.011876527081458376,0.01187652708145837,0.012729454234718201,0.012160836132544983,4.17
32,pendigits,10992,16,10,0,xgboost,none,0.1,0.06489820033311844,0.022521328181028366,0.98681218735789,0.026575494349246803,0.026627900181384757,0.028138524459242073,0.027113972996624547,0.06489820033311844,0.022521328181028366,0.98681218735789,0.026575494349246803,0.026627900181384757,0.028138524459242073,0.027113972996624547,3.17
32,pendigits,10992,16,10,0,xgboost,temp,0.1,0.0460841991007328,0.01915864273905754,0.98681218735789,0.005717057404381509,0.0058101752824596935,0.007035051369569433,0.006187428018803546,0.06489820033311844,0.022521328181028366,0.98681218735789,0.026575494349246803,0.026627900181384757,0.028138524459242073,0.027113972996624547,3.17
32,pendigits,10992,16,10,0,xgboost,logistic,0.1,0.07061307899355294,0.02061967333306684,0.98681218735789,0.024987883676415152,0.027242215150665827,0.02680349860862394,0.026344532478568303,0.06489820033311844,0.022521328181028366,0.98681218735789,0.026575494349246803,0.026627900181384757,0.028138524459242073,0.027113972996624547,3.17
32,pendigits,10992,16,10,0,xgboost,isotonic,0.1,0.06965426355600357,0.018935928121209145,0.9877216916780355,0.003125321382606678,0.0033757666828091865,0.005493867540966664,0.003998318535460843,0.06489820033311844,0.022521328181028366,0.98681218735789,0.026575494349246803,0.026627900181384757,0.028138524459242073,0.027113972996624547,3.17
32,pendigits,10992,16,10,0,xgboost,dirichlet,0.1,0.05633621310503602,0.02169264380586672,0.9863574351978172,0.006646487255440027,0.007682134127034661,0.007872648233888509,0.007400423205454399,0.06489820033311844,0.022521328181028366,0.98681218735789,0.026575494349246803,0.026627900181384757,0.028138524459242073,0.027113972996624547,3.17
32,pendigits,10992,16,10,0,catboost,none,0.1,0.15482939841066942,0.04017697448328041,0.9890859481582538,0.11209136587970189,0.11209136587970206,0.11209136587970203,0.11209136587970199,0.15482939841066942,0.04017697448328041,0.9890859481582538,0.11209136587970189,0.11209136587970206,0.11209136587970203,0.11209136587970199,3.09
32,pendigits,10992,16,10,0,catboost,temp,0.1,0.05113710090517998,0.018710749223828316,0.9890859481582538,0.014421872113606406,0.016712404723165247,0.015925574486989696,0.01568661710792045,0.15482939841066942,0.04017697448328041,0.9890859481582538,0.11209136587970189,0.11209136587970206,0.11209136587970203,0.11209136587970199,3.09
32,pendigits,10992,16,10,0,catboost,logistic,0.1,0.07441982050319178,0.02077105798762451,0.9890859481582538,0.036058840881177064,0.0366805770804987,0.03684874155062454,0.0365293865041001,0.15482939841066942,0.04017697448328041,0.9890859481582538,0.11209136587970189,0.11209136587970206,0.11209136587970203,0.11209136587970199,3.09
32,pendigits,10992,16,10,0,catboost,isotonic,0.1,0.0630648021639423,0.01836795940391782,0.9890859481582538,0.004537087843384125,0.0044453891492417805,0.00619578590615931,0.005059420966261738,0.15482939841066942,0.04017697448328041,0.9890859481582538,0.11209136587970189,0.11209136587970206,0.11209136587970203,0.11209136587970199,3.09
32,pendigits,10992,16,10,0,catboost,dirichlet,0.1,0.052060681679309134,0.019037305212820547,0.9890859481582538,0.002056166947754967,0.00299631543524621,0.00453894358729504,0.0031971419900987384,0.15482939841066942,0.04017697448328041,0.9890859481582538,0.11209136587970189,0.11209136587970206,0.11209136587970203,0.11209136587970199,3.09
32,pendigits,10992,16,10,0,single_mlp,none,0.1,0.10000234097242355,0.025950031355023384,0.9890859481582538,0.06298163821882632,0.06298166337258279,0.06308636200758697,0.06301655453299869,0.10000234097242355,0.025950031355023384,0.9890859481582538,0.06298163821882632,0.06298166337258279,0.06308636200758697,0.06301655453299869,10.36
32,pendigits,10992,16,10,0,single_mlp,temp,0.1,0.04786049947142601,0.01738918013870716,0.9890859481582538,0.006649571245179623,0.007059332876109992,0.008126255854957477,0.00727838665874903,0.10000234097242355,0.025950031355023384,0.9890859481582538,0.06298163821882632,0.06298166337258279,0.06308636200758697,0.06301655453299869,10.36
32,pendigits,10992,16,10,0,single_mlp,logistic,0.1,0.06886971698161243,0.01888335074916617,0.9895407003183265,0.02757146825138126,0.027340738932007388,0.02860443111776643,0.02783887943371836,0.10000234097242355,0.025950031355023384,0.9890859481582538,0.06298163821882632,0.06298166337258279,0.06308636200758697,0.06301655453299869,10.36
32,pendigits,10992,16,10,0,single_mlp,isotonic,0.1,0.09451667964458466,0.021532978862524033,0.98681218735789,0.0054326799578317975,0.00670830042809988,0.007570872663530024,0.0065706176831539,0.10000234097242355,0.025950031355023384,0.9890859481582538,0.06298163821882632,0.06298166337258279,0.06308636200758697,0.06301655453299869,10.36
32,pendigits,10992,16,10,0,single_mlp,dirichlet,0.1,0.07322772797459372,0.019255683040025093,0.988631195998181,0.005087203980742481,0.006387475707829614,0.005491571365407915,0.005655417017993336,0.10000234097242355,0.025950031355023384,0.9890859481582538,0.06298163821882632,0.06298166337258279,0.06308636200758697,0.06301655453299869,10.36
32,pendigits,10992,16,10,0,mc_dropout,none,0.1,0.12584394216537476,0.03192203491926193,0.988631195998181,0.08660851692058329,0.08660850880253362,0.08660854426987227,0.0866085233309964,0.12584394216537476,0.03192203491926193,0.988631195998181,0.08660851692058329,0.08660850880253362,0.08660854426987227,0.0866085233309964,10.91
32,pendigits,10992,16,10,0,mc_dropout,temp,0.1,0.04920629411935806,0.017308128997683525,0.988631195998181,0.01085216606568615,0.010112257424459026,0.01184294003147926,0.010935787840541479,0.12584394216537476,0.03192203491926193,0.988631195998181,0.08660851692058329,0.08660850880253362,0.08660854426987227,0.0866085233309964,10.91
32,pendigits,10992,16,10,0,mc_dropout,logistic,0.1,0.06930481075899447,0.019034320062031887,0.9895407003183265,0.030772808231678953,0.031013553094889616,0.030772808231678977,0.030853056519415847,0.12584394216537476,0.03192203491926193,0.988631195998181,0.08660851692058329,0.08660850880253362,0.08660854426987227,0.0866085233309964,10.91
32,pendigits,10992,16,10,0,mc_dropout,isotonic,0.1,0.09287548065185547,0.021123966202139854,0.9863574351978172,0.00567581288757086,0.006317425554803727,0.005675827443138886,0.005889688628504491,0.12584394216537476,0.03192203491926193,0.988631195998181,0.08660851692058329,0.08660850880253362,0.08660854426987227,0.0866085233309964,10.91
32,pendigits,10992,16,10,0,mc_dropout,dirichlet,0.1,0.06577126027726554,0.01770230046544451,0.9895407003183265,0.00361715412359544,0.0038370658092274855,0.0036758936758995516,0.003710037869574159,0.12584394216537476,0.03192203491926193,0.988631195998181,0.08660851692058329,0.08660850880253362,0.08660854426987227,0.0866085233309964,10.91
32,pendigits,10992,16,10,0,deep_ensemble_m3,none,0.1,0.09991645067930222,0.024827944114804268,0.9913597089586176,0.0666016191311889,0.06660162310212132,0.06660167061778403,0.06660163761703142,0.09991645067930222,0.024827944114804268,0.9913597089586176,0.0666016191311889,0.06660162310212132,0.06660167061778403,0.06660163761703142,29.69
32,pendigits,10992,16,10,0,deep_ensemble_m3,temp,0.1,0.04523373395204544,0.015828322619199753,0.9913597089586176,0.008375579942731044,0.00945659444623777,0.01034732311354169,0.009393165834170167,0.09991645067930222,0.024827944114804268,0.9913597089586176,0.0666016191311889,0.06660162310212132,0.06660167061778403,0.06660163761703142,29.69
32,pendigits,10992,16,10,0,deep_ensemble_m3,logistic,0.1,0.06766993086371217,0.017375076591410927,0.9918144611186903,0.030634729426203506,0.03117871986085429,0.031215796977829103,0.0310097487549623,0.09991645067930222,0.024827944114804268,0.9913597089586176,0.0666016191311889,0.06660162310212132,0.06660167061778403,0.06660163761703142,29.69
32,pendigits,10992,16,10,0,deep_ensemble_m3,isotonic,0.1,0.09210634231567383,0.018818721175193787,0.9890859481582538,0.0051795855713410634,0.004886337441170738,0.00534372302064465,0.005136548677718817,0.09991645067930222,0.024827944114804268,0.9913597089586176,0.0666016191311889,0.06660162310212132,0.06660167061778403,0.06660163761703142,29.69
32,pendigits,10992,16,10,0,deep_ensemble_m3,dirichlet,0.1,0.07032608793946672,0.01623758446196761,0.990450204638472,0.0029401595366481603,0.005209815332325734,0.005357987694250449,0.004502654187741447,0.09991645067930222,0.024827944114804268,0.9913597089586176,0.0666016191311889,0.06660162310212132,0.06660167061778403,0.06660163761703142,29.69
32,pendigits,10992,16,10,0,deep_ensemble,none,0.1,0.10145483911037445,0.024544019252061844,0.9909049567985448,0.06817040858403184,0.06817039551925744,0.06841873443630839,0.06825317951319922,0.10145483911037445,0.024544019252061844,0.9909049567985448,0.06817040858403184,0.06817039551925744,0.06841873443630839,0.06825317951319922,45.64
32,pendigits,10992,16,10,0,deep_ensemble,temp,0.1,0.04402412474155426,0.0152654517441988,0.9909049567985448,0.0077123663923099085,0.00880645152491405,0.009000303529511273,0.00850637381557841,0.10145483911037445,0.024544019252061844,0.9909049567985448,0.06817040858403184,0.06817039551925744,0.06841873443630839,0.06825317951319922,45.64
32,pendigits,10992,16,10,0,deep_ensemble,logistic,0.1,0.06560641625077861,0.01659114835955698,0.9909049567985448,0.028209136123147252,0.029080460597984,0.029184003494408292,0.028824533405179847,0.10145483911037445,0.024544019252061844,0.9909049567985448,0.06817040858403184,0.06817039551925744,0.06841873443630839,0.06825317951319922,45.64
32,pendigits,10992,16,10,0,deep_ensemble,isotonic,0.1,0.07112480700016022,0.01643200032413006,0.9899954524783993,0.004221694802305505,0.005146075943048663,0.0057172162687848934,0.0050283290047130206,0.10145483911037445,0.024544019252061844,0.9909049567985448,0.06817040858403184,0.06817039551925744,0.06841873443630839,0.06825317951319922,45.64
32,pendigits,10992,16,10,0,deep_ensemble,dirichlet,0.1,0.06329637556909856,0.015259514585720772,0.9918144611186903,0.003053719298624075,0.006146205590617949,0.005192482426177276,0.004797469105139766,0.10145483911037445,0.024544019252061844,0.9909049567985448,0.06817040858403184,0.06817039551925744,0.06841873443630839,0.06825317951319922,45.64
32,pendigits,10992,16,10,0,deep_ensemble_m10,none,0.1,0.10254554450511932,0.024562137201428413,0.9909049567985448,0.06910591428525997,0.06910597220937359,0.06936614332604589,0.06919267660689316,0.10254554450511932,0.024562137201428413,0.9909049567985448,0.06910591428525997,0.06910597220937359,0.06936614332604589,0.06919267660689316,85.29
32,pendigits,10992,16,10,0,deep_ensemble_m10,temp,0.1,0.04374294355511665,0.0150628462433815,0.9909049567985448,0.00842368990359056,0.007435996486903161,0.009516438878411956,0.00845870842296856,0.10254554450511932,0.024562137201428413,0.9909049567985448,0.06910591428525997,0.06910597220937359,0.06936614332604589,0.06919267660689316,85.29
32,pendigits,10992,16,10,0,deep_ensemble_m10,logistic,0.1,0.06481262110429656,0.016197988630813183,0.992269213278763,0.02938202316191585,0.03013751007367062,0.03120251060231128,0.030240681279299252,0.10254554450511932,0.024562137201428413,0.9909049567985448,0.06910591428525997,0.06910597220937359,0.06936614332604589,0.06919267660689316,85.29
32,pendigits,10992,16,10,0,deep_ensemble_m10,isotonic,0.1,0.08337116986513138,0.015755925327539444,0.9899954524783993,0.004112687149932556,0.004178439746828976,0.005365211294693793,0.004552112730485108,0.10254554450511932,0.024562137201428413,0.9909049567985448,0.06910591428525997,0.06910597220937359,0.06936614332604589,0.06919267660689316,85.29
32,pendigits,10992,16,10,0,deep_ensemble_m10,dirichlet,0.1,0.061379685969504355,0.014948031364153973,0.9909049567985448,0.0037413135936250758,0.004049143590934302,0.004531595426571441,0.00410735087037694,0.10254554450511932,0.024562137201428413,0.9909049567985448,0.06910591428525997,0.06910597220937359,0.06936614332604589,0.06919267660689316,85.29
32,pendigits,10992,16,10,0,lgbm,none,0.2,0.10415443072112093,0.041518947413528295,0.9763528876762164,0.03487920324306418,0.03549071504252549,0.035389398777621664,0.03525310568773711,0.10415443072112093,0.041518947413528295,0.9763528876762164,0.03487920324306418,0.03549071504252549,0.035389398777621664,0.03525310568773711,5.37
32,pendigits,10992,16,10,0,lgbm,temp,0.2,0.08416926115751266,0.03764371573925018,0.9763528876762164,0.006421061023466708,0.010430167931868503,0.009134620780454739,0.008661949911929983,0.10415443072112093,0.041518947413528295,0.9763528876762164,0.03487920324306418,0.03549071504252549,0.035389398777621664,0.03525310568773711,5.37
32,pendigits,10992,16,10,0,lgbm,logistic,0.2,0.11315345798512161,0.03879576530735645,0.977262391996362,0.029690717448695125,0.029578338816828947,0.03179371978481627,0.030354258683446784,0.10415443072112093,0.041518947413528295,0.9763528876762164,0.03487920324306418,0.03549071504252549,0.035389398777621664,0.03525310568773711,5.37
32,pendigits,10992,16,10,0,lgbm,isotonic,0.2,0.1489160104970917,0.038731538823882576,0.9758981355161437,0.007492386714349545,0.007586173491487288,0.008232343195049214,0.007770301133628682,0.10415443072112093,0.041518947413528295,0.9763528876762164,0.03487920324306418,0.03549071504252549,0.035389398777621664,0.03525310568773711,5.37
32,pendigits,10992,16,10,0,lgbm,dirichlet,0.2,0.10725537830403722,0.04268891380055711,0.9736243747157799,0.01335289717828958,0.012237402957100798,0.013374094342341145,0.012988131492577173,0.10415443072112093,0.041518947413528295,0.9763528876762164,0.03487920324306418,0.03549071504252549,0.035389398777621664,0.03525310568773711,5.37
32,pendigits,10992,16,10,0,xgboost,none,0.2,0.14297643303871155,0.04642606899142265,0.9840836743974534,0.08486313755374542,0.08486315804538319,0.08486311013669307,0.08486313524527389,0.14297643303871155,0.04642606899142265,0.9840836743974534,0.08486313755374542,0.08486315804538319,0.08486311013669307,0.08486313524527389,3.52
32,pendigits,10992,16,10,0,xgboost,temp,0.2,0.07485166937112808,0.03044736571609974,0.9840836743974534,0.01376831279444985,0.013768323948297634,0.01389827016485232,0.013811635635866603,0.14297643303871155,0.04642606899142265,0.9840836743974534,0.08486313755374542,0.08486315804538319,0.08486311013669307,0.08486313524527389,3.52
32,pendigits,10992,16,10,0,xgboost,logistic,0.2,0.09804159971119253,0.03140880147663035,0.9831741700773079,0.03423828952292616,0.03423828952292626,0.034238289522926305,0.03423828952292624,0.14297643303871155,0.04642606899142265,0.9840836743974534,0.08486313755374542,0.08486315804538319,0.08486311013669307,0.08486313524527389,3.52
32,pendigits,10992,16,10,0,xgboost,isotonic,0.2,0.14567440748214722,0.0318104550242424,0.9804456571168713,0.007886461612038728,0.011397546776428475,0.008569722841847469,0.009284577076771557,0.14297643303871155,0.04642606899142265,0.9840836743974534,0.08486313755374542,0.08486315804538319,0.08486311013669307,0.08486313524527389,3.52
32,pendigits,10992,16,10,0,xgboost,dirichlet,0.2,0.0851607245058256,0.033309875365981644,0.9786266484765803,0.003864559734354483,0.005164338469742057,0.007119740266905906,0.005382879490334148,0.14297643303871155,0.04642606899142265,0.9840836743974534,0.08486313755374542,0.08486315804538319,0.08486311013669307,0.08486313524527389,3.52
32,pendigits,10992,16,10,0,catboost,none,0.2,0.28145436434480203,0.08340877391541883,0.9845384265575261,0.20567700215576648,0.20567700215576634,0.20567700215576643,0.20567700215576643,0.28145436434480203,0.08340877391541883,0.9845384265575261,0.20567700215576648,0.20567700215576634,0.20567700215576643,0.20567700215576643,3.03
32,pendigits,10992,16,10,0,catboost,temp,0.2,0.06869235634803772,0.025690898299217224,0.9845384265575261,0.020927819651655348,0.021444268013033403,0.02092782756641486,0.021099971743701203,0.28145436434480203,0.08340877391541883,0.9845384265575261,0.20567700215576648,0.20567700215576634,0.20567700215576643,0.20567700215576643,3.03
32,pendigits,10992,16,10,0,catboost,logistic,0.2,0.09943616021147132,0.029256927733789264,0.98681218735789,0.04980316030912747,0.04980316030912736,0.0499200699957489,0.04984213020466791,0.28145436434480203,0.08340877391541883,0.9845384265575261,0.20567700215576648,0.20567700215576634,0.20567700215576643,0.20567700215576643,3.03
32,pendigits,10992,16,10,0,catboost,isotonic,0.2,0.11738653150775,0.02829955479127571,0.9813551614370168,0.008185723069652696,0.007930299727645952,0.008185723069652841,0.008100581955650497,0.28145436434480203,0.08340877391541883,0.9845384265575261,0.20567700215576648,0.20567700215576634,0.20567700215576643,0.20567700215576643,3.03
32,pendigits,10992,16,10,0,catboost,dirichlet,0.2,0.0668686985792225,0.023970451174664266,0.9845384265575261,0.004505632548158949,0.005718138556128181,0.006730231633951669,0.0056513342460795995,0.28145436434480203,0.08340877391541883,0.9845384265575261,0.20567700215576648,0.20567700215576634,0.20567700215576643,0.20567700215576643,3.03
32,pendigits,10992,16,10,0,single_mlp,none,0.2,0.22359056770801544,0.0632885992527008,0.9877216916780355,0.1639084768273604,0.16390847041694723,0.16390849101700636,0.16390847942043799,0.22359056770801544,0.0632885992527008,0.9877216916780355,0.1639084768273604,0.16390847041694723,0.16390849101700636,0.16390847942043799,8.7
32,pendigits,10992,16,10,0,single_mlp,temp,0.2,0.06535521894693375,0.021903034299612045,0.9877216916780355,0.019061125682776143,0.019061074345260394,0.019796659914999445,0.019306286647678663,0.22359056770801544,0.0632885992527008,0.9877216916780355,0.1639084768273604,0.16390847041694723,0.16390849101700636,0.16390847942043799,8.7
32,pendigits,10992,16,10,0,single_mlp,logistic,0.2,0.0888683713828566,0.024453755278779365,0.9877216916780355,0.04221652258598493,0.042216522585984836,0.042882498583130646,0.04243851458503347,0.22359056770801544,0.0632885992527008,0.9877216916780355,0.1639084768273604,0.16390847041694723,0.16390849101700636,0.16390847942043799,8.7
32,pendigits,10992,16,10,0,single_mlp,isotonic,0.2,0.12086614966392517,0.024647263810038567,0.9863574351978172,0.003820882053904382,0.005405098294713062,0.0060480327403453485,0.00509133769632093,0.22359056770801544,0.0632885992527008,0.9877216916780355,0.1639084768273604,0.16390847041694723,0.16390849101700636,0.16390847942043799,8.7
32,pendigits,10992,16,10,0,single_mlp,dirichlet,0.2,0.07713934333330787,0.025437234040075304,0.9840836743974534,0.003055260167770824,0.005115517840261532,0.005771974316940041,0.004647584108324132,0.22359056770801544,0.0632885992527008,0.9877216916780355,0.1639084768273604,0.16390847041694723,0.16390849101700636,0.16390847942043799,8.7
32,pendigits,10992,16,10,0,mc_dropout,none,0.2,0.2579942047595978,0.07593919336795807,0.9872669395179627,0.1911389925714079,0.191139001082485,0.19113900384722976,0.1911389991670409,0.2579942047595978,0.07593919336795807,0.9872669395179627,0.1911389925714079,0.191139001082485,0.19113900384722976,0.1911389991670409,9.5
32,pendigits,10992,16,10,0,mc_dropout,temp,0.2,0.06644321978092194,0.022349903360009193,0.9872669395179627,0.02121473898286979,0.022506021922043415,0.02292797145598474,0.022216244120299312,0.2579942047595978,0.07593919336795807,0.9872669395179627,0.1911389925714079,0.191139001082485,0.19113900384722976,0.1911389991670409,9.5
32,pendigits,10992,16,10,0,mc_dropout,logistic,0.2,0.0922930245382032,0.025526884455411885,0.9872669395179627,0.046816911049317164,0.046427970351886214,0.04681691104931716,0.04668726415017351,0.2579942047595978,0.07593919336795807,0.9872669395179627,0.1911389925714079,0.191139001082485,0.19113900384722976,0.1911389991670409,9.5
32,pendigits,10992,16,10,0,mc_dropout,isotonic,0.2,0.12589719891548157,0.02482707053422928,0.9859026830377444,0.002940220798129875,0.0033944358387661563,0.0036771403707770065,0.0033372656692243464,0.2579942047595978,0.07593919336795807,0.9872669395179627,0.1911389925714079,0.191139001082485,0.19113900384722976,0.1911389991670409,9.5
32,pendigits,10992,16,10,0,mc_dropout,dirichlet,0.2,0.07471549319454972,0.0243691335780424,0.984993178717599,0.0036321744699402752,0.005000303855582031,0.004134243499980855,0.004255573941834387,0.2579942047595978,0.07593919336795807,0.9872669395179627,0.1911389925714079,0.191139001082485,0.19113900384722976,0.1911389991670409,9.5
32,pendigits,10992,16,10,0,deep_ensemble_m3,none,0.2,0.21581105887889862,0.05865946039557457,0.98681218735789,0.15989100476349957,0.15989104818625577,0.15998553499925022,0.1599225293163352,0.21581105887889862,0.05865946039557457,0.98681218735789,0.15989100476349957,0.15989104818625577,0.15998553499925022,0.1599225293163352,25.51
32,pendigits,10992,16,10,0,deep_ensemble_m3,temp,0.2,0.05797826498746872,0.020125197246670723,0.98681218735789,0.018811446908063453,0.02023799339984427,0.020701182341239563,0.01991687421638243,0.21581105887889862,0.05865946039557457,0.98681218735789,0.15989100476349957,0.15989104818625577,0.15998553499925022,0.1599225293163352,25.51
32,pendigits,10992,16,10,0,deep_ensemble_m3,logistic,0.2,0.08310844561900395,0.02260538113123019,0.98681218735789,0.04100305992899468,0.0414522191330854,0.04156189428204282,0.041339057781374304,0.21581105887889862,0.05865946039557457,0.98681218735789,0.15989100476349957,0.15989104818625577,0.15998553499925022,0.1599225293163352,25.51
32,pendigits,10992,16,10,0,deep_ensemble_m3,isotonic,0.2,0.11237581074237823,0.022101467475295067,0.9872669395179627,0.007409219093461534,0.00571558281962251,0.007628111499935556,0.006917637804339867,0.21581105887889862,0.05865946039557457,0.98681218735789,0.15989100476349957,0.15989104818625577,0.15998553499925022,0.1599225293163352,25.51
32,pendigits,10992,16,10,0,deep_ensemble_m3,dirichlet,0.2,0.06102759981425932,0.022474585831891446,0.9854479308776717,0.0050048649082116,0.007178054913466294,0.00910824649769319,0.007097055439790361,0.21581105887889862,0.05865946039557457,0.98681218735789,0.15989100476349957,0.15989104818625577,0.15998553499925022,0.1599225293163352,25.51
32,pendigits,10992,16,10,0,deep_ensemble,none,0.2,0.21095918118953705,0.05651235952973366,0.9877216916780355,0.15752215974165018,0.1575221264427388,0.15752213170795132,0.15752213929744677,0.21095918118953705,0.05651235952973366,0.9877216916780355,0.15752215974165018,0.1575221264427388,0.15752213170795132,0.15752213929744677,44.87
32,pendigits,10992,16,10,0,deep_ensemble,temp,0.2,0.05604616925120354,0.01899748295545578,0.9877216916780355,0.01848219009137464,0.018878874669241937,0.018760740906067903,0.018707268555561495,0.21095918118953705,0.05651235952973366,0.9877216916780355,0.15752215974165018,0.1575221264427388,0.15752213170795132,0.15752213929744677,44.87
32,pendigits,10992,16,10,0,deep_ensemble,logistic,0.2,0.08040980160349724,0.02133792353266934,0.9877216916780355,0.038832498625844446,0.038936009131813484,0.03912517496777081,0.03896456090847624,0.21095918118953705,0.05651235952973366,0.9877216916780355,0.15752215974165018,0.1575221264427388,0.15752213170795132,0.15752213929744677,44.87
32,pendigits,10992,16,10,0,deep_ensemble,isotonic,0.2,0.12858863174915314,0.02200455218553543,0.9863574351978172,0.004957222868063731,0.004609245070006031,0.007099800052399986,0.005555422663489917,0.21095918118953705,0.05651235952973366,0.9877216916780355,0.15752215974165018,0.1575221264427388,0.15752213170795132,0.15752213929744677,44.87
32,pendigits,10992,16,10,0,deep_ensemble,dirichlet,0.2,0.058468777168595276,0.02022527894949932,0.9877216916780355,0.006509418191902427,0.006363111342204941,0.007952953051924758,0.006941827528677375,0.21095918118953705,0.05651235952973366,0.9877216916780355,0.15752215974165018,0.1575221264427388,0.15752213170795132,0.15752213929744677,44.87
32,pendigits,10992,16,10,0,deep_ensemble_m10,none,0.2,0.212907612323761,0.056316204369068146,0.9872669395179627,0.15925426025616143,0.1593228015792863,0.15966610689768201,0.15941438957770993,0.212907612323761,0.056316204369068146,0.9872669395179627,0.15925426025616143,0.1593228015792863,0.15966610689768201,0.15941438957770993,83.84
32,pendigits,10992,16,10,0,deep_ensemble_m10,temp,0.2,0.054518889635801315,0.018231425434350967,0.9872669395179627,0.020365817552807648,0.020317518613510863,0.020814995797670342,0.020499443987996285,0.212907612323761,0.056316204369068146,0.9872669395179627,0.15925426025616143,0.1593228015792863,0.15966610689768201,0.15941438957770993,83.84
32,pendigits,10992,16,10,0,deep_ensemble_m10,logistic,0.2,0.07909244107559078,0.02065787789798221,0.9881764438381082,0.04099336754536733,0.04131341610692904,0.04196027616703475,0.04142235327311038,0.212907612323761,0.056316204369068146,0.9872669395179627,0.15925426025616143,0.1593228015792863,0.15966610689768201,0.15941438957770993,83.84
32,pendigits,10992,16,10,0,deep_ensemble_m10,isotonic,0.2,0.12133462727069855,0.0216660238802433,0.98681218735789,0.004978878978384016,0.007001035454165929,0.006552561677114839,0.006177492036554928,0.212907612323761,0.056316204369068146,0.9872669395179627,0.15925426025616143,0.1593228015792863,0.15966610689768201,0.15941438957770993,83.84
32,pendigits,10992,16,10,0,deep_ensemble_m10,dirichlet,0.2,0.05567782619813407,0.01926159930427176,0.9877216916780355,0.0045791309891288125,0.006495668099220669,0.006298012890826873,0.005790937326392118,0.212907612323761,0.056316204369068146,0.9872669395179627,0.15925426025616143,0.1593228015792863,0.15966610689768201,0.15941438957770993,83.84
