task_id,dataset_name,n_samples,n_train,n_val_es,n_val_cal,n_test,n_features,n_classes,seed,model,calibrator,calibrator_label,cal_nll,cal_brier_score,cal_accuracy,cal_ece_10,cal_ece_15,cal_ece_20,cal_ece_mean,raw_nll,raw_brier_score,raw_accuracy,raw_ece_10,raw_ece_15,raw_ece_20,raw_ece_mean,train_time_s
32,pendigits,10992,5935,660,2198,2199,16,10,0,tabpfn,none,No calibration,0.014760269783437252,0.005706137511879206,0.9963619827194179,0.0016574417802083191,0.0016280591027094252,0.0020835813526242377,0.0017896940785139942,0.014760269783437252,0.005706137511879206,0.9963619827194179,0.0016574417802083191,0.0016280591027094252,0.0020835813526242377,0.0017896940785139942,5.22
32,pendigits,10992,5935,660,2198,2199,16,10,0,tabpfn,temp,Temperature Scaling,0.014753809198737144,0.005705348681658506,0.9963619827194179,0.0016718557771089808,0.0016180328099822485,0.002088161775772038,0.0017926834542877558,0.014760269783437252,0.005706137511879206,0.9963619827194179,0.0016574417802083191,0.0016280591027094252,0.0020835813526242377,0.0017896940785139942,5.22
32,pendigits,10992,5935,660,2198,2199,16,10,0,tabpfn,logistic,Logistic Recalibration,0.03983653061167753,0.00654779414172646,0.9963619827194179,0.024680907465503228,0.02542393810223927,0.026212330804835614,0.025439058790859375,0.014760269783437252,0.005706137511879206,0.9963619827194179,0.0016574417802083191,0.0016280591027094252,0.0020835813526242377,0.0017896940785139942,5.22
32,pendigits,10992,5935,660,2198,2199,16,10,0,tabpfn,isotonic,Isotonic Regression,0.037677448242902756,0.0057038613595068455,0.9968167348794906,0.002036018797677989,0.0016944370740323708,0.0024601014406370235,0.0020635191041157943,0.014760269783437252,0.005706137511879206,0.9963619827194179,0.0016574417802083191,0.0016280591027094252,0.0020835813526242377,0.0017896940785139942,5.22
32,pendigits,10992,5935,660,2198,2199,16,10,0,tabpfn,dirichlet,Dirichlet ODIR,0.037459235051578756,0.008538573016431187,0.9949977262391997,0.003222539644146585,0.003222539644146773,0.0034197554298909492,0.0032882782393947687,0.014760269783437252,0.005706137511879206,0.9963619827194179,0.0016574417802083191,0.0016280591027094252,0.0020835813526242377,0.0017896940785139942,5.22
32,pendigits,10992,5935,660,2198,2199,16,10,1,tabpfn,none,No calibration,0.009048876352608204,0.002558513544499874,0.9990904956798545,0.002528783487915879,0.0030541895410590636,0.0034139309486729166,0.002998967992549286,0.009048876352608204,0.002558513544499874,0.9990904956798545,0.002528783487915879,0.0030541895410590636,0.0034139309486729166,0.002998967992549286,0.67
32,pendigits,10992,5935,660,2198,2199,16,10,1,tabpfn,temp,Temperature Scaling,0.009213791228830814,0.002134618815034628,0.9990904956798545,0.0014687047973986926,0.0016198300296147005,0.0017284631674915492,0.0016056659981683139,0.009048876352608204,0.002558513544499874,0.9990904956798545,0.002528783487915879,0.0030541895410590636,0.0034139309486729166,0.002998967992549286,0.67
32,pendigits,10992,5935,660,2198,2199,16,10,1,tabpfn,logistic,Logistic Recalibration,0.029835632053679582,0.0024864615493232502,0.9990904956798545,0.025083081144935966,0.025083081144935876,0.025083081144935883,0.025083081144935907,0.009048876352608204,0.002558513544499874,0.9990904956798545,0.002528783487915879,0.0030541895410590636,0.0034139309486729166,0.002998967992549286,0.67
32,pendigits,10992,5935,660,2198,2199,16,10,1,tabpfn,isotonic,Isotonic Regression,0.03335088491439819,0.004086053464561701,0.9977262391996362,0.0023951679264864393,0.0022906958379220986,0.00239503353820604,0.002360299100871526,0.009048876352608204,0.002558513544499874,0.9990904956798545,0.002528783487915879,0.0030541895410590636,0.0034139309486729166,0.002998967992549286,0.67
32,pendigits,10992,5935,660,2198,2199,16,10,1,tabpfn,dirichlet,Dirichlet ODIR,0.018860400993816927,0.0027225690861562395,0.9986357435197817,0.001151738576654978,0.0013283255419769325,0.0015566136004628991,0.0013455592396982698,0.009048876352608204,0.002558513544499874,0.9990904956798545,0.002528783487915879,0.0030541895410590636,0.0034139309486729166,0.002998967992549286,0.67
32,pendigits,10992,5935,660,2198,2199,16,10,2,tabpfn,none,No calibration,0.015256709419190884,0.005052764434367418,0.9968167348794906,0.0007114862788530855,0.002205994330844661,0.0016274373875037294,0.0015149726657338253,0.015256709419190884,0.005052764434367418,0.9968167348794906,0.0007114862788530855,0.002205994330844661,0.0016274373875037294,0.0015149726657338253,0.62
32,pendigits,10992,5935,660,2198,2199,16,10,2,tabpfn,temp,Temperature Scaling,0.015290911309421062,0.005049980711191893,0.9968167348794906,0.0008594968634444953,0.002174759951977862,0.0015984514779858088,0.001544236097802722,0.015256709419190884,0.005052764434367418,0.9968167348794906,0.0007114862788530855,0.002205994330844661,0.0016274373875037294,0.0015149726657338253,0.62
32,pendigits,10992,5935,660,2198,2199,16,10,2,tabpfn,logistic,Logistic Recalibration,0.037339990025132594,0.005968589009898016,0.9968167348794906,0.023286912221739273,0.025730777700190034,0.026116355882096542,0.025044681934675284,0.015256709419190884,0.005052764434367418,0.9968167348794906,0.0007114862788530855,0.002205994330844661,0.0016274373875037294,0.0015149726657338253,0.62
32,pendigits,10992,5935,660,2198,2199,16,10,2,tabpfn,isotonic,Isotonic Regression,0.03602602332830429,0.004869377706199884,0.9972714870395635,0.002465143671031381,0.00265513435717652,0.0026625423281774955,0.0025942734521284655,0.015256709419190884,0.005052764434367418,0.9968167348794906,0.0007114862788530855,0.002205994330844661,0.0016274373875037294,0.0015149726657338253,0.62
32,pendigits,10992,5935,660,2198,2199,16,10,2,tabpfn,dirichlet,Dirichlet ODIR,0.021605836439756426,0.005101416648853568,0.9972714870395635,0.0023431485227097064,0.002709094438940274,0.0028044800924972306,0.002618907684715737,0.015256709419190884,0.005052764434367418,0.9968167348794906,0.0007114862788530855,0.002205994330844661,0.0016274373875037294,0.0015149726657338253,0.62
32,pendigits,10992,5935,660,2198,2199,16,10,3,tabpfn,none,No calibration,0.016720395535230637,0.006054295226931572,0.9963619827194179,0.0013548132098225136,0.003001424346310594,0.002408772191984037,0.0022550032493723815,0.016720395535230637,0.006054295226931572,0.9963619827194179,0.0013548132098225136,0.003001424346310594,0.002408772191984037,0.0022550032493723815,0.96
32,pendigits,10992,5935,660,2198,2199,16,10,3,tabpfn,temp,Temperature Scaling,0.01673760637640953,0.006055167410522699,0.9963619827194179,0.0013457517046015373,0.0030092626417046377,0.002414672807868733,0.0022565623847249695,0.016720395535230637,0.006054295226931572,0.9963619827194179,0.0013548132098225136,0.003001424346310594,0.002408772191984037,0.0022550032493723815,0.96
32,pendigits,10992,5935,660,2198,2199,16,10,3,tabpfn,logistic,Logistic Recalibration,0.04092335813629006,0.00683840872234607,0.9968167348794906,0.024470757093092398,0.025796710716186923,0.02572625315663891,0.025331240321972745,0.016720395535230637,0.006054295226931572,0.9963619827194179,0.0013548132098225136,0.003001424346310594,0.002408772191984037,0.0022550032493723815,0.96
32,pendigits,10992,5935,660,2198,2199,16,10,3,tabpfn,isotonic,Isotonic Regression,0.05097527801990509,0.006417565513402224,0.9968167348794906,0.0020666497845495727,0.0022082250733004255,0.002496917527499286,0.0022572641284497614,0.016720395535230637,0.006054295226931572,0.9963619827194179,0.0013548132098225136,0.003001424346310594,0.002408772191984037,0.0022550032493723815,0.96
32,pendigits,10992,5935,660,2198,2199,16,10,3,tabpfn,dirichlet,Dirichlet ODIR,0.03939733685458021,0.005890677197335577,0.9963619827194179,0.0025821264861628306,0.002582126486163068,0.0027071694097604944,0.0026238074606954646,0.016720395535230637,0.006054295226931572,0.9963619827194179,0.0013548132098225136,0.003001424346310594,0.002408772191984037,0.0022550032493723815,0.96
32,pendigits,10992,5935,660,2198,2199,16,10,4,tabpfn,none,No calibration,0.01353111956268549,0.004239047411829233,0.9977262391996362,0.0018852876500141886,0.0018603618495190539,0.002069512759083318,0.0019383874195388533,0.01353111956268549,0.004239047411829233,0.9977262391996362,0.0018852876500141886,0.0018603618495190539,0.002069512759083318,0.0019383874195388533,0.6
32,pendigits,10992,5935,660,2198,2199,16,10,4,tabpfn,temp,Temperature Scaling,0.01352439634501934,0.0042408909648656845,0.9977262391996362,0.0018976113372306206,0.001850350627361452,0.0020768216871683747,0.001941594550586816,0.01353111956268549,0.004239047411829233,0.9977262391996362,0.0018852876500141886,0.0018603618495190539,0.002069512759083318,0.0019383874195388533,0.6
32,pendigits,10992,5935,660,2198,2199,16,10,4,tabpfn,logistic,Logistic Recalibration,0.03604541603375912,0.00468194728091538,0.9977262391996362,0.02415994658796776,0.024203500358213965,0.02457033336274599,0.024311260102975903,0.01353111956268549,0.004239047411829233,0.9977262391996362,0.0018852876500141886,0.0018603618495190539,0.002069512759083318,0.0019383874195388533,0.6
32,pendigits,10992,5935,660,2198,2199,16,10,4,tabpfn,isotonic,Isotonic Regression,0.036567993462085724,0.004550553392618895,0.9972714870395635,0.0008598527735122609,0.0012495817414139446,0.0011095817066583919,0.0010730054071948656,0.01353111956268549,0.004239047411829233,0.9977262391996362,0.0018852876500141886,0.0018603618495190539,0.002069512759083318,0.0019383874195388533,0.6
32,pendigits,10992,5935,660,2198,2199,16,10,4,tabpfn,dirichlet,Dirichlet ODIR,0.03791577536477142,0.006396310606126372,0.9959072305593452,0.002305850405476638,0.0023058504054765112,0.0025575676795900394,0.0023897561635143963,0.01353111956268549,0.004239047411829233,0.9977262391996362,0.0018852876500141886,0.0018603618495190539,0.002069512759083318,0.0019383874195388533,0.6
14952,PhishingWebsites,11055,5969,664,2211,2211,30,2,0,tabpfn,none,No calibration,0.05441844463348389,0.03342774882912636,0.9760289461781999,0.00444146922032582,0.006375218990538154,0.00873376850303295,0.006516818904632307,0.05441844463348389,0.03342774882912636,0.9760289461781999,0.00444146922032582,0.006375218990538154,0.00873376850303295,0.006516818904632307,0.75
14952,PhishingWebsites,11055,5969,664,2211,2211,30,2,0,tabpfn,temp,Temperature Scaling,0.05617890506982803,0.03355490788817406,0.9760289461781999,0.007999616475840719,0.008537610991946772,0.008430959034267998,0.008322728834018496,0.05441844463348389,0.03342774882912636,0.9760289461781999,0.00444146922032582,0.006375218990538154,0.00873376850303295,0.006516818904632307,0.75
14952,PhishingWebsites,11055,5969,664,2211,2211,30,2,0,tabpfn,logistic,Logistic Recalibration,0.07387159586368931,0.037632801225146666,0.9755766621438263,0.015821857979817826,0.019694263302791976,0.02151585021003485,0.01901065716421488,0.05441844463348389,0.03342774882912636,0.9760289461781999,0.00444146922032582,0.006375218990538154,0.00873376850303295,0.006516818904632307,0.75
14952,PhishingWebsites,11055,5969,664,2211,2211,30,2,0,tabpfn,isotonic,Isotonic Regression,0.0601830929517746,0.03750545531511307,0.9724106739032112,0.012236587767253802,0.012236560404651155,0.014497979632981066,0.012990375934962007,0.05441844463348389,0.03342774882912636,0.9760289461781999,0.00444146922032582,0.006375218990538154,0.00873376850303295,0.006516818904632307,0.75
14952,PhishingWebsites,11055,5969,664,2211,2211,30,2,0,tabpfn,dirichlet,Dirichlet ODIR,0.05801237174642003,0.034566014299309486,0.973767526006332,0.008834765979072878,0.010639770844587695,0.009438161767716509,0.009637566197125693,0.05441844463348389,0.03342774882912636,0.9760289461781999,0.00444146922032582,0.006375218990538154,0.00873376850303295,0.006516818904632307,0.75
14952,PhishingWebsites,11055,5969,664,2211,2211,30,2,1,tabpfn,none,No calibration,0.061894115060567856,0.039074696600437164,0.9724106739032112,0.004247211536526524,0.006780060073036483,0.00827548912023322,0.006434253576598742,0.061894115060567856,0.039074696600437164,0.9724106739032112,0.004247211536526524,0.006780060073036483,0.00827548912023322,0.006434253576598742,0.77
14952,PhishingWebsites,11055,5969,664,2211,2211,30,2,1,tabpfn,temp,Temperature Scaling,0.06199802830815315,0.038873977959156036,0.9724106739032112,0.005067898185476342,0.005655694660262722,0.005679344386873246,0.005467645744204104,0.061894115060567856,0.039074696600437164,0.9724106739032112,0.004247211536526524,0.006780060073036483,0.00827548912023322,0.006434253576598742,0.77
14952,PhishingWebsites,11055,5969,664,2211,2211,30,2,1,tabpfn,logistic,Logistic Recalibration,0.08284649824861257,0.042921931853166034,0.9728629579375848,0.012060496987874248,0.01440414960365732,0.016224611254661438,0.014229752615397669,0.061894115060567856,0.039074696600437164,0.9724106739032112,0.004247211536526524,0.006780060073036483,0.00827548912023322,0.006434253576598742,0.77
14952,PhishingWebsites,11055,5969,664,2211,2211,30,2,1,tabpfn,isotonic,Isotonic Regression,0.0629432275891304,0.039456114172935486,0.9728629579375848,0.009920638214673809,0.008473328932654772,0.010282448922169792,0.009558805356499457,0.061894115060567856,0.039074696600437164,0.9724106739032112,0.004247211536526524,0.006780060073036483,0.00827548912023322,0.006434253576598742,0.77
14952,PhishingWebsites,11055,5969,664,2211,2211,30,2,1,tabpfn,dirichlet,Dirichlet ODIR,0.06178993857554454,0.038672873353762655,0.9724106739032112,0.005322628381362734,0.007496109073216496,0.00635423571552765,0.006390991056702293,0.061894115060567856,0.039074696600437164,0.9724106739032112,0.004247211536526524,0.006780060073036483,0.00827548912023322,0.006434253576598742,0.77
14952,PhishingWebsites,11055,5969,664,2211,2211,30,2,2,tabpfn,none,No calibration,0.06491833925247192,0.039763085544109344,0.9706015377657169,0.00571909232788742,0.005351381758013086,0.007997592775490616,0.0063560222871303735,0.06491833925247192,0.039763085544109344,0.9706015377657169,0.00571909232788742,0.005351381758013086,0.007997592775490616,0.0063560222871303735,0.78
14952,PhishingWebsites,11055,5969,664,2211,2211,30,2,2,tabpfn,temp,Temperature Scaling,0.06491831690073013,0.03976307064294815,0.9706015377657169,0.005718993337269775,0.005351310938744961,0.00799759873325927,0.0063559676697580005,0.06491833925247192,0.039763085544109344,0.9706015377657169,0.00571909232788742,0.005351381758013086,0.007997592775490616,0.0063560222871303735,0.78
14952,PhishingWebsites,11055,5969,664,2211,2211,30,2,2,tabpfn,logistic,Logistic Recalibration,0.08370680713415746,0.04357795225020334,0.9719583898688376,0.009860879108759579,0.012963566301423453,0.014782537517067556,0.012535660975750195,0.06491833925247192,0.039763085544109344,0.9706015377657169,0.00571909232788742,0.005351381758013086,0.007997592775490616,0.0063560222871303735,0.78
14952,PhishingWebsites,11055,5969,664,2211,2211,30,2,2,tabpfn,isotonic,Isotonic Regression,0.09739653766155243,0.040707722306251526,0.9728629579375848,0.01024818989228789,0.009343632606832412,0.011843128233460566,0.01047831691086029,0.06491833925247192,0.039763085544109344,0.9706015377657169,0.00571909232788742,0.005351381758013086,0.007997592775490616,0.0063560222871303735,0.78
14952,PhishingWebsites,11055,5969,664,2211,2211,30,2,2,tabpfn,dirichlet,Dirichlet ODIR,0.06444605273188374,0.039376605286603764,0.9719583898688376,0.0034048802177428943,0.005221016444130766,0.0059520815291473055,0.0048593260636736555,0.06491833925247192,0.039763085544109344,0.9706015377657169,0.00571909232788742,0.005351381758013086,0.007997592775490616,0.0063560222871303735,0.78
14952,PhishingWebsites,11055,5969,664,2211,2211,30,2,3,tabpfn,none,No calibration,0.07506197690963745,0.04460262134671211,0.9687924016282226,0.011735929940308646,0.012723767746632475,0.012117332163465217,0.01219234328346878,0.07506197690963745,0.04460262134671211,0.9687924016282226,0.011735929940308646,0.012723767746632475,0.012117332163465217,0.01219234328346878,0.73
14952,PhishingWebsites,11055,5969,664,2211,2211,30,2,3,tabpfn,temp,Temperature Scaling,0.07201124727725983,0.04360249638557434,0.9687924016282226,0.007964206572195778,0.0066539722295543245,0.009342802023790567,0.007986993608513557,0.07506197690963745,0.04460262134671211,0.9687924016282226,0.011735929940308646,0.012723767746632475,0.012117332163465217,0.01219234328346878,0.73
14952,PhishingWebsites,11055,5969,664,2211,2211,30,2,3,tabpfn,logistic,Logistic Recalibration,0.09838218663059485,0.048773184090929365,0.9692446856625961,0.006817350735495697,0.015106602940741974,0.017806875254693374,0.013243609643643683,0.07506197690963745,0.04460262134671211,0.9687924016282226,0.011735929940308646,0.012723767746632475,0.012117332163465217,0.01219234328346878,0.73
14952,PhishingWebsites,11055,5969,664,2211,2211,30,2,3,tabpfn,isotonic,Isotonic Regression,0.10771873593330383,0.042744748294353485,0.9692446856625961,0.006967827724903626,0.007027943982952925,0.008804770925367442,0.007600180877741332,0.07506197690963745,0.04460262134671211,0.9687924016282226,0.011735929940308646,0.012723767746632475,0.012117332163465217,0.01219234328346878,0.73
14952,PhishingWebsites,11055,5969,664,2211,2211,30,2,3,tabpfn,dirichlet,Dirichlet ODIR,0.07155736664865757,0.04339869673506229,0.9687924016282226,0.005486824697158622,0.006349735734227131,0.008833108103111977,0.006889889511499243,0.07506197690963745,0.04460262134671211,0.9687924016282226,0.011735929940308646,0.012723767746632475,0.012117332163465217,0.01219234328346878,0.73
14952,PhishingWebsites,11055,5969,664,2211,2211,30,2,4,tabpfn,none,No calibration,0.06623981893062592,0.0371197946369648,0.9746720940750792,0.007819852749183174,0.006323793041172354,0.009096109883270923,0.00774658522454215,0.06623981893062592,0.0371197946369648,0.9746720940750792,0.007819852749183174,0.006323793041172354,0.009096109883270923,0.00774658522454215,0.72
14952,PhishingWebsites,11055,5969,664,2211,2211,30,2,4,tabpfn,temp,Temperature Scaling,0.06565974652767181,0.03716620057821274,0.9746720940750792,0.005808798288770671,0.005542538167124457,0.010376501169640345,0.007242612541845157,0.06623981893062592,0.0371197946369648,0.9746720940750792,0.007819852749183174,0.006323793041172354,0.009096109883270923,0.00774658522454215,0.72
14952,PhishingWebsites,11055,5969,664,2211,2211,30,2,4,tabpfn,logistic,Logistic Recalibration,0.08073217229606998,0.03915662992934894,0.9755766621438263,0.010077595979606703,0.014075650665335176,0.01685090527206926,0.013668050639003712,0.06623981893062592,0.0371197946369648,0.9746720940750792,0.007819852749183174,0.006323793041172354,0.009096109883270923,0.00774658522454215,0.72
14952,PhishingWebsites,11055,5969,664,2211,2211,30,2,4,tabpfn,isotonic,Isotonic Regression,0.07006387412548065,0.03724942356348038,0.9755766621438263,0.005620368677585232,0.008738201729909433,0.008147543666051107,0.007502038024515257,0.06623981893062592,0.0371197946369648,0.9746720940750792,0.007819852749183174,0.006323793041172354,0.009096109883270923,0.00774658522454215,0.72
14952,PhishingWebsites,11055,5969,664,2211,2211,30,2,4,tabpfn,dirichlet,Dirichlet ODIR,0.06546058029329455,0.03709368654406224,0.9746720940750792,0.0061064754479509846,0.008969551503274937,0.006952195932594228,0.007342740961273383,0.06623981893062592,0.0371197946369648,0.9746720940750792,0.007819852749183174,0.006323793041172354,0.009096109883270923,0.00774658522454215,0.72
146800,MiceProtein,1080,583,65,216,216,77,8,0,tabpfn,none,No calibration,0.0008974648080766201,0.00015116810391191393,1.0,0.0008556293668570341,0.0008556293668570341,0.0008556293668570341,0.0008556293668570341,0.0008974648080766201,0.00015116810391191393,1.0,0.0008556293668570341,0.0008556293668570341,0.0008556293668570341,0.0008556293668570341,0.63
146800,MiceProtein,1080,583,65,216,216,77,8,0,tabpfn,temp,Temperature Scaling,0.0008891631732694805,0.00014974937948863953,1.0,0.0008477863890153389,0.0008477863890153389,0.0008477863890153389,0.000847786389015339,0.0008974648080766201,0.00015116810391191393,1.0,0.0008556293668570341,0.0008556293668570341,0.0008556293668570341,0.0008556293668570341,0.63
146800,MiceProtein,1080,583,65,216,216,77,8,0,tabpfn,logistic,Logistic Recalibration,0.13474709301916013,0.018304204767085722,1.0,0.12597873804551546,0.12597873804551538,0.12597873804551538,0.1259787380455154,0.0008974648080766201,0.00015116810391191393,1.0,0.0008556293668570341,0.0008556293668570341,0.0008556293668570341,0.0008556293668570341,0.63
146800,MiceProtein,1080,583,65,216,216,77,8,0,tabpfn,isotonic,Isotonic Regression,0.0007503519882448018,0.00014335110608953983,1.0,0.000710984898938073,0.000710984898938073,0.000710984898938073,0.000710984898938073,0.0008974648080766201,0.00015116810391191393,1.0,0.0008556293668570341,0.0008556293668570341,0.0008556293668570341,0.0008556293668570341,0.63
146800,MiceProtein,1080,583,65,216,216,77,8,0,tabpfn,dirichlet,Dirichlet ODIR,0.0001700578178341112,2.056655556108601e-07,1.0,0.0001700011968331916,0.0001700011968331916,0.0001700011968331916,0.0001700011968331916,0.0008974648080766201,0.00015116810391191393,1.0,0.0008556293668570341,0.0008556293668570341,0.0008556293668570341,0.0008556293668570341,0.63
146800,MiceProtein,1080,583,65,216,216,77,8,1,tabpfn,none,No calibration,0.001218037330545485,0.00014240281598176807,1.0,0.0011782050132751465,0.0011781917677985297,0.0011781917677985297,0.0011781961829574021,0.001218037330545485,0.00014240281598176807,1.0,0.0011782050132751465,0.0011781917677985297,0.0011781917677985297,0.0011781961829574021,0.7
146800,MiceProtein,1080,583,65,216,216,77,8,1,tabpfn,temp,Temperature Scaling,0.0012361130211502314,0.0001453999720979482,1.0,0.0011955499649047852,0.0011954804261525471,0.0011954804261525471,0.0011955036057366263,0.001218037330545485,0.00014240281598176807,1.0,0.0011782050132751465,0.0011781917677985297,0.0011781917677985297,0.0011781961829574021,0.7
146800,MiceProtein,1080,583,65,216,216,77,8,1,tabpfn,logistic,Logistic Recalibration,0.13712106196666823,0.01896911705066349,1.0,0.12802918136388997,0.12802918136388997,0.12802918136389005,0.12802918136389,0.001218037330545485,0.00014240281598176807,1.0,0.0011782050132751465,0.0011781917677985297,0.0011781917677985297,0.0011781961829574021,0.7
146800,MiceProtein,1080,583,65,216,216,77,8,1,tabpfn,isotonic,Isotonic Regression,0.00036556937266141176,4.803057890967466e-05,1.0,0.0003527998924255371,0.00035273504477960094,0.00035273504477960094,0.0003527566606615796,0.001218037330545485,0.00014240281598176807,1.0,0.0011782050132751465,0.0011781917677985297,0.0011781917677985297,0.0011781961829574021,0.7
146800,MiceProtein,1080,583,65,216,216,77,8,1,tabpfn,dirichlet,Dirichlet ODIR,0.00014308715008262522,1.1196075141815607e-07,1.0,0.0001430558955511918,0.0001430558955511918,0.0001430558955511918,0.0001430558955511918,0.001218037330545485,0.00014240281598176807,1.0,0.0011782050132751465,0.0011781917677985297,0.0011781917677985297,0.0011781961829574021,0.7
146800,MiceProtein,1080,583,65,216,216,77,8,2,tabpfn,none,No calibration,0.003322460688650608,0.0016392039833590388,1.0,0.0027544846137364703,0.0027544846137364703,0.0027544846137364703,0.0027544846137364707,0.003322460688650608,0.0016392039833590388,1.0,0.0027544846137364703,0.0027544846137364703,0.0027544846137364703,0.0027544846137364707,0.71
146800,MiceProtein,1080,583,65,216,216,77,8,2,tabpfn,temp,Temperature Scaling,0.003307248465716839,0.0016348821809515357,1.0,0.0027410512169202166,0.0027410512169202166,0.0027410512169202166,0.002741051216920217,0.003322460688650608,0.0016392039833590388,1.0,0.0027544846137364703,0.0027544846137364703,0.0027544846137364703,0.0027544846137364707,0.71
146800,MiceProtein,1080,583,65,216,216,77,8,2,tabpfn,logistic,Logistic Recalibration,0.13733421212968988,0.019664899138980802,1.0,0.1277097882030653,0.12770978820306508,0.12770978820306508,0.12770978820306514,0.003322460688650608,0.0016392039833590388,1.0,0.0027544846137364703,0.0027544846137364703,0.0027544846137364703,0.0027544846137364707,0.71
146800,MiceProtein,1080,583,65,216,216,77,8,2,tabpfn,isotonic,Isotonic Regression,0.003136801766231656,0.0016222549602389336,1.0,0.002576413805837984,0.002576413805837984,0.002576413805837984,0.002576413805837984,0.003322460688650608,0.0016392039833590388,1.0,0.0027544846137364703,0.0027544846137364703,0.0027544846137364703,0.0027544846137364707,0.71
146800,MiceProtein,1080,583,65,216,216,77,8,2,tabpfn,dirichlet,Dirichlet ODIR,0.0010565945798869138,0.00026409068746803256,1.0,0.0009795088824312698,0.0009795088824312698,0.0009795088824312698,0.0009795088824312698,0.003322460688650608,0.0016392039833590388,1.0,0.0027544846137364703,0.0027544846137364703,0.0027544846137364703,0.0027544846137364707,0.71
146800,MiceProtein,1080,583,65,216,216,77,8,3,tabpfn,none,No calibration,0.00010258697875542566,2.8055419321049158e-08,1.0,0.00010257959365844727,0.00010257959365844727,0.00010257959365844727,0.00010257959365844727,0.00010258697875542566,2.8055419321049158e-08,1.0,0.00010257959365844727,0.00010257959365844727,0.00010257959365844727,0.00010257959365844727,0.69
146800,MiceProtein,1080,583,65,216,216,77,8,3,tabpfn,temp,Temperature Scaling,9.799448889680207e-05,2.607412064037362e-08,1.0,9.804964065551758e-05,9.804964065551758e-05,9.804964065551758e-05,9.804964065551758e-05,0.00010258697875542566,2.8055419321049158e-08,1.0,0.00010257959365844727,0.00010257959365844727,0.00010257959365844727,0.00010257959365844727,0.69
146800,MiceProtein,1080,583,65,216,216,77,8,3,tabpfn,logistic,Logistic Recalibration,0.13417080868533035,0.01813225593153431,1.0,0.12549146505587105,0.12549146505587105,0.12549146505587105,0.12549146505587105,0.00010258697875542566,2.8055419321049158e-08,1.0,0.00010257959365844727,0.00010257959365844727,0.00010257959365844727,0.00010257959365844727,0.69
146800,MiceProtein,1080,583,65,216,216,77,8,3,tabpfn,isotonic,Isotonic Regression,8.278424057373002e-10,7.493494549473494e-16,1.0,0.0,0.0,0.0,0.0,0.00010258697875542566,2.8055419321049158e-08,1.0,0.00010257959365844727,0.00010257959365844727,0.00010257959365844727,0.00010257959365844727,0.69
146800,MiceProtein,1080,583,65,216,216,77,8,3,tabpfn,dirichlet,Dirichlet ODIR,0.00012917632030638612,3.8950389427050186e-08,1.0,0.00012916658170358808,0.00012916658170358808,0.00012916658170358808,0.00012916658170358808,0.00010258697875542566,2.8055419321049158e-08,1.0,0.00010257959365844727,0.00010257959365844727,0.00010257959365844727,0.00010257959365844727,0.69
146800,MiceProtein,1080,583,65,216,216,77,8,4,tabpfn,none,No calibration,0.0005847609718330204,2.778114503598772e-05,1.0,0.0005740523338317871,0.0005740523338317871,0.0005741105587394149,0.0005740717421343298,0.0005847609718330204,2.778114503598772e-05,1.0,0.0005740523338317871,0.0005740523338317871,0.0005741105587394149,0.0005740717421343298,0.71
146800,MiceProtein,1080,583,65,216,216,77,8,4,tabpfn,temp,Temperature Scaling,0.0005767858237959445,2.7226617021369748e-05,1.0,0.0005664229393005371,0.0005664229393005371,0.0005665090348985461,0.0005664516378332068,0.0005847609718330204,2.778114503598772e-05,1.0,0.0005740523338317871,0.0005740523338317871,0.0005741105587394149,0.0005740717421343298,0.71
146800,MiceProtein,1080,583,65,216,216,77,8,4,tabpfn,logistic,Logistic Recalibration,0.1345206288939653,0.018228415187855146,1.0,0.1257923248649062,0.12579232486490613,0.125792324864906,0.1257923248649061,0.0005847609718330204,2.778114503598772e-05,1.0,0.0005740523338317871,0.0005740523338317871,0.0005741105587394149,0.0005740717421343298,0.71
146800,MiceProtein,1080,583,65,216,216,77,8,4,tabpfn,isotonic,Isotonic Regression,0.00041053962195292115,2.1032903532614e-05,1.0,0.0004025697708129883,0.0004025697708129883,0.0004025772213935852,0.00040257225433985394,0.0005847609718330204,2.778114503598772e-05,1.0,0.0005740523338317871,0.0005740523338317871,0.0005741105587394149,0.0005740717421343298,0.71
146800,MiceProtein,1080,583,65,216,216,77,8,4,tabpfn,dirichlet,Dirichlet ODIR,0.00020976442880787956,1.7837892081583668e-06,1.0,0.00020931048345440573,0.00020931048345440573,0.00020931048345440573,0.00020931048345440573,0.0005847609718330204,2.778114503598772e-05,1.0,0.0005740523338317871,0.0005740523338317871,0.0005741105587394149,0.0005740717421343298,0.71
23,cmc,1473,794,89,295,295,9,3,0,tabpfn,none,No calibration,0.8765761256217957,0.5196969509124756,0.5694915254237288,0.046078348866963784,0.06013159357895287,0.057389265601917844,0.05453306934927817,0.8765761256217957,0.5196969509124756,0.5694915254237288,0.046078348866963784,0.06013159357895287,0.057389265601917844,0.05453306934927817,0.7
23,cmc,1473,794,89,295,295,9,3,0,tabpfn,temp,Temperature Scaling,0.8755983710289001,0.5192082524299622,0.5694915254237288,0.04251303470740883,0.054682211350586464,0.049972108360064244,0.049055784806019846,0.8765761256217957,0.5196969509124756,0.5694915254237288,0.046078348866963784,0.06013159357895287,0.057389265601917844,0.05453306934927817,0.7
23,cmc,1473,794,89,295,295,9,3,0,tabpfn,logistic,Logistic Recalibration,0.8854119735349116,0.5223635514650679,0.559322033898305,0.06710762576162829,0.06380659760469251,0.06710762576162822,0.06600728304264968,0.8765761256217957,0.5196969509124756,0.5694915254237288,0.046078348866963784,0.06013159357895287,0.057389265601917844,0.05453306934927817,0.7
23,cmc,1473,794,89,295,295,9,3,0,tabpfn,isotonic,Isotonic Regression,1.0273349285125732,0.5206718444824219,0.5966101694915255,0.023593837527905497,0.04726945616431156,0.059260499073287204,0.04337459758850142,0.8765761256217957,0.5196969509124756,0.5694915254237288,0.046078348866963784,0.06013159357895287,0.057389265601917844,0.05453306934927817,0.7
23,cmc,1473,794,89,295,295,9,3,0,tabpfn,dirichlet,Dirichlet ODIR,0.8713382495091895,0.5173889371762458,0.5864406779661017,0.02578952016702423,0.0570427260903345,0.051750426888429506,0.04486089104859608,0.8765761256217957,0.5196969509124756,0.5694915254237288,0.046078348866963784,0.06013159357895287,0.057389265601917844,0.05453306934927817,0.7
23,cmc,1473,794,89,295,295,9,3,1,tabpfn,none,No calibration,0.8403310179710388,0.5015965104103088,0.6,0.041439364623215236,0.04040213793011034,0.05481640433861036,0.045552635630645315,0.8403310179710388,0.5015965104103088,0.6,0.041439364623215236,0.04040213793011034,0.05481640433861036,0.045552635630645315,0.75
23,cmc,1473,794,89,295,295,9,3,1,tabpfn,temp,Temperature Scaling,0.8508738279342651,0.5057544708251953,0.6,0.07018359778291088,0.07147335905139732,0.07462998537693992,0.07209564740374937,0.8403310179710388,0.5015965104103088,0.6,0.041439364623215236,0.04040213793011034,0.05481640433861036,0.045552635630645315,0.75
23,cmc,1473,794,89,295,295,9,3,1,tabpfn,logistic,Logistic Recalibration,0.8789135899549237,0.5177921032358606,0.5966101694915255,0.08491136153497157,0.07972798693849067,0.1016194743496648,0.08875294094104234,0.8403310179710388,0.5015965104103088,0.6,0.041439364623215236,0.04040213793011034,0.05481640433861036,0.045552635630645315,0.75
23,cmc,1473,794,89,295,295,9,3,1,tabpfn,isotonic,Isotonic Regression,0.8530740141868591,0.5122981667518616,0.5830508474576271,0.04504302335997756,0.04848358024985101,0.09113620155948704,0.06155426838977187,0.8403310179710388,0.5015965104103088,0.6,0.041439364623215236,0.04040213793011034,0.05481640433861036,0.045552635630645315,0.75
23,cmc,1473,794,89,295,295,9,3,1,tabpfn,dirichlet,Dirichlet ODIR,0.8555870901165329,0.5095938034524375,0.5966101694915255,0.0671323587341796,0.07478863361200896,0.08345992311983284,0.07512697182200713,0.8403310179710388,0.5015965104103088,0.6,0.041439364623215236,0.04040213793011034,0.05481640433861036,0.045552635630645315,0.75
23,cmc,1473,794,89,295,295,9,3,2,tabpfn,none,No calibration,0.9219161868095398,0.5456176400184631,0.5220338983050847,0.07169734744702355,0.06792278754509103,0.08493486127610936,0.07485166542274131,0.9219161868095398,0.5456176400184631,0.5220338983050847,0.07169734744702355,0.06792278754509103,0.08493486127610936,0.07485166542274131,0.68
23,cmc,1473,794,89,295,295,9,3,2,tabpfn,temp,Temperature Scaling,0.9167395830154419,0.5457596182823181,0.5220338983050847,0.0581081276222811,0.06160036436582015,0.06823121996249185,0.0626465706501977,0.9219161868095398,0.5456176400184631,0.5220338983050847,0.07169734744702355,0.06792278754509103,0.08493486127610936,0.07485166542274131,0.68
23,cmc,1473,794,89,295,295,9,3,2,tabpfn,logistic,Logistic Recalibration,0.9149343654786581,0.5466593978203582,0.5186440677966102,0.05284551836383592,0.05878051902197392,0.058575050782109686,0.05673369605597317,0.9219161868095398,0.5456176400184631,0.5220338983050847,0.07169734744702355,0.06792278754509103,0.08493486127610936,0.07485166542274131,0.68
23,cmc,1473,794,89,295,295,9,3,2,tabpfn,isotonic,Isotonic Regression,1.192984700202942,0.5543271899223328,0.559322033898305,0.053051567481736006,0.05305155434850917,0.05495784919140702,0.05368699034055072,0.9219161868095398,0.5456176400184631,0.5220338983050847,0.07169734744702355,0.06792278754509103,0.08493486127610936,0.07485166542274131,0.68
23,cmc,1473,794,89,295,295,9,3,2,tabpfn,dirichlet,Dirichlet ODIR,0.9133031839539288,0.5480900789605068,0.5457627118644067,0.04032198499273447,0.04046993849609895,0.047511434764064185,0.0427677860842992,0.9219161868095398,0.5456176400184631,0.5220338983050847,0.07169734744702355,0.06792278754509103,0.08493486127610936,0.07485166542274131,0.68
23,cmc,1473,794,89,295,295,9,3,3,tabpfn,none,No calibration,0.8693916201591492,0.5174253582954407,0.6,0.06918052535946087,0.07287756780446585,0.07492054973618462,0.0723262143000371,0.8693916201591492,0.5174253582954407,0.6,0.06918052535946087,0.07287756780446585,0.07492054973618462,0.0723262143000371,0.69
23,cmc,1473,794,89,295,295,9,3,3,tabpfn,temp,Temperature Scaling,0.8707960247993469,0.5168670415878296,0.6,0.0642490352614451,0.07142271197448342,0.09101863543866044,0.07556346089152965,0.8693916201591492,0.5174253582954407,0.6,0.06918052535946087,0.07287756780446585,0.07492054973618462,0.0723262143000371,0.69
23,cmc,1473,794,89,295,295,9,3,3,tabpfn,logistic,Logistic Recalibration,0.8738018876796594,0.5164563294986193,0.6033898305084746,0.05555826811023623,0.06618328971958518,0.09033438422264001,0.0706919806841538,0.8693916201591492,0.5174253582954407,0.6,0.06918052535946087,0.07287756780446585,0.07492054973618462,0.0723262143000371,0.69
23,cmc,1473,794,89,295,295,9,3,3,tabpfn,isotonic,Isotonic Regression,0.9885138273239136,0.5304664373397827,0.5728813559322034,0.07247277619475026,0.07968193535077368,0.1042556951611729,0.08547013556889894,0.8693916201591492,0.5174253582954407,0.6,0.06918052535946087,0.07287756780446585,0.07492054973618462,0.0723262143000371,0.69
23,cmc,1473,794,89,295,295,9,3,3,tabpfn,dirichlet,Dirichlet ODIR,0.8709021834319562,0.5170929489244449,0.5932203389830508,0.05501668279502661,0.07239149267122347,0.0744560967924279,0.06728809075289266,0.8693916201591492,0.5174253582954407,0.6,0.06918052535946087,0.07287756780446585,0.07492054973618462,0.0723262143000371,0.69
23,cmc,1473,794,89,295,295,9,3,4,tabpfn,none,No calibration,0.8852723240852356,0.5318365693092346,0.5423728813559322,0.04796097793821561,0.04777860681889423,0.07612536761720301,0.05728831745810428,0.8852723240852356,0.5318365693092346,0.5423728813559322,0.04796097793821561,0.04777860681889423,0.07612536761720301,0.05728831745810428,0.68
23,cmc,1473,794,89,295,295,9,3,4,tabpfn,temp,Temperature Scaling,0.8845712542533875,0.5303853154182434,0.5423728813559322,0.03400373135582875,0.035541747182102526,0.05316723867998286,0.04090423907263804,0.8852723240852356,0.5318365693092346,0.5423728813559322,0.04796097793821561,0.04777860681889423,0.07612536761720301,0.05728831745810428,0.68
23,cmc,1473,794,89,295,295,9,3,4,tabpfn,logistic,Logistic Recalibration,0.8973380713003452,0.5348733070763935,0.5423728813559322,0.05838404436476846,0.03365102393277455,0.06396942279604001,0.05200149703119434,0.8852723240852356,0.5318365693092346,0.5423728813559322,0.04796097793821561,0.04777860681889423,0.07612536761720301,0.05728831745810428,0.68
23,cmc,1473,794,89,295,295,9,3,4,tabpfn,isotonic,Isotonic Regression,1.094590187072754,0.5372410416603088,0.5457627118644067,0.039922065249944134,0.05151880464311373,0.06426501274108887,0.05190196087804891,0.8852723240852356,0.5318365693092346,0.5423728813559322,0.04796097793821561,0.04777860681889423,0.07612536761720301,0.05728831745810428,0.68
23,cmc,1473,794,89,295,295,9,3,4,tabpfn,dirichlet,Dirichlet ODIR,0.8791774080555388,0.524919399131129,0.5423728813559322,0.026213805210813124,0.052744100442025044,0.041888372605290436,0.04028209275270953,0.8852723240852356,0.5318365693092346,0.5423728813559322,0.04796097793821561,0.04777860681889423,0.07612536761720301,0.05728831745810428,0.68
146821,car,1728,932,104,346,346,6,4,0,tabpfn,none,No calibration,0.05195919796824455,0.03385421261191368,0.976878612716763,0.013428991068305309,0.013883725583897848,0.01351361467659129,0.013608777109598147,0.05195919796824455,0.03385421261191368,0.976878612716763,0.013428991068305309,0.013883725583897848,0.01351361467659129,0.013608777109598147,0.69
146821,car,1728,932,104,346,346,6,4,0,tabpfn,temp,Temperature Scaling,0.05164385214447975,0.03412716090679169,0.976878612716763,0.013943226523482042,0.012509191656388297,0.02129025834833266,0.015914225509401,0.05195919796824455,0.03385421261191368,0.976878612716763,0.013428991068305309,0.013883725583897848,0.01351361467659129,0.013608777109598147,0.69
146821,car,1728,932,104,346,346,6,4,0,tabpfn,logistic,Logistic Recalibration,0.1019254156857549,0.042777215151405576,0.9682080924855492,0.0495041953031503,0.054322908335302136,0.05432290833530211,0.052716670657918185,0.05195919796824455,0.03385421261191368,0.976878612716763,0.013428991068305309,0.013883725583897848,0.01351361467659129,0.013608777109598147,0.69
146821,car,1728,932,104,346,346,6,4,0,tabpfn,isotonic,Isotonic Regression,0.045911870896816254,0.03111514076590538,0.9797687861271677,0.008841556276200169,0.009002620946465199,0.010877124663722308,0.00957376729546256,0.05195919796824455,0.03385421261191368,0.976878612716763,0.013428991068305309,0.013883725583897848,0.01351361467659129,0.013608777109598147,0.69
146821,car,1728,932,104,346,346,6,4,0,tabpfn,dirichlet,Dirichlet ODIR,0.08623379843199337,0.03466737776562778,0.9797687861271677,0.012524843731985733,0.01387062081457879,0.017939690137007396,0.014778384894523974,0.05195919796824455,0.03385421261191368,0.976878612716763,0.013428991068305309,0.013883725583897848,0.01351361467659129,0.013608777109598147,0.69
146821,car,1728,932,104,346,346,6,4,1,tabpfn,none,No calibration,0.039761580526828766,0.023469826206564903,0.9797687861271677,0.01114109192969482,0.011779957596277224,0.011779938302288165,0.011566995942753401,0.039761580526828766,0.023469826206564903,0.9797687861271677,0.01114109192969482,0.011779957596277224,0.011779938302288165,0.011566995942753401,0.67
146821,car,1728,932,104,346,346,6,4,1,tabpfn,temp,Temperature Scaling,0.03888406231999397,0.02361335977911949,0.9797687861271677,0.010349593410602195,0.012870393219710773,0.014461484947645592,0.012560490525986186,0.039761580526828766,0.023469826206564903,0.9797687861271677,0.01114109192969482,0.011779957596277224,0.011779938302288165,0.011566995942753401,0.67
146821,car,1728,932,104,346,346,6,4,1,tabpfn,logistic,Logistic Recalibration,0.08049911531428756,0.029981446667005595,0.9797687861271677,0.04805015628498249,0.04135980996053985,0.05263942923295943,0.04734979849282726,0.039761580526828766,0.023469826206564903,0.9797687861271677,0.01114109192969482,0.011779957596277224,0.011779938302288165,0.011566995942753401,0.67
146821,car,1728,932,104,346,346,6,4,1,tabpfn,isotonic,Isotonic Regression,0.13125334680080414,0.02726982720196247,0.9797687861271677,0.01351385206156381,0.01635558050491908,0.01635558033265132,0.015408337633044736,0.039761580526828766,0.023469826206564903,0.9797687861271677,0.01114109192969482,0.011779957596277224,0.011779938302288165,0.011566995942753401,0.67
146821,car,1728,932,104,346,346,6,4,1,tabpfn,dirichlet,Dirichlet ODIR,0.08328225074352781,0.03422411538330122,0.9797687861271677,0.013700260748587259,0.012064989687567406,0.014496843559218708,0.013420697998457791,0.039761580526828766,0.023469826206564903,0.9797687861271677,0.01114109192969482,0.011779957596277224,0.011779938302288165,0.011566995942753401,0.67
146821,car,1728,932,104,346,346,6,4,2,tabpfn,none,No calibration,0.03959368169307709,0.023207377642393112,0.9797687861271677,0.013109819048401937,0.015589093197287851,0.014825716356321565,0.014508209534003785,0.03959368169307709,0.023207377642393112,0.9797687861271677,0.013109819048401937,0.015589093197287851,0.014825716356321565,0.014508209534003785,0.77
146821,car,1728,932,104,346,346,6,4,2,tabpfn,temp,Temperature Scaling,0.03401898965239525,0.022979626432061195,0.9797687861271677,0.008918344285446782,0.012024705120593823,0.012024640003380747,0.010989229803140451,0.03959368169307709,0.023207377642393112,0.9797687861271677,0.013109819048401937,0.015589093197287851,0.014825716356321565,0.014508209534003785,0.77
146821,car,1728,932,104,346,346,6,4,2,tabpfn,logistic,Logistic Recalibration,0.07815464768549898,0.03336923728012194,0.976878612716763,0.02902878039932307,0.031730654709939854,0.03260405046591457,0.0311211618583925,0.03959368169307709,0.023207377642393112,0.9797687861271677,0.013109819048401937,0.015589093197287851,0.014825716356321565,0.014508209534003785,0.77
146821,car,1728,932,104,346,346,6,4,2,tabpfn,isotonic,Isotonic Regression,0.0462123304605484,0.03235545754432678,0.9710982658959537,0.018448606564130363,0.015565668227355603,0.019138311891886542,0.0177175288944575,0.03959368169307709,0.023207377642393112,0.9797687861271677,0.013109819048401937,0.015589093197287851,0.014825716356321565,0.014508209534003785,0.77
146821,car,1728,932,104,346,346,6,4,2,tabpfn,dirichlet,Dirichlet ODIR,0.084048694269155,0.04254829469232628,0.9739884393063584,0.01954840248393131,0.021261440838139325,0.02126144083813932,0.020690428053403317,0.03959368169307709,0.023207377642393112,0.9797687861271677,0.013109819048401937,0.015589093197287851,0.014825716356321565,0.014508209534003785,0.77
146821,car,1728,932,104,346,346,6,4,3,tabpfn,none,No calibration,0.04310968890786171,0.02394513040781021,0.9826589595375722,0.01243590912377903,0.020808123784258184,0.02112822088202989,0.018124084596689034,0.04310968890786171,0.02394513040781021,0.9826589595375722,0.01243590912377903,0.020808123784258184,0.02112822088202989,0.018124084596689034,0.69
146821,car,1728,932,104,346,346,6,4,3,tabpfn,temp,Temperature Scaling,0.03692380711436272,0.023487459868192673,0.9826589595375722,0.009608821372765372,0.010110702128768632,0.014578706611787652,0.011432743371107218,0.04310968890786171,0.02394513040781021,0.9826589595375722,0.01243590912377903,0.020808123784258184,0.02112822088202989,0.018124084596689034,0.69
146821,car,1728,932,104,346,346,6,4,3,tabpfn,logistic,Logistic Recalibration,0.07695240182742132,0.03070340246466878,0.9739884393063584,0.0324779813705243,0.03476633781771474,0.04036603882602973,0.03587011933808959,0.04310968890786171,0.02394513040781021,0.9826589595375722,0.01243590912377903,0.020808123784258184,0.02112822088202989,0.018124084596689034,0.69
146821,car,1728,932,104,346,346,6,4,3,tabpfn,isotonic,Isotonic Regression,0.17270682752132416,0.030663583427667618,0.9797687861271677,0.012649300987320804,0.013325491737079044,0.014180878338786193,0.013385223687728681,0.04310968890786171,0.02394513040781021,0.9826589595375722,0.01243590912377903,0.020808123784258184,0.02112822088202989,0.018124084596689034,0.69
146821,car,1728,932,104,346,346,6,4,3,tabpfn,dirichlet,Dirichlet ODIR,0.052853253870087706,0.0335996642124846,0.9739884393063584,0.014285014323814588,0.014285014323814302,0.02111017384131777,0.016560067496315552,0.04310968890786171,0.02394513040781021,0.9826589595375722,0.01243590912377903,0.020808123784258184,0.02112822088202989,0.018124084596689034,0.69
146821,car,1728,932,104,346,346,6,4,4,tabpfn,none,No calibration,0.02750249020755291,0.013717927038669586,0.9942196531791907,0.013079446864265928,0.014988296121531137,0.014872384898235343,0.014313375961344138,0.02750249020755291,0.013717927038669586,0.9942196531791907,0.013079446864265928,0.014988296121531137,0.014872384898235343,0.014313375961344138,0.69
146821,car,1728,932,104,346,346,6,4,4,tabpfn,temp,Temperature Scaling,0.025059182196855545,0.012958083301782608,0.9942196531791907,0.011755246302985044,0.012686844850551186,0.014773829307170272,0.013071973486902167,0.02750249020755291,0.013717927038669586,0.9942196531791907,0.013079446864265928,0.014988296121531137,0.014872384898235343,0.014313375961344138,0.69
146821,car,1728,932,104,346,346,6,4,4,tabpfn,logistic,Logistic Recalibration,0.06365392341073776,0.018239545080823427,0.9913294797687862,0.04157949984798928,0.04301941453485181,0.04403948246486953,0.042879465615903535,0.02750249020755291,0.013717927038669586,0.9942196531791907,0.013079446864265928,0.014988296121531137,0.014872384898235343,0.014313375961344138,0.69
146821,car,1728,932,104,346,346,6,4,4,tabpfn,isotonic,Isotonic Regression,0.019805969670414925,0.010888619348406792,0.9942196531791907,0.008091125185089993,0.014131964458895554,0.011157285443620187,0.011126791695868577,0.02750249020755291,0.013717927038669586,0.9942196531791907,0.013079446864265928,0.014988296121531137,0.014872384898235343,0.014313375961344138,0.69
146821,car,1728,932,104,346,346,6,4,4,tabpfn,dirichlet,Dirichlet ODIR,0.02775249328082559,0.015787632794570197,0.9942196531791907,0.016687029610896534,0.015406476769632759,0.016687029610896513,0.016260178663808602,0.02750249020755291,0.013717927038669586,0.9942196531791907,0.013079446864265928,0.014988296121531137,0.014872384898235343,0.014313375961344138,0.69
14,mfeat-fourier,2000,1080,120,400,400,76,10,0,tabpfn,none,No calibration,0.2704888880252838,0.15202230215072632,0.8925,0.026869462803006186,0.04904927693307402,0.04373147986829285,0.03988340653479102,0.2704888880252838,0.15202230215072632,0.8925,0.026869462803006186,0.04904927693307402,0.04373147986829285,0.03988340653479102,0.63
14,mfeat-fourier,2000,1080,120,400,400,76,10,0,tabpfn,temp,Temperature Scaling,0.2702953815460205,0.1516210436820984,0.8925,0.02413599960505965,0.05133240304887296,0.04086097754538058,0.03877646006643773,0.2704888880252838,0.15202230215072632,0.8925,0.026869462803006186,0.04904927693307402,0.04373147986829285,0.03988340653479102,0.63
14,mfeat-fourier,2000,1080,120,400,400,76,10,0,tabpfn,logistic,Logistic Recalibration,0.39692888557251194,0.16947962942311798,0.8925,0.12180862281960694,0.12188630108162771,0.12747373856483055,0.12372288748868839,0.2704888880252838,0.15202230215072632,0.8925,0.026869462803006186,0.04904927693307402,0.04373147986829285,0.03988340653479102,0.63
14,mfeat-fourier,2000,1080,120,400,400,76,10,0,tabpfn,isotonic,Isotonic Regression,0.4944971799850464,0.16546005010604858,0.8825,0.02952903270721435,0.03552845075726511,0.0490586604177952,0.038038714627424884,0.2704888880252838,0.15202230215072632,0.8925,0.026869462803006186,0.04904927693307402,0.04373147986829285,0.03988340653479102,0.63
14,mfeat-fourier,2000,1080,120,400,400,76,10,0,tabpfn,dirichlet,Dirichlet ODIR,0.3713581395978954,0.17172287741435188,0.8825,0.034124748673337466,0.04891798214340075,0.04981776289252716,0.04428683123642179,0.2704888880252838,0.15202230215072632,0.8925,0.026869462803006186,0.04904927693307402,0.04373147986829285,0.03988340653479102,0.63
14,mfeat-fourier,2000,1080,120,400,400,76,10,1,tabpfn,none,No calibration,0.25824666023254395,0.15531323850154877,0.88,0.024465662539005287,0.033518105894327174,0.03473147578537465,0.030905081406235702,0.25824666023254395,0.15531323850154877,0.88,0.024465662539005287,0.033518105894327174,0.03473147578537465,0.030905081406235702,0.68
14,mfeat-fourier,2000,1080,120,400,400,76,10,1,tabpfn,temp,Temperature Scaling,0.25873222947120667,0.15512096881866455,0.88,0.026358862817287422,0.0306466496735811,0.038355987071991,0.031787166520953175,0.25824666023254395,0.15531323850154877,0.88,0.024465662539005287,0.033518105894327174,0.03473147578537465,0.030905081406235702,0.68
14,mfeat-fourier,2000,1080,120,400,400,76,10,1,tabpfn,logistic,Logistic Recalibration,0.38256852920193823,0.1665248973570016,0.88,0.09993540819784452,0.10710138507861595,0.10955424731685284,0.10553034686443778,0.25824666023254395,0.15531323850154877,0.88,0.024465662539005287,0.033518105894327174,0.03473147578537465,0.030905081406235702,0.68
14,mfeat-fourier,2000,1080,120,400,400,76,10,1,tabpfn,isotonic,Isotonic Regression,0.35084888339042664,0.16308611631393433,0.8775,0.027683894634246795,0.035883826315402954,0.04421920552849772,0.03592897549271582,0.25824666023254395,0.15531323850154877,0.88,0.024465662539005287,0.033518105894327174,0.03473147578537465,0.030905081406235702,0.68
14,mfeat-fourier,2000,1080,120,400,400,76,10,1,tabpfn,dirichlet,Dirichlet ODIR,0.38072705754156844,0.19465122933945467,0.855,0.05491578072830332,0.0601492920379491,0.0563634038084449,0.057142825524899105,0.25824666023254395,0.15531323850154877,0.88,0.024465662539005287,0.033518105894327174,0.03473147578537465,0.030905081406235702,0.68
14,mfeat-fourier,2000,1080,120,400,400,76,10,2,tabpfn,none,No calibration,0.25084346532821655,0.15049362182617188,0.885,0.024728672131896022,0.03027926027774811,0.03128580376505852,0.028764578724900885,0.25084346532821655,0.15049362182617188,0.885,0.024728672131896022,0.03027926027774811,0.03128580376505852,0.028764578724900885,0.67
14,mfeat-fourier,2000,1080,120,400,400,76,10,2,tabpfn,temp,Temperature Scaling,0.2528620958328247,0.1509370058774948,0.885,0.0258325932919979,0.03206094190478326,0.038584733754396444,0.032159422983725865,0.25084346532821655,0.15049362182617188,0.885,0.024728672131896022,0.03027926027774811,0.03128580376505852,0.028764578724900885,0.67
14,mfeat-fourier,2000,1080,120,400,400,76,10,2,tabpfn,logistic,Logistic Recalibration,0.3749501177769578,0.16548175311899968,0.8875,0.11448821159691312,0.11626895924589681,0.12233417528205663,0.11769711537495553,0.25084346532821655,0.15049362182617188,0.885,0.024728672131896022,0.03027926027774811,0.03128580376505852,0.028764578724900885,0.67
14,mfeat-fourier,2000,1080,120,400,400,76,10,2,tabpfn,isotonic,Isotonic Regression,0.4760998487472534,0.1550101786851883,0.88,0.01874643608927729,0.030487276390194898,0.027034316658973708,0.025422676379481965,0.25084346532821655,0.15049362182617188,0.885,0.024728672131896022,0.03027926027774811,0.03128580376505852,0.028764578724900885,0.67
14,mfeat-fourier,2000,1080,120,400,400,76,10,2,tabpfn,dirichlet,Dirichlet ODIR,0.28321222214206826,0.1615137460410552,0.8725,0.027263136330607087,0.029830894478393915,0.0280207263984644,0.0283715857358218,0.25084346532821655,0.15049362182617188,0.885,0.024728672131896022,0.03027926027774811,0.03128580376505852,0.028764578724900885,0.67
14,mfeat-fourier,2000,1080,120,400,400,76,10,3,tabpfn,none,No calibration,0.2619858682155609,0.15412390232086182,0.88,0.020602592229843127,0.028292863443493847,0.03152121737599377,0.026805557683110246,0.2619858682155609,0.15412390232086182,0.88,0.020602592229843127,0.028292863443493847,0.03152121737599377,0.026805557683110246,0.63
14,mfeat-fourier,2000,1080,120,400,400,76,10,3,tabpfn,temp,Temperature Scaling,0.2600891888141632,0.15367256104946136,0.88,0.021394166946411136,0.021598894223570857,0.022166482880711554,0.021719848016897848,0.2619858682155609,0.15412390232086182,0.88,0.020602592229843127,0.028292863443493847,0.03152121737599377,0.026805557683110246,0.63
14,mfeat-fourier,2000,1080,120,400,400,76,10,3,tabpfn,logistic,Logistic Recalibration,0.38964889656262697,0.16665628696962556,0.8825,0.099966889086802,0.10677766159805754,0.10655206518673788,0.10443220529053247,0.2619858682155609,0.15412390232086182,0.88,0.020602592229843127,0.028292863443493847,0.03152121737599377,0.026805557683110246,0.63
14,mfeat-fourier,2000,1080,120,400,400,76,10,3,tabpfn,isotonic,Isotonic Regression,0.5223575830459595,0.1601734608411789,0.885,0.03485361635684971,0.03887195438146591,0.038739141300320634,0.03748823734621209,0.2619858682155609,0.15412390232086182,0.88,0.020602592229843127,0.028292863443493847,0.03152121737599377,0.026805557683110246,0.63
14,mfeat-fourier,2000,1080,120,400,400,76,10,3,tabpfn,dirichlet,Dirichlet ODIR,0.4011272491571479,0.17697859371157157,0.8825,0.040415282748815666,0.05058795744229867,0.06411449029398959,0.051705910161701306,0.2619858682155609,0.15412390232086182,0.88,0.020602592229843127,0.028292863443493847,0.03152121737599377,0.026805557683110246,0.63
14,mfeat-fourier,2000,1080,120,400,400,76,10,4,tabpfn,none,No calibration,0.2506098449230194,0.14750665426254272,0.8975,0.031089598909020418,0.03903240993618966,0.044660597816109655,0.03826086888710658,0.2506098449230194,0.14750665426254272,0.8975,0.031089598909020418,0.03903240993618966,0.044660597816109655,0.03826086888710658,0.62
14,mfeat-fourier,2000,1080,120,400,400,76,10,4,tabpfn,temp,Temperature Scaling,0.2520879805088043,0.14792372286319733,0.8975,0.03066090982407332,0.03661467622965575,0.04745790924876928,0.038244498434166115,0.2506098449230194,0.14750665426254272,0.8975,0.031089598909020418,0.03903240993618966,0.044660597816109655,0.03826086888710658,0.62
14,mfeat-fourier,2000,1080,120,400,400,76,10,4,tabpfn,logistic,Logistic Recalibration,0.37081390674958553,0.16206950981527019,0.8975,0.12198936760947182,0.12198936760947182,0.12198936760947181,0.12198936760947182,0.2506098449230194,0.14750665426254272,0.8975,0.031089598909020418,0.03903240993618966,0.044660597816109655,0.03826086888710658,0.62
14,mfeat-fourier,2000,1080,120,400,400,76,10,4,tabpfn,isotonic,Isotonic Regression,0.3617522418498993,0.15541601181030273,0.8775,0.010765887796878834,0.01665796443819999,0.022818660438060752,0.01674750422437986,0.2506098449230194,0.14750665426254272,0.8975,0.031089598909020418,0.03903240993618966,0.044660597816109655,0.03826086888710658,0.62
14,mfeat-fourier,2000,1080,120,400,400,76,10,4,tabpfn,dirichlet,Dirichlet ODIR,0.27942739871282557,0.15831448868828257,0.8775,0.023437718072133972,0.023653563524237642,0.02906871770571134,0.025386666434027653,0.2506098449230194,0.14750665426254272,0.8975,0.031089598909020418,0.03903240993618966,0.044660597816109655,0.03826086888710658,0.62
18,mfeat-morphological,2000,1080,120,400,400,6,10,0,tabpfn,none,No calibration,0.56512051820755,0.3103477358818054,0.745,0.0236763199418783,0.024976330548524862,0.03921420760452749,0.02928895269831022,0.56512051820755,0.3103477358818054,0.745,0.0236763199418783,0.024976330548524862,0.03921420760452749,0.02928895269831022,0.64
18,mfeat-morphological,2000,1080,120,400,400,6,10,0,tabpfn,temp,Temperature Scaling,0.5652655959129333,0.31026262044906616,0.745,0.01939183361828328,0.02025314830243587,0.033300282508134826,0.024315088142951326,0.56512051820755,0.3103477358818054,0.745,0.0236763199418783,0.024976330548524862,0.03921420760452749,0.02928895269831022,0.64
18,mfeat-morphological,2000,1080,120,400,400,6,10,0,tabpfn,logistic,Logistic Recalibration,0.6749084674078063,0.3203374900086453,0.755,0.09662138367375321,0.10226571362694573,0.10103621091673584,0.09997443607247825,0.56512051820755,0.3103477358818054,0.745,0.0236763199418783,0.024976330548524862,0.03921420760452749,0.02928895269831022,0.64
18,mfeat-morphological,2000,1080,120,400,400,6,10,0,tabpfn,isotonic,Isotonic Regression,0.6784675717353821,0.31299927830696106,0.7425,0.0278751081973314,0.038796863630414,0.04211097814142704,0.03626098332305747,0.56512051820755,0.3103477358818054,0.745,0.0236763199418783,0.024976330548524862,0.03921420760452749,0.02928895269831022,0.64
18,mfeat-morphological,2000,1080,120,400,400,6,10,0,tabpfn,dirichlet,Dirichlet ODIR,0.5994903186478111,0.32697847748153286,0.7325,0.05695073659451544,0.061208828059256024,0.06495413867252224,0.061037901108764565,0.56512051820755,0.3103477358818054,0.745,0.0236763199418783,0.024976330548524862,0.03921420760452749,0.02928895269831022,0.64
18,mfeat-morphological,2000,1080,120,400,400,6,10,1,tabpfn,none,No calibration,0.5801118612289429,0.3004368543624878,0.75,0.04421018943190572,0.047091778740286847,0.05615948289632796,0.049153817022840184,0.5801118612289429,0.3004368543624878,0.75,0.04421018943190572,0.047091778740286847,0.05615948289632796,0.049153817022840184,0.6
18,mfeat-morphological,2000,1080,120,400,400,6,10,1,tabpfn,temp,Temperature Scaling,0.5752374529838562,0.2998342216014862,0.75,0.04228747479617595,0.04913953021168707,0.05211934573948384,0.047848783582448956,0.5801118612289429,0.3004368543624878,0.75,0.04421018943190572,0.047091778740286847,0.05615948289632796,0.049153817022840184,0.6
18,mfeat-morphological,2000,1080,120,400,400,6,10,1,tabpfn,logistic,Logistic Recalibration,0.678389408414365,0.3139418479016544,0.7675,0.108889313903607,0.11377295700458126,0.11802799389708794,0.11356342160175874,0.5801118612289429,0.3004368543624878,0.75,0.04421018943190572,0.047091778740286847,0.05615948289632796,0.049153817022840184,0.6
18,mfeat-morphological,2000,1080,120,400,400,6,10,1,tabpfn,isotonic,Isotonic Regression,0.700774610042572,0.3108362853527069,0.7575,0.029053776115179092,0.041282277703285235,0.043819814920425415,0.038051956246296585,0.5801118612289429,0.3004368543624878,0.75,0.04421018943190572,0.047091778740286847,0.05615948289632796,0.049153817022840184,0.6
18,mfeat-morphological,2000,1080,120,400,400,6,10,1,tabpfn,dirichlet,Dirichlet ODIR,0.6870071765597499,0.32040536521629853,0.755,0.0324899868585479,0.039066048268566064,0.04896022761917028,0.04017208758209475,0.5801118612289429,0.3004368543624878,0.75,0.04421018943190572,0.047091778740286847,0.05615948289632796,0.049153817022840184,0.6
18,mfeat-morphological,2000,1080,120,400,400,6,10,2,tabpfn,none,No calibration,0.557565450668335,0.30296605825424194,0.75,0.05811562880873682,0.07557860061526302,0.06647724963724612,0.06672382635374864,0.557565450668335,0.30296605825424194,0.75,0.05811562880873682,0.07557860061526302,0.06647724963724612,0.06672382635374864,0.62
18,mfeat-morphological,2000,1080,120,400,400,6,10,2,tabpfn,temp,Temperature Scaling,0.5607292652130127,0.3041229546070099,0.75,0.033192331045866025,0.05936158031225204,0.0707609034329653,0.05443827159702779,0.557565450668335,0.30296605825424194,0.75,0.05811562880873682,0.07557860061526302,0.06647724963724612,0.06672382635374864,0.62
18,mfeat-morphological,2000,1080,120,400,400,6,10,2,tabpfn,logistic,Logistic Recalibration,0.6752701238932686,0.31903760794663605,0.775,0.13328965184288294,0.13889830201652714,0.1426775552773654,0.13828850304559182,0.557565450668335,0.30296605825424194,0.75,0.05811562880873682,0.07557860061526302,0.06647724963724612,0.06672382635374864,0.62
18,mfeat-morphological,2000,1080,120,400,400,6,10,2,tabpfn,isotonic,Isotonic Regression,0.5739767551422119,0.30421990156173706,0.76,0.04317519307136538,0.03896866932511331,0.061879105642437954,0.048007656012972216,0.557565450668335,0.30296605825424194,0.75,0.05811562880873682,0.07557860061526302,0.06647724963724612,0.06672382635374864,0.62
18,mfeat-morphological,2000,1080,120,400,400,6,10,2,tabpfn,dirichlet,Dirichlet ODIR,0.5847043413530851,0.3197762877196009,0.7525,0.026575753267487602,0.030654699971986953,0.03343250080893767,0.030220984682804073,0.557565450668335,0.30296605825424194,0.75,0.05811562880873682,0.07557860061526302,0.06647724963724612,0.06672382635374864,0.62
18,mfeat-morphological,2000,1080,120,400,400,6,10,3,tabpfn,none,No calibration,0.6036696434020996,0.32398536801338196,0.74,0.04970915675163271,0.053373693972826,0.0497091394662857,0.0509306633969148,0.6036696434020996,0.32398536801338196,0.74,0.04970915675163271,0.053373693972826,0.0497091394662857,0.0509306633969148,1.09
18,mfeat-morphological,2000,1080,120,400,400,6,10,3,tabpfn,temp,Temperature Scaling,0.5997485518455505,0.3225770592689514,0.74,0.04279277332127096,0.04408018499612809,0.06244912281632423,0.049774027044574426,0.6036696434020996,0.32398536801338196,0.74,0.04970915675163271,0.053373693972826,0.0497091394662857,0.0509306633969148,1.09
18,mfeat-morphological,2000,1080,120,400,400,6,10,3,tabpfn,logistic,Logistic Recalibration,0.7181200479976414,0.33961263521709745,0.735,0.0840036545666519,0.08512594078984714,0.08594434033740338,0.08502464523130081,0.6036696434020996,0.32398536801338196,0.74,0.04970915675163271,0.053373693972826,0.0497091394662857,0.0509306633969148,1.09
18,mfeat-morphological,2000,1080,120,400,400,6,10,3,tabpfn,isotonic,Isotonic Regression,0.866869330406189,0.32851043343544006,0.7325,0.042179124802350976,0.04415527351200582,0.05854494586586953,0.04829311472674211,0.6036696434020996,0.32398536801338196,0.74,0.04970915675163271,0.053373693972826,0.0497091394662857,0.0509306633969148,1.09
18,mfeat-morphological,2000,1080,120,400,400,6,10,3,tabpfn,dirichlet,Dirichlet ODIR,0.6979105744894134,0.34435320245195766,0.7075,0.07193948495241925,0.079308566164743,0.08403443067805846,0.07842749393174024,0.6036696434020996,0.32398536801338196,0.74,0.04970915675163271,0.053373693972826,0.0497091394662857,0.0509306633969148,1.09
18,mfeat-morphological,2000,1080,120,400,400,6,10,4,tabpfn,none,No calibration,0.5633470416069031,0.3073303699493408,0.7675,0.02373756170272826,0.04976855143904686,0.04530845873057844,0.03960485729078452,0.5633470416069031,0.3073303699493408,0.7675,0.02373756170272826,0.04976855143904686,0.04530845873057844,0.03960485729078452,0.61
18,mfeat-morphological,2000,1080,120,400,400,6,10,4,tabpfn,temp,Temperature Scaling,0.5635198950767517,0.307367205619812,0.7675,0.025659858137369165,0.0587562070786953,0.04723810695111753,0.043884724055727325,0.5633470416069031,0.3073303699493408,0.7675,0.02373756170272826,0.04976855143904686,0.04530845873057844,0.03960485729078452,0.61
18,mfeat-morphological,2000,1080,120,400,400,6,10,4,tabpfn,logistic,Logistic Recalibration,0.6681428247524273,0.31511988673537017,0.7675,0.08404219186380803,0.08678461617975303,0.09554026588853633,0.08878902464403245,0.5633470416069031,0.3073303699493408,0.7675,0.02373756170272826,0.04976855143904686,0.04530845873057844,0.03960485729078452,0.61
18,mfeat-morphological,2000,1080,120,400,400,6,10,4,tabpfn,isotonic,Isotonic Regression,0.9015696048736572,0.3224713206291199,0.7475,0.04668978922069075,0.05415682792663573,0.054672597125172605,0.05183973809083303,0.5633470416069031,0.3073303699493408,0.7675,0.02373756170272826,0.04976855143904686,0.04530845873057844,0.03960485729078452,0.61
18,mfeat-morphological,2000,1080,120,400,400,6,10,4,tabpfn,dirichlet,Dirichlet ODIR,0.6171943566757281,0.3170082099623746,0.7675,0.046977407054945505,0.053282161062431256,0.057108831881124644,0.052456133332833804,0.5633470416069031,0.3073303699493408,0.7675,0.02373756170272826,0.04976855143904686,0.04530845873057844,0.03960485729078452,0.61
45,splice,3190,1722,192,638,638,60,3,0,tabpfn,none,No calibration,0.07997004687786102,0.04109106957912445,0.9780564263322884,0.010905656601567967,0.015472861292967623,0.01475031192773565,0.013709609940757081,0.07997004687786102,0.04109106957912445,0.9780564263322884,0.010905656601567967,0.015472861292967623,0.01475031192773565,0.013709609940757081,0.64
45,splice,3190,1722,192,638,638,60,3,0,tabpfn,temp,Temperature Scaling,0.08219315856695175,0.04213421791791916,0.9780564263322884,0.015129065018462527,0.015129071931853925,0.016281910030445722,0.015513348993587391,0.07997004687786102,0.04109106957912445,0.9780564263322884,0.010905656601567967,0.015472861292967623,0.01475031192773565,0.013709609940757081,0.64
45,splice,3190,1722,192,638,638,60,3,0,tabpfn,logistic,Logistic Recalibration,0.10087728260188718,0.039747629740706704,0.9780564263322884,0.027037810297291773,0.026927449507918436,0.02703781029729184,0.02700102336750068,0.07997004687786102,0.04109106957912445,0.9780564263322884,0.010905656601567967,0.015472861292967623,0.01475031192773565,0.013709609940757081,0.64
45,splice,3190,1722,192,638,638,60,3,0,tabpfn,isotonic,Isotonic Regression,0.0951487272977829,0.04516584053635597,0.9702194357366771,0.00866318337595944,0.009703588709935844,0.016968322024450005,0.01177836470344843,0.07997004687786102,0.04109106957912445,0.9780564263322884,0.010905656601567967,0.015472861292967623,0.01475031192773565,0.013709609940757081,0.64
45,splice,3190,1722,192,638,638,60,3,0,tabpfn,dirichlet,Dirichlet ODIR,0.0822025382177509,0.042593070568070636,0.9780564263322884,0.01650746990107811,0.016507469901078195,0.01773429511737346,0.016916411639843254,0.07997004687786102,0.04109106957912445,0.9780564263322884,0.010905656601567967,0.015472861292967623,0.01475031192773565,0.013709609940757081,0.64
45,splice,3190,1722,192,638,638,60,3,1,tabpfn,none,No calibration,0.12504196166992188,0.05974024534225464,0.9592476489028213,0.010446229838652323,0.010854578737554929,0.01375349501270484,0.011684767862970699,0.12504196166992188,0.05974024534225464,0.9592476489028213,0.010446229838652323,0.010854578737554929,0.01375349501270484,0.011684767862970699,0.66
45,splice,3190,1722,192,638,638,60,3,1,tabpfn,temp,Temperature Scaling,0.12544041872024536,0.05977794528007507,0.9592476489028213,0.010638217100155403,0.010955451330794843,0.013907829515612594,0.011833832648854278,0.12504196166992188,0.05974024534225464,0.9592476489028213,0.010446229838652323,0.010854578737554929,0.01375349501270484,0.011684767862970699,0.66
45,splice,3190,1722,192,638,638,60,3,1,tabpfn,logistic,Logistic Recalibration,0.13458761166921057,0.059531422108237635,0.9639498432601881,0.021186935996863224,0.02252618064384391,0.023812418362062875,0.022508511667590003,0.12504196166992188,0.05974024534225464,0.9592476489028213,0.010446229838652323,0.010854578737554929,0.01375349501270484,0.011684767862970699,0.66
45,splice,3190,1722,192,638,638,60,3,1,tabpfn,isotonic,Isotonic Regression,0.2648475766181946,0.06059253215789795,0.9608150470219435,0.01689494749221684,0.020935646325443254,0.019118476063480216,0.018983023293713437,0.12504196166992188,0.05974024534225464,0.9592476489028213,0.010446229838652323,0.010854578737554929,0.01375349501270484,0.011684767862970699,0.66
45,splice,3190,1722,192,638,638,60,3,1,tabpfn,dirichlet,Dirichlet ODIR,0.1306342885663504,0.05757271637458459,0.9639498432601881,0.011353362188555476,0.013111113964095101,0.02299439314247554,0.015819623098375372,0.12504196166992188,0.05974024534225464,0.9592476489028213,0.010446229838652323,0.010854578737554929,0.01375349501270484,0.011684767862970699,0.66
45,splice,3190,1722,192,638,638,60,3,2,tabpfn,none,No calibration,0.08479528874158859,0.043918315321207047,0.9717868338557993,0.00851740975364998,0.011872213275454964,0.013633238484493262,0.011340953837866069,0.08479528874158859,0.043918315321207047,0.9717868338557993,0.00851740975364998,0.011872213275454964,0.013633238484493262,0.011340953837866069,0.62
45,splice,3190,1722,192,638,638,60,3,2,tabpfn,temp,Temperature Scaling,0.08979108929634094,0.04511135071516037,0.9717868338557993,0.017845710570162,0.016247613676663143,0.01983675262584205,0.017976692290889065,0.08479528874158859,0.043918315321207047,0.9717868338557993,0.00851740975364998,0.011872213275454964,0.013633238484493262,0.011340953837866069,0.62
45,splice,3190,1722,192,638,638,60,3,2,tabpfn,logistic,Logistic Recalibration,0.10691218282665836,0.04449807782464629,0.9702194357366771,0.0318466682905674,0.03776638049797305,0.034148649445361376,0.03458723274463394,0.08479528874158859,0.043918315321207047,0.9717868338557993,0.00851740975364998,0.011872213275454964,0.013633238484493262,0.011340953837866069,0.62
45,splice,3190,1722,192,638,638,60,3,2,tabpfn,isotonic,Isotonic Regression,0.09247887134552002,0.04601650685071945,0.9749216300940439,0.00995628797335308,0.014031150778259243,0.020935390296400902,0.014974276349337741,0.08479528874158859,0.043918315321207047,0.9717868338557993,0.00851740975364998,0.011872213275454964,0.013633238484493262,0.011340953837866069,0.62
45,splice,3190,1722,192,638,638,60,3,2,tabpfn,dirichlet,Dirichlet ODIR,0.08656905250727091,0.04387851733186954,0.9702194357366771,0.020599352160118465,0.02208116756750272,0.024509092580262855,0.022396537435961344,0.08479528874158859,0.043918315321207047,0.9717868338557993,0.00851740975364998,0.011872213275454964,0.013633238484493262,0.011340953837866069,0.62
45,splice,3190,1722,192,638,638,60,3,3,tabpfn,none,No calibration,0.1417749524116516,0.06071813032031059,0.9623824451410659,0.01210243360002217,0.015144939146071741,0.016974611996109626,0.014740661580734513,0.1417749524116516,0.06071813032031059,0.9623824451410659,0.01210243360002217,0.015144939146071741,0.016974611996109626,0.014740661580734513,0.62
45,splice,3190,1722,192,638,638,60,3,3,tabpfn,temp,Temperature Scaling,0.13773609697818756,0.06074533611536026,0.9623824451410659,0.01151704227662759,0.014468872294904279,0.01814827201508428,0.01471139552887205,0.1417749524116516,0.06071813032031059,0.9623824451410659,0.01210243360002217,0.015144939146071741,0.016974611996109626,0.014740661580734513,0.62
45,splice,3190,1722,192,638,638,60,3,3,tabpfn,logistic,Logistic Recalibration,0.13823428170146654,0.06063424715932545,0.9639498432601881,0.016404546777065335,0.02589069961812184,0.027832725980863768,0.023375990792016983,0.1417749524116516,0.06071813032031059,0.9623824451410659,0.01210243360002217,0.015144939146071741,0.016974611996109626,0.014740661580734513,0.62
45,splice,3190,1722,192,638,638,60,3,3,tabpfn,isotonic,Isotonic Regression,0.15045180916786194,0.0632767304778099,0.9608150470219435,0.019849918946203353,0.023207905150506233,0.027933825986886075,0.023663883361198554,0.1417749524116516,0.06071813032031059,0.9623824451410659,0.01210243360002217,0.015144939146071741,0.016974611996109626,0.014740661580734513,0.62
45,splice,3190,1722,192,638,638,60,3,3,tabpfn,dirichlet,Dirichlet ODIR,0.1266928121865647,0.05761590158106228,0.9655172413793104,0.013063479166259186,0.014186946479300834,0.015522204283777109,0.014257543309779042,0.1417749524116516,0.06071813032031059,0.9623824451410659,0.01210243360002217,0.015144939146071741,0.016974611996109626,0.014740661580734513,0.62
45,splice,3190,1722,192,638,638,60,3,4,tabpfn,none,No calibration,0.07635893672704697,0.03660468012094498,0.9717868338557993,0.010116591068644522,0.014462353667495414,0.014117111466521334,0.01289868540088709,0.07635893672704697,0.03660468012094498,0.9717868338557993,0.010116591068644522,0.014462353667495414,0.014117111466521334,0.01289868540088709,0.66
45,splice,3190,1722,192,638,638,60,3,4,tabpfn,temp,Temperature Scaling,0.07888712733983994,0.03692327439785004,0.9717868338557993,0.019957957316341826,0.01747420710456031,0.020771073510280597,0.019401079310394243,0.07635893672704697,0.03660468012094498,0.9717868338557993,0.010116591068644522,0.014462353667495414,0.014117111466521334,0.01289868540088709,0.66
45,splice,3190,1722,192,638,638,60,3,4,tabpfn,logistic,Logistic Recalibration,0.0994598352308531,0.04071638240206671,0.9733542319749217,0.035443573427957564,0.03955862949236416,0.0377547350919583,0.037585646004093344,0.07635893672704697,0.03660468012094498,0.9717868338557993,0.010116591068644522,0.014462353667495414,0.014117111466521334,0.01289868540088709,0.66
45,splice,3190,1722,192,638,638,60,3,4,tabpfn,isotonic,Isotonic Regression,0.09874047338962555,0.04095891863107681,0.9749216300940439,0.024263022555079238,0.02572200711244329,0.025707703118787676,0.025230910928770067,0.07635893672704697,0.03660468012094498,0.9717868338557993,0.010116591068644522,0.014462353667495414,0.014117111466521334,0.01289868540088709,0.66
45,splice,3190,1722,192,638,638,60,3,4,tabpfn,dirichlet,Dirichlet ODIR,0.08019131759760403,0.03813192870199427,0.9717868338557993,0.019997035077601144,0.02177190663133698,0.021365892631872913,0.021044944780270344,0.07635893672704697,0.03660468012094498,0.9717868338557993,0.010116591068644522,0.014462353667495414,0.014117111466521334,0.01289868540088709,0.66
3021,sick,3772,2036,227,754,755,27,2,0,tabpfn,none,No calibration,0.02329954132437706,0.014943375252187252,0.9867549668874173,0.004314327318936818,0.005540899251470453,0.006568162883354333,0.0054744631512538685,0.02329954132437706,0.014943375252187252,0.9867549668874173,0.004314327318936818,0.005540899251470453,0.006568162883354333,0.0054744631512538685,0.66
3021,sick,3772,2036,227,754,755,27,2,0,tabpfn,temp,Temperature Scaling,0.023292286321520805,0.014955613762140274,0.9867549668874173,0.004435913689089171,0.005549661528985281,0.006598112914735903,0.005527896044270117,0.02329954132437706,0.014943375252187252,0.9867549668874173,0.004314327318936818,0.005540899251470453,0.006568162883354333,0.0054744631512538685,0.66
3021,sick,3772,2036,227,754,755,27,2,0,tabpfn,logistic,Logistic Recalibration,0.04455396734049558,0.021461870237929146,0.9854304635761589,0.007898458512849437,0.009340762942455815,0.01082176264980373,0.00935366136836966,0.02329954132437706,0.014943375252187252,0.9867549668874173,0.004314327318936818,0.005540899251470453,0.006568162883354333,0.0054744631512538685,0.66
3021,sick,3772,2036,227,754,755,27,2,0,tabpfn,isotonic,Isotonic Regression,0.0665653720498085,0.017544085159897804,0.9894039735099338,0.006996366677694721,0.007399079894387919,0.00824229914621008,0.007545915239430907,0.02329954132437706,0.014943375252187252,0.9867549668874173,0.004314327318936818,0.005540899251470453,0.006568162883354333,0.0054744631512538685,0.66
3021,sick,3772,2036,227,754,755,27,2,0,tabpfn,dirichlet,Dirichlet ODIR,0.025400030762456935,0.01634367730367798,0.9854304635761589,0.005634539398191904,0.0078007514334024405,0.006766023676713894,0.006733771502769412,0.02329954132437706,0.014943375252187252,0.9867549668874173,0.004314327318936818,0.005540899251470453,0.006568162883354333,0.0054744631512538685,0.66
3021,sick,3772,2036,227,754,755,27,2,1,tabpfn,none,No calibration,0.030040660873055458,0.018286453559994698,0.9867549668874173,0.0030441368652495736,0.006544758310381191,0.006899514498300123,0.005496136557976962,0.030040660873055458,0.018286453559994698,0.9867549668874173,0.0030441368652495736,0.006544758310381191,0.006899514498300123,0.005496136557976962,0.7
3021,sick,3772,2036,227,754,755,27,2,1,tabpfn,temp,Temperature Scaling,0.030653204768896103,0.01859745942056179,0.9867549668874173,0.0066188205946359855,0.006560272491530825,0.0076121887623868635,0.0069304272828512245,0.030040660873055458,0.018286453559994698,0.9867549668874173,0.0030441368652495736,0.006544758310381191,0.006899514498300123,0.005496136557976962,0.7
3021,sick,3772,2036,227,754,755,27,2,1,tabpfn,logistic,Logistic Recalibration,0.04644341339502919,0.021816398521382906,0.9880794701986755,0.013096240862689713,0.018158173699119005,0.020927304233133732,0.017393906264980816,0.030040660873055458,0.018286453559994698,0.9867549668874173,0.0030441368652495736,0.006544758310381191,0.006899514498300123,0.005496136557976962,0.7
3021,sick,3772,2036,227,754,755,27,2,1,tabpfn,isotonic,Isotonic Regression,0.09163674712181091,0.02036820538341999,0.9867549668874173,0.007429373659045451,0.006767122003416312,0.007429373659045451,0.007208623107169072,0.030040660873055458,0.018286453559994698,0.9867549668874173,0.0030441368652495736,0.006544758310381191,0.006899514498300123,0.005496136557976962,0.7
3021,sick,3772,2036,227,754,755,27,2,1,tabpfn,dirichlet,Dirichlet ODIR,0.03063467190515892,0.018618260485709706,0.9854304635761589,0.005393605076444363,0.00651680433138799,0.006901891119786894,0.0062707668425397494,0.030040660873055458,0.018286453559994698,0.9867549668874173,0.0030441368652495736,0.006544758310381191,0.006899514498300123,0.005496136557976962,0.7
3021,sick,3772,2036,227,754,755,27,2,2,tabpfn,none,No calibration,0.021874982863664627,0.013542584143579006,0.9880794701986755,0.0046280175644830834,0.005884663474480871,0.006471695173655173,0.005661458737539708,0.021874982863664627,0.013542584143579006,0.9880794701986755,0.0046280175644830834,0.005884663474480871,0.006471695173655173,0.005661458737539708,0.72
3021,sick,3772,2036,227,754,755,27,2,2,tabpfn,temp,Temperature Scaling,0.022429896518588066,0.013399258255958557,0.9880794701986755,0.006086639063247816,0.006921707952259431,0.0077637832685811675,0.006924043428029472,0.021874982863664627,0.013542584143579006,0.9880794701986755,0.0046280175644830834,0.005884663474480871,0.006471695173655173,0.005661458737539708,0.72
3021,sick,3772,2036,227,754,755,27,2,2,tabpfn,logistic,Logistic Recalibration,0.039217435602364445,0.015332365007055622,0.990728476821192,0.023100770344024555,0.02230166304795167,0.023542743779023406,0.02298172572366654,0.021874982863664627,0.013542584143579006,0.9880794701986755,0.0046280175644830834,0.005884663474480871,0.006471695173655173,0.005661458737539708,0.72
3021,sick,3772,2036,227,754,755,27,2,2,tabpfn,isotonic,Isotonic Regression,0.042963430285453796,0.014450439251959324,0.990728476821192,0.006587012319375333,0.007511918907923415,0.010160924898867574,0.008086618708722107,0.021874982863664627,0.013542584143579006,0.9880794701986755,0.0046280175644830834,0.005884663474480871,0.006471695173655173,0.005661458737539708,0.72
3021,sick,3772,2036,227,754,755,27,2,2,tabpfn,dirichlet,Dirichlet ODIR,0.025115037086377152,0.015099863714119961,0.9894039735099338,0.0019093279553139297,0.0057127515259961905,0.006355007129639332,0.004659028870316484,0.021874982863664627,0.013542584143579006,0.9880794701986755,0.0046280175644830834,0.005884663474480871,0.006471695173655173,0.005661458737539708,0.72
3021,sick,3772,2036,227,754,755,27,2,3,tabpfn,none,No calibration,0.03389017656445503,0.020411105826497078,0.9841059602649007,0.004212448928529837,0.004076703968427044,0.0060649841037017605,0.004784712333552881,0.03389017656445503,0.020411105826497078,0.9841059602649007,0.004212448928529837,0.004076703968427044,0.0060649841037017605,0.004784712333552881,0.65
3021,sick,3772,2036,227,754,755,27,2,3,tabpfn,temp,Temperature Scaling,0.03387218341231346,0.020403120666742325,0.9841059602649007,0.004300817353835942,0.004240669398907818,0.006123546496132301,0.00488834441629202,0.03389017656445503,0.020411105826497078,0.9841059602649007,0.004212448928529837,0.004076703968427044,0.0060649841037017605,0.004784712333552881,0.65
3021,sick,3772,2036,227,754,755,27,2,3,tabpfn,logistic,Logistic Recalibration,0.04723511409401749,0.022599184058964113,0.9854304635761589,0.011658862300931678,0.018411117783900307,0.014465685264249767,0.014845221783027251,0.03389017656445503,0.020411105826497078,0.9841059602649007,0.004212448928529837,0.004076703968427044,0.0060649841037017605,0.004784712333552881,0.65
3021,sick,3772,2036,227,754,755,27,2,3,tabpfn,isotonic,Isotonic Regression,0.07148440182209015,0.02099917270243168,0.9841059602649007,0.00740487536057736,0.006753239173762892,0.007404875439523909,0.007187663324621387,0.03389017656445503,0.020411105826497078,0.9841059602649007,0.004212448928529837,0.004076703968427044,0.0060649841037017605,0.004784712333552881,0.65
3021,sick,3772,2036,227,754,755,27,2,3,tabpfn,dirichlet,Dirichlet ODIR,0.03411759997459449,0.02048489211102024,0.9867549668874173,0.005117151323000054,0.007649971133438202,0.009632549696480678,0.007466557384306311,0.03389017656445503,0.020411105826497078,0.9841059602649007,0.004212448928529837,0.004076703968427044,0.0060649841037017605,0.004784712333552881,0.65
3021,sick,3772,2036,227,754,755,27,2,4,tabpfn,none,No calibration,0.040257662534713745,0.023191126063466072,0.9841059602649007,0.006554113239642001,0.006554218791178528,0.010399184163832497,0.007835838731551008,0.040257662534713745,0.023191126063466072,0.9841059602649007,0.006554113239642001,0.006554218791178528,0.010399184163832497,0.007835838731551008,0.7
3021,sick,3772,2036,227,754,755,27,2,4,tabpfn,temp,Temperature Scaling,0.04029488563537598,0.02318407967686653,0.9841059602649007,0.006613103601316734,0.007962010948863257,0.009505021414219932,0.008026711988133308,0.040257662534713745,0.023191126063466072,0.9841059602649007,0.006554113239642001,0.006554218791178528,0.010399184163832497,0.007835838731551008,0.7
3021,sick,3772,2036,227,754,755,27,2,4,tabpfn,logistic,Logistic Recalibration,0.05596813235929815,0.026822383677354174,0.9814569536423841,0.008668655291473497,0.010665765567612999,0.011552957719121803,0.010295792859402766,0.040257662534713745,0.023191126063466072,0.9841059602649007,0.006554113239642001,0.006554218791178528,0.010399184163832497,0.007835838731551008,0.7
3021,sick,3772,2036,227,754,755,27,2,4,tabpfn,isotonic,Isotonic Regression,0.07684150338172913,0.02435421198606491,0.9841059602649007,0.008852547920302831,0.008852545551906349,0.010003875896630673,0.009236323122946618,0.040257662534713745,0.023191126063466072,0.9841059602649007,0.006554113239642001,0.006554218791178528,0.010399184163832497,0.007835838731551008,0.7
3021,sick,3772,2036,227,754,755,27,2,4,tabpfn,dirichlet,Dirichlet ODIR,0.03878763772045664,0.02248882839078883,0.9867549668874173,0.006694901237398833,0.007220161620309314,0.007810714566527542,0.007241925808078563,0.040257662534713745,0.023191126063466072,0.9841059602649007,0.006554113239642001,0.006554218791178528,0.010399184163832497,0.007835838731551008,0.7
146820,wilt,4839,2612,291,968,968,5,2,0,tabpfn,none,No calibration,0.04932370036840439,0.025935692712664604,0.9834710743801653,0.012628423280952386,0.013307813955239991,0.013307852008618597,0.013081363081603658,0.04932370036840439,0.025935692712664604,0.9834710743801653,0.012628423280952386,0.013307813955239991,0.013307852008618597,0.013081363081603658,0.64
146820,wilt,4839,2612,291,968,968,5,2,0,tabpfn,temp,Temperature Scaling,0.042489368468523026,0.02466275542974472,0.9834710743801653,0.00865352621748425,0.010419844965304183,0.011845278592149091,0.010306216591645842,0.04932370036840439,0.025935692712664604,0.9834710743801653,0.012628423280952386,0.013307813955239991,0.013307852008618597,0.013081363081603658,0.64
146820,wilt,4839,2612,291,968,968,5,2,0,tabpfn,logistic,Logistic Recalibration,0.06194789255440214,0.028720453527929266,0.9834710743801653,0.01312878047303214,0.009304111463516729,0.013685760172138173,0.012039550702895682,0.04932370036840439,0.025935692712664604,0.9834710743801653,0.012628423280952386,0.013307813955239991,0.013307852008618597,0.013081363081603658,0.64
146820,wilt,4839,2612,291,968,968,5,2,0,tabpfn,isotonic,Isotonic Regression,0.06363128870725632,0.025990266352891922,0.9824380165289256,0.006681735050087111,0.007862403003637433,0.008395986492968821,0.007646708182231121,0.04932370036840439,0.025935692712664604,0.9834710743801653,0.012628423280952386,0.013307813955239991,0.013307852008618597,0.013081363081603658,0.64
146820,wilt,4839,2612,291,968,968,5,2,0,tabpfn,dirichlet,Dirichlet ODIR,0.041828967759787734,0.024326153872012857,0.9834710743801653,0.007508553049720332,0.009695591462149088,0.009127146709240554,0.008777097073703324,0.04932370036840439,0.025935692712664604,0.9834710743801653,0.012628423280952386,0.013307813955239991,0.013307852008618597,0.013081363081603658,0.64
146820,wilt,4839,2612,291,968,968,5,2,1,tabpfn,none,No calibration,0.029061656445264816,0.016880199313163757,0.9886363636363636,0.006506501212100321,0.007048096292275084,0.007919847780515386,0.00715814842829693,0.029061656445264816,0.016880199313163757,0.9886363636363636,0.006506501212100321,0.007048096292275084,0.007919847780515386,0.00715814842829693,0.66
146820,wilt,4839,2612,291,968,968,5,2,1,tabpfn,temp,Temperature Scaling,0.029323680326342583,0.016874633729457855,0.9886363636363636,0.0022600554853431025,0.007624378627982039,0.008775820478427461,0.006220084863917535,0.029061656445264816,0.016880199313163757,0.9886363636363636,0.006506501212100321,0.007048096292275084,0.007919847780515386,0.00715814842829693,0.66
146820,wilt,4839,2612,291,968,968,5,2,1,tabpfn,logistic,Logistic Recalibration,0.03977357527559587,0.018711275655797388,0.9855371900826446,0.013724524331010363,0.014897397390753783,0.0165716699524184,0.015064530558060849,0.029061656445264816,0.016880199313163757,0.9886363636363636,0.006506501212100321,0.007048096292275084,0.007919847780515386,0.00715814842829693,0.66
146820,wilt,4839,2612,291,968,968,5,2,1,tabpfn,isotonic,Isotonic Regression,0.07565679401159286,0.01757729798555374,0.9865702479338843,0.008078748037007264,0.008253576957489822,0.008364537715419226,0.008232287569972104,0.029061656445264816,0.016880199313163757,0.9886363636363636,0.006506501212100321,0.007048096292275084,0.007919847780515386,0.00715814842829693,0.66
146820,wilt,4839,2612,291,968,968,5,2,1,tabpfn,dirichlet,Dirichlet ODIR,0.029867483405614643,0.016877726028766485,0.987603305785124,0.004168855984671189,0.005367881595796677,0.006995686576225885,0.00551080805223125,0.029061656445264816,0.016880199313163757,0.9886363636363636,0.006506501212100321,0.007048096292275084,0.007919847780515386,0.00715814842829693,0.66
146820,wilt,4839,2612,291,968,968,5,2,2,tabpfn,none,No calibration,0.02488221786916256,0.01432731468230486,0.9907024793388429,0.004937022739698076,0.0074086659087622886,0.00724661079320045,0.006530766480553605,0.02488221786916256,0.01432731468230486,0.9907024793388429,0.004937022739698076,0.0074086659087622886,0.00724661079320045,0.006530766480553605,0.61
146820,wilt,4839,2612,291,968,968,5,2,2,tabpfn,temp,Temperature Scaling,0.024866774678230286,0.01432530302554369,0.9907024793388429,0.0048707949597973435,0.007304507038317451,0.007266253602406255,0.0064805185335070166,0.02488221786916256,0.01432731468230486,0.9907024793388429,0.004937022739698076,0.0074086659087622886,0.00724661079320045,0.006530766480553605,0.61
146820,wilt,4839,2612,291,968,968,5,2,2,tabpfn,logistic,Logistic Recalibration,0.03231680472321125,0.013527855540215935,0.9917355371900827,0.011570484182335802,0.013006007834501138,0.012302223876037265,0.012292905297624735,0.02488221786916256,0.01432731468230486,0.9907024793388429,0.004937022739698076,0.0074086659087622886,0.00724661079320045,0.006530766480553605,0.61
146820,wilt,4839,2612,291,968,968,5,2,2,tabpfn,isotonic,Isotonic Regression,0.05598066374659538,0.014870977029204369,0.9907024793388429,0.004393655837567385,0.00439367529528198,0.00439367529528198,0.004393668809377115,0.02488221786916256,0.01432731468230486,0.9907024793388429,0.004937022739698076,0.0074086659087622886,0.00724661079320045,0.006530766480553605,0.61
146820,wilt,4839,2612,291,968,968,5,2,2,tabpfn,dirichlet,Dirichlet ODIR,0.02530149623527568,0.014406944469612886,0.9907024793388429,0.0033957084693824434,0.0066057532951195215,0.007751816752485921,0.005917759505662629,0.02488221786916256,0.01432731468230486,0.9907024793388429,0.004937022739698076,0.0074086659087622886,0.00724661079320045,0.006530766480553605,0.61
146820,wilt,4839,2612,291,968,968,5,2,3,tabpfn,none,No calibration,0.035660021007061005,0.017233828082680702,0.987603305785124,0.006176936848104486,0.007250873017902268,0.008071768012913802,0.007166525959640186,0.035660021007061005,0.017233828082680702,0.987603305785124,0.006176936848104486,0.007250873017902268,0.008071768012913802,0.007166525959640186,0.6
146820,wilt,4839,2612,291,968,968,5,2,3,tabpfn,temp,Temperature Scaling,0.03446420654654503,0.01716514676809311,0.987603305785124,0.0055130986142749114,0.006587363040644289,0.007143310032600232,0.0064145905625064776,0.035660021007061005,0.017233828082680702,0.987603305785124,0.006176936848104486,0.007250873017902268,0.008071768012913802,0.007166525959640186,0.6
146820,wilt,4839,2612,291,968,968,5,2,3,tabpfn,logistic,Logistic Recalibration,0.04022173103576159,0.017486971139604554,0.9886363636363636,0.008648343000740837,0.011611408515851632,0.014284618484507901,0.011514790000366792,0.035660021007061005,0.017233828082680702,0.987603305785124,0.006176936848104486,0.007250873017902268,0.008071768012913802,0.007166525959640186,0.6
146820,wilt,4839,2612,291,968,968,5,2,3,tabpfn,isotonic,Isotonic Regression,0.043015506118535995,0.01678106002509594,0.9886363636363636,0.0024622435535281576,0.0023741559548811674,0.0024622316695441632,0.0024328770593178297,0.035660021007061005,0.017233828082680702,0.987603305785124,0.006176936848104486,0.007250873017902268,0.008071768012913802,0.007166525959640186,0.6
146820,wilt,4839,2612,291,968,968,5,2,3,tabpfn,dirichlet,Dirichlet ODIR,0.03343182966521753,0.01660241787112724,0.9917355371900827,0.004805441216714187,0.007749962750353577,0.007757335960636205,0.006770913309234656,0.035660021007061005,0.017233828082680702,0.987603305785124,0.006176936848104486,0.007250873017902268,0.008071768012913802,0.007166525959640186,0.6
146820,wilt,4839,2612,291,968,968,5,2,4,tabpfn,none,No calibration,0.04261472448706627,0.022804196923971176,0.9855371900826446,0.006355298328990762,0.00783804533156484,0.008377968464508558,0.00752377070835472,0.04261472448706627,0.022804196923971176,0.9855371900826446,0.006355298328990762,0.00783804533156484,0.008377968464508558,0.00752377070835472,0.65
146820,wilt,4839,2612,291,968,968,5,2,4,tabpfn,temp,Temperature Scaling,0.04058340564370155,0.022967670112848282,0.9855371900826446,0.003916651626263799,0.007494551152729782,0.008109930009881363,0.006507044262958314,0.04261472448706627,0.022804196923971176,0.9855371900826446,0.006355298328990762,0.00783804533156484,0.008377968464508558,0.00752377070835472,0.65
146820,wilt,4839,2612,291,968,968,5,2,4,tabpfn,logistic,Logistic Recalibration,0.060154255463588296,0.02871020814500327,0.9824380165289256,0.004661517258521568,0.0051416087475407365,0.008648044436290902,0.006150390147451068,0.04261472448706627,0.022804196923971176,0.9855371900826446,0.006355298328990762,0.00783804533156484,0.008377968464508558,0.00752377070835472,0.65
146820,wilt,4839,2612,291,968,968,5,2,4,tabpfn,isotonic,Isotonic Regression,0.06358928978443146,0.026517977938055992,0.9772727272727273,0.01411017744748056,0.01152753208048083,0.014110176708580004,0.013249295412180465,0.04261472448706627,0.022804196923971176,0.9855371900826446,0.006355298328990762,0.00783804533156484,0.008377968464508558,0.00752377070835472,0.65
146820,wilt,4839,2612,291,968,968,5,2,4,tabpfn,dirichlet,Dirichlet ODIR,0.042835237963050755,0.024618058890137243,0.9834710743801653,0.003633263887996711,0.0034296808174636376,0.00578225301292033,0.00428173257279356,0.04261472448706627,0.022804196923971176,0.9855371900826446,0.006355298328990762,0.00783804533156484,0.008377968464508558,0.00752377070835472,0.65
9960,wall-robot-navigation,5456,2945,328,1091,1092,24,4,0,tabpfn,none,No calibration,0.03246016800403595,0.018289675936102867,0.9880952380952381,0.008945989876221389,0.009754845811115518,0.01061534704197021,0.009772060909769039,0.03246016800403595,0.018289675936102867,0.9880952380952381,0.008945989876221389,0.009754845811115518,0.01061534704197021,0.009772060909769039,0.63
9960,wall-robot-navigation,5456,2945,328,1091,1092,24,4,0,tabpfn,temp,Temperature Scaling,0.02851116843521595,0.017710987478494644,0.9880952380952381,0.003195473317043245,0.0061600765029152325,0.0059611321641848385,0.005105560661381106,0.03246016800403595,0.018289675936102867,0.9880952380952381,0.008945989876221389,0.009754845811115518,0.01061534704197021,0.009772060909769039,0.63
9960,wall-robot-navigation,5456,2945,328,1091,1092,24,4,0,tabpfn,logistic,Logistic Recalibration,0.047835771551521765,0.018453924563419818,0.989010989010989,0.015189803058445844,0.019840657647028057,0.018258658861499126,0.017763039855657674,0.03246016800403595,0.018289675936102867,0.9880952380952381,0.008945989876221389,0.009754845811115518,0.01061534704197021,0.009772060909769039,0.63
9960,wall-robot-navigation,5456,2945,328,1091,1092,24,4,0,tabpfn,isotonic,Isotonic Regression,0.030538035556674004,0.020739303901791573,0.9871794871794872,0.008489636547399575,0.008581756344645015,0.008581755798814936,0.008551049563619842,0.03246016800403595,0.018289675936102867,0.9880952380952381,0.008945989876221389,0.009754845811115518,0.01061534704197021,0.009772060909769039,0.63
9960,wall-robot-navigation,5456,2945,328,1091,1092,24,4,0,tabpfn,dirichlet,Dirichlet ODIR,0.03398470822063347,0.018815800856594612,0.9853479853479854,0.006254125976724423,0.006533671935029626,0.00803810299433288,0.006941966968695643,0.03246016800403595,0.018289675936102867,0.9880952380952381,0.008945989876221389,0.009754845811115518,0.01061534704197021,0.009772060909769039,0.63
9960,wall-robot-navigation,5456,2945,328,1091,1092,24,4,1,tabpfn,none,No calibration,0.03616930916905403,0.019136890769004822,0.9917582417582418,0.012227270956877822,0.014248314958352312,0.012853358145598577,0.013109648020276235,0.03616930916905403,0.019136890769004822,0.9917582417582418,0.012227270956877822,0.014248314958352312,0.012853358145598577,0.013109648020276235,0.66
9960,wall-robot-navigation,5456,2945,328,1091,1092,24,4,1,tabpfn,temp,Temperature Scaling,0.03385104238986969,0.017603028565645218,0.9917582417582418,0.006603000037399398,0.00898412770622374,0.010714567897520655,0.008767231880381263,0.03616930916905403,0.019136890769004822,0.9917582417582418,0.012227270956877822,0.014248314958352312,0.012853358145598577,0.013109648020276235,0.66
9960,wall-robot-navigation,5456,2945,328,1091,1092,24,4,1,tabpfn,logistic,Logistic Recalibration,0.05035073720064385,0.018509415088558304,0.989010989010989,0.01327093653409291,0.016282017179363114,0.013449126411826575,0.014334026708427533,0.03616930916905403,0.019136890769004822,0.9917582417582418,0.012227270956877822,0.014248314958352312,0.012853358145598577,0.013109648020276235,0.66
9960,wall-robot-navigation,5456,2945,328,1091,1092,24,4,1,tabpfn,isotonic,Isotonic Regression,0.10554514080286026,0.022568274289369583,0.9871794871794872,0.008559168149263406,0.009746770336951066,0.011146021249530059,0.009817319911914844,0.03616930916905403,0.019136890769004822,0.9917582417582418,0.012227270956877822,0.014248314958352312,0.012853358145598577,0.013109648020276235,0.66
9960,wall-robot-navigation,5456,2945,328,1091,1092,24,4,1,tabpfn,dirichlet,Dirichlet ODIR,0.05966187338556112,0.02294635122673779,0.9871794871794872,0.007651063328952912,0.009908785687458958,0.009558034989917353,0.009039294668776407,0.03616930916905403,0.019136890769004822,0.9917582417582418,0.012227270956877822,0.014248314958352312,0.012853358145598577,0.013109648020276235,0.66
9960,wall-robot-navigation,5456,2945,328,1091,1092,24,4,2,tabpfn,none,No calibration,0.04426107183098793,0.023065678775310516,0.9862637362637363,0.008453365756478513,0.009688366572935505,0.014058816618535062,0.010733516315983025,0.04426107183098793,0.023065678775310516,0.9862637362637363,0.008453365756478513,0.009688366572935505,0.014058816618535062,0.010733516315983025,0.66
9960,wall-robot-navigation,5456,2945,328,1091,1092,24,4,2,tabpfn,temp,Temperature Scaling,0.04320456087589264,0.022224031388759613,0.9862637362637363,0.006839329997698515,0.007248505131228944,0.010049983040317102,0.008045939389748187,0.04426107183098793,0.023065678775310516,0.9862637362637363,0.008453365756478513,0.009688366572935505,0.014058816618535062,0.010733516315983025,0.66
9960,wall-robot-navigation,5456,2945,328,1091,1092,24,4,2,tabpfn,logistic,Logistic Recalibration,0.05913793352228173,0.023246292945637088,0.9844322344322345,0.018371548597863354,0.019212403656644915,0.018847222970207588,0.018810391741571952,0.04426107183098793,0.023065678775310516,0.9862637362637363,0.008453365756478513,0.009688366572935505,0.014058816618535062,0.010733516315983025,0.66
9960,wall-robot-navigation,5456,2945,328,1091,1092,24,4,2,tabpfn,isotonic,Isotonic Regression,0.09717678278684616,0.025162983685731888,0.9844322344322345,0.00638948315447505,0.008000163368253004,0.008018079803976804,0.00746924210890162,0.04426107183098793,0.023065678775310516,0.9862637362637363,0.008453365756478513,0.009688366572935505,0.014058816618535062,0.010733516315983025,0.66
9960,wall-robot-navigation,5456,2945,328,1091,1092,24,4,2,tabpfn,dirichlet,Dirichlet ODIR,0.05344119119552326,0.02681470515342305,0.9826007326007326,0.0068956009580419435,0.009156623715376375,0.009648942265397038,0.008567055646271785,0.04426107183098793,0.023065678775310516,0.9862637362637363,0.008453365756478513,0.009688366572935505,0.014058816618535062,0.010733516315983025,0.66
9960,wall-robot-navigation,5456,2945,328,1091,1092,24,4,3,tabpfn,none,No calibration,0.0390450693666935,0.019861117005348206,0.9871794871794872,0.00918749995502361,0.010090115115101092,0.01181455532382256,0.010364056797982421,0.0390450693666935,0.019861117005348206,0.9871794871794872,0.00918749995502361,0.010090115115101092,0.01181455532382256,0.010364056797982421,0.66
9960,wall-robot-navigation,5456,2945,328,1091,1092,24,4,3,tabpfn,temp,Temperature Scaling,0.037075165659189224,0.0191197469830513,0.9871794871794872,0.005950863653923535,0.007395711764966171,0.006739956337017018,0.006695510585302242,0.0390450693666935,0.019861117005348206,0.9871794871794872,0.00918749995502361,0.010090115115101092,0.01181455532382256,0.010364056797982421,0.66
9960,wall-robot-navigation,5456,2945,328,1091,1092,24,4,3,tabpfn,logistic,Logistic Recalibration,0.05293203211502532,0.01954217162562452,0.9871794871794872,0.01838409281889381,0.01991677024960295,0.021940212981270118,0.020080358683255625,0.0390450693666935,0.019861117005348206,0.9871794871794872,0.00918749995502361,0.010090115115101092,0.01181455532382256,0.010364056797982421,0.66
9960,wall-robot-navigation,5456,2945,328,1091,1092,24,4,3,tabpfn,isotonic,Isotonic Regression,0.0406230129301548,0.016387881711125374,0.9880952380952381,0.006032211194326587,0.007600787440280771,0.0096745569354449,0.007769185190017419,0.0390450693666935,0.019861117005348206,0.9871794871794872,0.00918749995502361,0.010090115115101092,0.01181455532382256,0.010364056797982421,0.66
9960,wall-robot-navigation,5456,2945,328,1091,1092,24,4,3,tabpfn,dirichlet,Dirichlet ODIR,0.03137270167284476,0.017011594420647848,0.9862637362637363,0.006374997176706754,0.007196929925040661,0.007403046830059096,0.006991657977268836,0.0390450693666935,0.019861117005348206,0.9871794871794872,0.00918749995502361,0.010090115115101092,0.01181455532382256,0.010364056797982421,0.66
9960,wall-robot-navigation,5456,2945,328,1091,1092,24,4,4,tabpfn,none,No calibration,0.05675165727734566,0.028333500027656555,0.9807692307692307,0.009701832091852025,0.013701081330522984,0.015779835564312915,0.013060916328895973,0.05675165727734566,0.028333500027656555,0.9807692307692307,0.009701832091852025,0.013701081330522984,0.015779835564312915,0.013060916328895973,0.66
9960,wall-robot-navigation,5456,2945,328,1091,1092,24,4,4,tabpfn,temp,Temperature Scaling,0.05674203857779503,0.0283370278775692,0.9807692307692307,0.0096908835046021,0.013684267526144545,0.015774222247766485,0.01304979109283771,0.05675165727734566,0.028333500027656555,0.9807692307692307,0.009701832091852025,0.013701081330522984,0.015779835564312915,0.013060916328895973,0.66
9960,wall-robot-navigation,5456,2945,328,1091,1092,24,4,4,tabpfn,logistic,Logistic Recalibration,0.07893246431127879,0.029477320111534356,0.9844322344322345,0.017529902152989087,0.016508018894312568,0.018807383898030768,0.01761510164844414,0.05675165727734566,0.028333500027656555,0.9807692307692307,0.009701832091852025,0.013701081330522984,0.015779835564312915,0.013060916328895973,0.66
9960,wall-robot-navigation,5456,2945,328,1091,1092,24,4,4,tabpfn,isotonic,Isotonic Regression,0.0874926969408989,0.02831612154841423,0.9807692307692307,0.00969397355785298,0.008878033621843882,0.01094841667802339,0.009840141285906752,0.05675165727734566,0.028333500027656555,0.9807692307692307,0.009701832091852025,0.013701081330522984,0.015779835564312915,0.013060916328895973,0.66
9960,wall-robot-navigation,5456,2945,328,1091,1092,24,4,4,tabpfn,dirichlet,Dirichlet ODIR,0.0629314605160121,0.02974136466935787,0.9816849816849816,0.005578287670454246,0.008845049709647088,0.01008468394928412,0.008169340443128484,0.05675165727734566,0.028333500027656555,0.9807692307692307,0.009701832091852025,0.013701081330522984,0.015779835564312915,0.013060916328895973,0.66
9985,first-order-theorem-proving,6118,3303,367,1224,1224,51,6,0,tabpfn,none,No calibration,1.0839941501617432,0.5230733752250671,0.6200980392156863,0.0344777150822231,0.04128581706702321,0.0527296444413319,0.04283105886352607,1.0839941501617432,0.5230733752250671,0.6200980392156863,0.0344777150822231,0.04128581706702321,0.0527296444413319,0.04283105886352607,0.69
9985,first-order-theorem-proving,6118,3303,367,1224,1224,51,6,0,tabpfn,temp,Temperature Scaling,1.083957552909851,0.5230385661125183,0.6200980392156863,0.036518139289874664,0.047641905475091305,0.050516832985130024,0.04489229258336533,1.0839941501617432,0.5230733752250671,0.6200980392156863,0.0344777150822231,0.04128581706702321,0.0527296444413319,0.04283105886352607,0.69
9985,first-order-theorem-proving,6118,3303,367,1224,1224,51,6,0,tabpfn,logistic,Logistic Recalibration,1.1244550543630767,0.5316237349083671,0.6094771241830066,0.0488138661829679,0.049627170465633585,0.051854955727582044,0.05009866412539451,1.0839941501617432,0.5230733752250671,0.6200980392156863,0.0344777150822231,0.04128581706702321,0.0527296444413319,0.04283105886352607,0.69
9985,first-order-theorem-proving,6118,3303,367,1224,1224,51,6,0,tabpfn,isotonic,Isotonic Regression,1.089887022972107,0.5221676230430603,0.619281045751634,0.03249613996716885,0.035814494771115916,0.040508736558015054,0.03627312376543328,1.0839941501617432,0.5230733752250671,0.6200980392156863,0.0344777150822231,0.04128581706702321,0.0527296444413319,0.04283105886352607,0.69
9985,first-order-theorem-proving,6118,3303,367,1224,1224,51,6,0,tabpfn,dirichlet,Dirichlet ODIR,1.0871215187540137,0.5271889208135082,0.6029411764705882,0.03768835530341654,0.04778950311083743,0.04552675238306985,0.04366820359910794,1.0839941501617432,0.5230733752250671,0.6200980392156863,0.0344777150822231,0.04128581706702321,0.0527296444413319,0.04283105886352607,0.69
9985,first-order-theorem-proving,6118,3303,367,1224,1224,51,6,1,tabpfn,none,No calibration,1.132582664489746,0.5380598306655884,0.5915032679738562,0.024972256102593116,0.033650372372148865,0.046707659302388925,0.0351100959257103,1.132582664489746,0.5380598306655884,0.5915032679738562,0.024972256102593116,0.033650372372148865,0.046707659302388925,0.0351100959257103,0.7
9985,first-order-theorem-proving,6118,3303,367,1224,1224,51,6,1,tabpfn,temp,Temperature Scaling,1.1319811344146729,0.5380744934082031,0.5915032679738562,0.024871020608283338,0.03419600159319398,0.05041114726633418,0.036492723155937164,1.132582664489746,0.5380598306655884,0.5915032679738562,0.024972256102593116,0.033650372372148865,0.046707659302388925,0.0351100959257103,0.7
9985,first-order-theorem-proving,6118,3303,367,1224,1224,51,6,1,tabpfn,logistic,Logistic Recalibration,1.1573858064677707,0.5438148532235257,0.5964052287581699,0.02835967797041839,0.03873625021819718,0.04812003140938013,0.038405319865998565,1.132582664489746,0.5380598306655884,0.5915032679738562,0.024972256102593116,0.033650372372148865,0.046707659302388925,0.0351100959257103,0.7
9985,first-order-theorem-proving,6118,3303,367,1224,1224,51,6,1,tabpfn,isotonic,Isotonic Regression,1.2062264680862427,0.5405562520027161,0.5939542483660131,0.033106620892200594,0.041217905584893196,0.04267011459892481,0.0389982136920062,1.132582664489746,0.5380598306655884,0.5915032679738562,0.024972256102593116,0.033650372372148865,0.046707659302388925,0.0351100959257103,0.7
9985,first-order-theorem-proving,6118,3303,367,1224,1224,51,6,1,tabpfn,dirichlet,Dirichlet ODIR,1.142978734522912,0.5422692617120004,0.5898692810457516,0.0204257703942655,0.022975193019401395,0.038758066666686165,0.027386343360117683,1.132582664489746,0.5380598306655884,0.5915032679738562,0.024972256102593116,0.033650372372148865,0.046707659302388925,0.0351100959257103,0.7
9985,first-order-theorem-proving,6118,3303,367,1224,1224,51,6,2,tabpfn,none,No calibration,1.08741295337677,0.5220586061477661,0.6045751633986928,0.01896983652917389,0.03720153176706601,0.03819402256140521,0.031455130285881705,1.08741295337677,0.5220586061477661,0.6045751633986928,0.01896983652917389,0.03720153176706601,0.03819402256140521,0.031455130285881705,0.68
9985,first-order-theorem-proving,6118,3303,367,1224,1224,51,6,2,tabpfn,temp,Temperature Scaling,1.0871329307556152,0.5219407677650452,0.6045751633986928,0.021486640804343756,0.024603083522783373,0.03584515059890311,0.027311624975343413,1.08741295337677,0.5220586061477661,0.6045751633986928,0.01896983652917389,0.03720153176706601,0.03819402256140521,0.031455130285881705,0.68
9985,first-order-theorem-proving,6118,3303,367,1224,1224,51,6,2,tabpfn,logistic,Logistic Recalibration,1.1267469152992078,0.5303001830085021,0.5972222222222222,0.03184500956365234,0.030433488724686666,0.04055032521309989,0.03427627450047963,1.08741295337677,0.5220586061477661,0.6045751633986928,0.01896983652917389,0.03720153176706601,0.03819402256140521,0.031455130285881705,0.68
9985,first-order-theorem-proving,6118,3303,367,1224,1224,51,6,2,tabpfn,isotonic,Isotonic Regression,1.1591582298278809,0.5218539237976074,0.6045751633986928,0.023954758323193357,0.02808602716700702,0.033241156768662496,0.028427314086287625,1.08741295337677,0.5220586061477661,0.6045751633986928,0.01896983652917389,0.03720153176706601,0.03819402256140521,0.031455130285881705,0.68
9985,first-order-theorem-proving,6118,3303,367,1224,1224,51,6,2,tabpfn,dirichlet,Dirichlet ODIR,1.1018382706073877,0.5273488155569911,0.5996732026143791,0.023111921272808242,0.031683100627319216,0.03311279706313077,0.029302606321086073,1.08741295337677,0.5220586061477661,0.6045751633986928,0.01896983652917389,0.03720153176706601,0.03819402256140521,0.031455130285881705,0.68
9985,first-order-theorem-proving,6118,3303,367,1224,1224,51,6,3,tabpfn,none,No calibration,1.0894594192504883,0.5248622894287109,0.6119281045751634,0.04731519554370369,0.049687340794727676,0.05264288065285465,0.04988180566376201,1.0894594192504883,0.5248622894287109,0.6119281045751634,0.04731519554370369,0.049687340794727676,0.05264288065285465,0.04988180566376201,0.68
9985,first-order-theorem-proving,6118,3303,367,1224,1224,51,6,3,tabpfn,temp,Temperature Scaling,1.0893484354019165,0.524763286113739,0.6119281045751634,0.048301297854753886,0.04929599954801445,0.0560614398491928,0.05121957908398705,1.0894594192504883,0.5248622894287109,0.6119281045751634,0.04731519554370369,0.049687340794727676,0.05264288065285465,0.04988180566376201,0.68
9985,first-order-theorem-proving,6118,3303,367,1224,1224,51,6,3,tabpfn,logistic,Logistic Recalibration,1.1339731310327068,0.5336652120079318,0.6045751633986928,0.04858919671961558,0.04308580073659758,0.05151552055514897,0.04773017267045404,1.0894594192504883,0.5248622894287109,0.6119281045751634,0.04731519554370369,0.049687340794727676,0.05264288065285465,0.04988180566376201,0.68
9985,first-order-theorem-proving,6118,3303,367,1224,1224,51,6,3,tabpfn,isotonic,Isotonic Regression,1.1361644268035889,0.5251290798187256,0.6111111111111112,0.03258200615547061,0.031540177859901604,0.03368427959922092,0.03260215453819771,1.0894594192504883,0.5248622894287109,0.6119281045751634,0.04731519554370369,0.049687340794727676,0.05264288065285465,0.04988180566376201,0.68
9985,first-order-theorem-proving,6118,3303,367,1224,1224,51,6,3,tabpfn,dirichlet,Dirichlet ODIR,1.0995144464553384,0.5303291098149574,0.6053921568627451,0.035564596259294146,0.03702384265129159,0.03916356597095924,0.03725066829384833,1.0894594192504883,0.5248622894287109,0.6119281045751634,0.04731519554370369,0.049687340794727676,0.05264288065285465,0.04988180566376201,0.68
9985,first-order-theorem-proving,6118,3303,367,1224,1224,51,6,4,tabpfn,none,No calibration,1.0942013263702393,0.5253379940986633,0.6070261437908496,0.030155835125376187,0.025214894388625828,0.04915148197533258,0.034840737163111535,1.0942013263702393,0.5253379940986633,0.6070261437908496,0.030155835125376187,0.025214894388625828,0.04915148197533258,0.034840737163111535,0.68
9985,first-order-theorem-proving,6118,3303,367,1224,1224,51,6,4,tabpfn,temp,Temperature Scaling,1.09442138671875,0.5254543423652649,0.6070261437908496,0.03239684685869933,0.025913399991159353,0.04307899512107077,0.03379641399030982,1.0942013263702393,0.5253379940986633,0.6070261437908496,0.030155835125376187,0.025214894388625828,0.04915148197533258,0.034840737163111535,0.68
9985,first-order-theorem-proving,6118,3303,367,1224,1224,51,6,4,tabpfn,logistic,Logistic Recalibration,1.1349674849990612,0.5326701895641227,0.6029411764705882,0.03932069415718777,0.04208743162040793,0.04841278497975702,0.04327363691911757,1.0942013263702393,0.5253379940986633,0.6070261437908496,0.030155835125376187,0.025214894388625828,0.04915148197533258,0.034840737163111535,0.68
9985,first-order-theorem-proving,6118,3303,367,1224,1224,51,6,4,tabpfn,isotonic,Isotonic Regression,1.2062956094741821,0.5290555357933044,0.5996732026143791,0.030117533760133146,0.03242562647933274,0.04454425186697953,0.0356958040354818,1.0942013263702393,0.5253379940986633,0.6070261437908496,0.030155835125376187,0.025214894388625828,0.04915148197533258,0.034840737163111535,0.68
9985,first-order-theorem-proving,6118,3303,367,1224,1224,51,6,4,tabpfn,dirichlet,Dirichlet ODIR,1.1050207310132099,0.527993718654187,0.6086601307189542,0.024886600712990526,0.03422332244311668,0.03661577754166227,0.031908566899256495,1.0942013263702393,0.5253379940986633,0.6070261437908496,0.030155835125376187,0.025214894388625828,0.04915148197533258,0.034840737163111535,0.68
2074,satimage,6430,3472,386,1286,1286,36,6,0,tabpfn,none,No calibration,0.18562708795070648,0.10614844411611557,0.9300155520995335,0.014413915470265689,0.016599760571868363,0.01441390195957056,0.015142526000568203,0.18562708795070648,0.10614844411611557,0.9300155520995335,0.014413915470265689,0.016599760571868363,0.01441390195957056,0.015142526000568203,0.69
2074,satimage,6430,3472,386,1286,1286,36,6,0,tabpfn,temp,Temperature Scaling,0.18593475222587585,0.10628541558980942,0.9300155520995335,0.015713858289258854,0.014331730630127128,0.01759923612163008,0.015881608347005353,0.18562708795070648,0.10614844411611557,0.9300155520995335,0.014413915470265689,0.016599760571868363,0.01441390195957056,0.015142526000568203,0.69
2074,satimage,6430,3472,386,1286,1286,36,6,0,tabpfn,logistic,Logistic Recalibration,0.23865965864820335,0.11261036650759544,0.9261275272161742,0.03143800211912762,0.04390813955925269,0.040018204354099224,0.038454782010826506,0.18562708795070648,0.10614844411611557,0.9300155520995335,0.014413915470265689,0.016599760571868363,0.01441390195957056,0.015142526000568203,0.69
2074,satimage,6430,3472,386,1286,1286,36,6,0,tabpfn,isotonic,Isotonic Regression,0.2806704044342041,0.11064506322145462,0.9276827371695179,0.014995464223725274,0.019374093130624905,0.021934597015751622,0.018768051456700602,0.18562708795070648,0.10614844411611557,0.9300155520995335,0.014413915470265689,0.016599760571868363,0.01441390195957056,0.015142526000568203,0.69
2074,satimage,6430,3472,386,1286,1286,36,6,0,tabpfn,dirichlet,Dirichlet ODIR,0.19305239792726844,0.10904291461660205,0.9183514774494557,0.019096756791305066,0.02065557000276403,0.01967337370988143,0.01980856683465017,0.18562708795070648,0.10614844411611557,0.9300155520995335,0.014413915470265689,0.016599760571868363,0.01441390195957056,0.015142526000568203,0.69
2074,satimage,6430,3472,386,1286,1286,36,6,1,tabpfn,none,No calibration,0.1551608294248581,0.09172774106264114,0.9354587869362364,0.01614429951177597,0.016278727614490313,0.01996074651670681,0.01746125788099103,0.1551608294248581,0.09172774106264114,0.9354587869362364,0.01614429951177597,0.016278727614490313,0.01996074651670681,0.01746125788099103,0.65
2074,satimage,6430,3472,386,1286,1286,36,6,1,tabpfn,temp,Temperature Scaling,0.15375295281410217,0.0921233668923378,0.9354587869362364,0.008894898472455214,0.012908370924960031,0.022711166164737805,0.01483814518738435,0.1551608294248581,0.09172774106264114,0.9354587869362364,0.01614429951177597,0.016278727614490313,0.01996074651670681,0.01746125788099103,0.65
2074,satimage,6430,3472,386,1286,1286,36,6,1,tabpfn,logistic,Logistic Recalibration,0.20255290246796123,0.09828271135628484,0.9331259720062208,0.037657222663178426,0.046530564074943756,0.042106436540414814,0.042098074426179,0.1551608294248581,0.09172774106264114,0.9354587869362364,0.01614429951177597,0.016278727614490313,0.01996074651670681,0.01746125788099103,0.65
2074,satimage,6430,3472,386,1286,1286,36,6,1,tabpfn,isotonic,Isotonic Regression,0.18379288911819458,0.09465105086565018,0.9346811819595645,0.014748314537490276,0.01683182358556366,0.019108407234144458,0.016896181785732798,0.1551608294248581,0.09172774106264114,0.9354587869362364,0.01614429951177597,0.016278727614490313,0.01996074651670681,0.01746125788099103,0.65
2074,satimage,6430,3472,386,1286,1286,36,6,1,tabpfn,dirichlet,Dirichlet ODIR,0.1719448641657919,0.09423444891647151,0.9370139968895801,0.01186001054679889,0.012742513909942608,0.020498656991885165,0.015033727149542223,0.1551608294248581,0.09172774106264114,0.9354587869362364,0.01614429951177597,0.016278727614490313,0.01996074651670681,0.01746125788099103,0.65
2074,satimage,6430,3472,386,1286,1286,36,6,2,tabpfn,none,No calibration,0.16499687731266022,0.09441710263490677,0.9331259720062208,0.015613133623663001,0.01815737262484071,0.01782956302258684,0.017200023090363517,0.16499687731266022,0.09441710263490677,0.9331259720062208,0.015613133623663001,0.01815737262484071,0.01782956302258684,0.017200023090363517,0.66
2074,satimage,6430,3472,386,1286,1286,36,6,2,tabpfn,temp,Temperature Scaling,0.1633116751909256,0.09461737424135208,0.9331259720062208,0.011647306185673414,0.015568641027432769,0.015404435259928758,0.014206794157678315,0.16499687731266022,0.09441710263490677,0.9331259720062208,0.015613133623663001,0.01815737262484071,0.01782956302258684,0.017200023090363517,0.66
2074,satimage,6430,3472,386,1286,1286,36,6,2,tabpfn,logistic,Logistic Recalibration,0.20807937616967112,0.09773768350079552,0.9315707620528771,0.029336270671983335,0.03139358576302005,0.029521402461509277,0.030083752965504224,0.16499687731266022,0.09441710263490677,0.9331259720062208,0.015613133623663001,0.01815737262484071,0.01782956302258684,0.017200023090363517,0.66
2074,satimage,6430,3472,386,1286,1286,36,6,2,tabpfn,isotonic,Isotonic Regression,0.26621678471565247,0.09695212543010712,0.9307931570762052,0.019442608832015176,0.01927370982444489,0.02229340909799184,0.020336575918150634,0.16499687731266022,0.09441710263490677,0.9331259720062208,0.015613133623663001,0.01815737262484071,0.01782956302258684,0.017200023090363517,0.66
2074,satimage,6430,3472,386,1286,1286,36,6,2,tabpfn,dirichlet,Dirichlet ODIR,0.18029927975651955,0.09452748576736605,0.9354587869362364,0.008156973672536597,0.009321369317299379,0.014303753713562118,0.010594032234466033,0.16499687731266022,0.09441710263490677,0.9331259720062208,0.015613133623663001,0.01815737262484071,0.01782956302258684,0.017200023090363517,0.66
2074,satimage,6430,3472,386,1286,1286,36,6,3,tabpfn,none,No calibration,0.19426436722278595,0.11138581484556198,0.921461897356143,0.017250091393665033,0.015245827740495717,0.01786325695818725,0.016786392030782665,0.19426436722278595,0.11138581484556198,0.921461897356143,0.017250091393665033,0.015245827740495717,0.01786325695818725,0.016786392030782665,0.66
2074,satimage,6430,3472,386,1286,1286,36,6,3,tabpfn,temp,Temperature Scaling,0.19491562247276306,0.11181327700614929,0.921461897356143,0.014605599280278757,0.016424373927791273,0.02059185032154869,0.017207274509872906,0.19426436722278595,0.11138581484556198,0.921461897356143,0.017250091393665033,0.015245827740495717,0.01786325695818725,0.016786392030782665,0.66
2074,satimage,6430,3472,386,1286,1286,36,6,3,tabpfn,logistic,Logistic Recalibration,0.24632430588495494,0.11810336722265544,0.9230171073094868,0.03920833426387292,0.046305870436606,0.04005772824283403,0.04185731098110432,0.19426436722278595,0.11138581484556198,0.921461897356143,0.017250091393665033,0.015245827740495717,0.01786325695818725,0.016786392030782665,0.66
2074,satimage,6430,3472,386,1286,1286,36,6,3,tabpfn,isotonic,Isotonic Regression,0.29145345091819763,0.11708252876996994,0.9144634525660964,0.02061347753782851,0.02209171254193614,0.025690044298142322,0.022798411459302323,0.19426436722278595,0.11138581484556198,0.921461897356143,0.017250091393665033,0.015245827740495717,0.01786325695818725,0.016786392030782665,0.66
2074,satimage,6430,3472,386,1286,1286,36,6,3,tabpfn,dirichlet,Dirichlet ODIR,0.19803584752508113,0.11186708444031221,0.9199066874027994,0.011783056536967013,0.017980142199230453,0.01700578495821078,0.015589661231469416,0.19426436722278595,0.11138581484556198,0.921461897356143,0.017250091393665033,0.015245827740495717,0.01786325695818725,0.016786392030782665,0.66
2074,satimage,6430,3472,386,1286,1286,36,6,4,tabpfn,none,No calibration,0.17321525514125824,0.10035325586795807,0.9292379471228616,0.012629943631855881,0.012689081589875315,0.013247335796037303,0.0128554536725895,0.17321525514125824,0.10035325586795807,0.9292379471228616,0.012629943631855881,0.012689081589875315,0.013247335796037303,0.0128554536725895,0.66
2074,satimage,6430,3472,386,1286,1286,36,6,4,tabpfn,temp,Temperature Scaling,0.17338873445987701,0.10056210309267044,0.9292379471228616,0.013454698014593041,0.010804128498534168,0.01494089040099928,0.013066572304708831,0.17321525514125824,0.10035325586795807,0.9292379471228616,0.012629943631855881,0.012689081589875315,0.013247335796037303,0.0128554536725895,0.66
2074,satimage,6430,3472,386,1286,1286,36,6,4,tabpfn,logistic,Logistic Recalibration,0.22307103387944247,0.10510877405459529,0.9300155520995335,0.03420282519867447,0.046568254283177235,0.04109230418574904,0.04062112788920025,0.17321525514125824,0.10035325586795807,0.9292379471228616,0.012629943631855881,0.012689081589875315,0.013247335796037303,0.0128554536725895,0.66
2074,satimage,6430,3472,386,1286,1286,36,6,4,tabpfn,isotonic,Isotonic Regression,0.24645158648490906,0.10376565903425217,0.9300155520995335,0.016346798343569433,0.022576031566222392,0.026725950220695398,0.02188292671016241,0.17321525514125824,0.10035325586795807,0.9292379471228616,0.012629943631855881,0.012689081589875315,0.013247335796037303,0.0128554536725895,0.66
2074,satimage,6430,3472,386,1286,1286,36,6,4,tabpfn,dirichlet,Dirichlet ODIR,0.1682080622538521,0.09824288997992836,0.9307931570762052,0.013648857354569844,0.01552294918700798,0.01855084950276965,0.01590755201478249,0.17321525514125824,0.10035325586795807,0.9292379471228616,0.012629943631855881,0.012689081589875315,0.013247335796037303,0.0128554536725895,0.66
3913,kc2,522,281,32,104,105,21,2,0,tabpfn,none,No calibration,0.40110599994659424,0.23621906340122223,0.8380952380952381,0.0735421299934387,0.08215849399566652,0.07762820323308309,0.07777627574072944,0.40110599994659424,0.23621906340122223,0.8380952380952381,0.0735421299934387,0.08215849399566652,0.07762820323308309,0.07777627574072944,0.65
3913,kc2,522,281,32,104,105,21,2,0,tabpfn,temp,Temperature Scaling,0.38780081272125244,0.23578079044818878,0.8380952380952381,0.05189150117692492,0.07096959125427975,0.06950344982601346,0.06412151408573936,0.40110599994659424,0.23621906340122223,0.8380952380952381,0.0735421299934387,0.08215849399566652,0.07762820323308309,0.07777627574072944,0.65
3913,kc2,522,281,32,104,105,21,2,0,tabpfn,logistic,Logistic Recalibration,0.4078855427415321,0.25301709953046203,0.8380952380952381,0.10239434284454974,0.08571918776756668,0.11375558334677083,0.10062303798629575,0.40110599994659424,0.23621906340122223,0.8380952380952381,0.0735421299934387,0.08215849399566652,0.07762820323308309,0.07777627574072944,0.65
3913,kc2,522,281,32,104,105,21,2,0,tabpfn,isotonic,Isotonic Regression,0.39836424589157104,0.25505584478378296,0.819047619047619,0.07151027066367012,0.075081767922356,0.09770078148160664,0.08143094002254425,0.40110599994659424,0.23621906340122223,0.8380952380952381,0.0735421299934387,0.08215849399566652,0.07762820323308309,0.07777627574072944,0.65
3913,kc2,522,281,32,104,105,21,2,0,tabpfn,dirichlet,Dirichlet ODIR,0.39326375615971393,0.2434330909914929,0.8380952380952381,0.07740268977780593,0.09177264903125318,0.0919041030468228,0.08702648061862729,0.40110599994659424,0.23621906340122223,0.8380952380952381,0.0735421299934387,0.08215849399566652,0.07762820323308309,0.07777627574072944,0.65
3913,kc2,522,281,32,104,105,21,2,1,tabpfn,none,No calibration,0.5271732807159424,0.27309057116508484,0.8095238095238095,0.07145622003646127,0.09032746780486334,0.09922892593202137,0.08700420459111531,0.5271732807159424,0.27309057116508484,0.8095238095238095,0.07145622003646127,0.09032746780486334,0.09922892593202137,0.08700420459111531,0.66
3913,kc2,522,281,32,104,105,21,2,1,tabpfn,temp,Temperature Scaling,0.5752025842666626,0.2768225073814392,0.8095238095238095,0.08865580615543181,0.09201745419275192,0.10187302714302424,0.09418209583040266,0.5271732807159424,0.27309057116508484,0.8095238095238095,0.07145622003646127,0.09032746780486334,0.09922892593202137,0.08700420459111531,0.66
3913,kc2,522,281,32,104,105,21,2,1,tabpfn,logistic,Logistic Recalibration,0.43610346505039377,0.2766315069877693,0.8095238095238095,0.0423236788796387,0.06888457514586716,0.06455451726274858,0.05858759042941814,0.5271732807159424,0.27309057116508484,0.8095238095238095,0.07145622003646127,0.09032746780486334,0.09922892593202137,0.08700420459111531,0.66
3913,kc2,522,281,32,104,105,21,2,1,tabpfn,isotonic,Isotonic Regression,1.443886399269104,0.28093311190605164,0.8095238095238095,0.10453304052352905,0.11011297418957663,0.1291605932371957,0.11460220265010046,0.5271732807159424,0.27309057116508484,0.8095238095238095,0.07145622003646127,0.09032746780486334,0.09922892593202137,0.08700420459111531,0.66
3913,kc2,522,281,32,104,105,21,2,1,tabpfn,dirichlet,Dirichlet ODIR,0.5641173259842119,0.2790504968075625,0.8095238095238095,0.08950446424698016,0.08950446424698016,0.08950446424698008,0.08950446424698015,0.5271732807159424,0.27309057116508484,0.8095238095238095,0.07145622003646127,0.09032746780486334,0.09922892593202137,0.08700420459111531,0.66
3913,kc2,522,281,32,104,105,21,2,2,tabpfn,none,No calibration,0.3328118920326233,0.20201008021831512,0.8476190476190476,0.02494535502933322,0.03604320855367754,0.05273852064495994,0.03790902807599023,0.3328118920326233,0.20201008021831512,0.8476190476190476,0.02494535502933322,0.03604320855367754,0.05273852064495994,0.03790902807599023,0.64
3913,kc2,522,281,32,104,105,21,2,2,tabpfn,temp,Temperature Scaling,0.3320332169532776,0.2017231285572052,0.8476190476190476,0.0342630040077936,0.05175724483671641,0.06758838154020762,0.05120287679490587,0.3328118920326233,0.20201008021831512,0.8476190476190476,0.02494535502933322,0.03604320855367754,0.05273852064495994,0.03790902807599023,0.64
3913,kc2,522,281,32,104,105,21,2,2,tabpfn,logistic,Logistic Recalibration,0.3780183460057822,0.23287951519958794,0.8476190476190476,0.07295008750739349,0.13208851040984723,0.11994083316134582,0.10832647702619551,0.3328118920326233,0.20201008021831512,0.8476190476190476,0.02494535502933322,0.03604320855367754,0.05273852064495994,0.03790902807599023,0.64
3913,kc2,522,281,32,104,105,21,2,2,tabpfn,isotonic,Isotonic Regression,0.4710850715637207,0.2042710930109024,0.8666666666666667,0.04095447290511356,0.05455991881234304,0.057224346342540915,0.05091291268666584,0.3328118920326233,0.20201008021831512,0.8476190476190476,0.02494535502933322,0.03604320855367754,0.05273852064495994,0.03790902807599023,0.64
3913,kc2,522,281,32,104,105,21,2,2,tabpfn,dirichlet,Dirichlet ODIR,0.3382677768349646,0.20719087697725272,0.8666666666666667,0.044051682552166536,0.06689682064952107,0.04407111104973234,0.05167320475047332,0.3328118920326233,0.20201008021831512,0.8476190476190476,0.02494535502933322,0.03604320855367754,0.05273852064495994,0.03790902807599023,0.64
3913,kc2,522,281,32,104,105,21,2,3,tabpfn,none,No calibration,0.28447118401527405,0.1770790070295334,0.8666666666666667,0.062412460077376594,0.07282028992970785,0.0861735945656186,0.07380211485756769,0.28447118401527405,0.1770790070295334,0.8666666666666667,0.062412460077376594,0.07282028992970785,0.0861735945656186,0.07380211485756769,0.65
3913,kc2,522,281,32,104,105,21,2,3,tabpfn,temp,Temperature Scaling,0.27967342734336853,0.17674961686134338,0.8666666666666667,0.0483252173378354,0.07864994037718999,0.06806595098404657,0.06501370289969065,0.28447118401527405,0.1770790070295334,0.8666666666666667,0.062412460077376594,0.07282028992970785,0.0861735945656186,0.07380211485756769,0.65
3913,kc2,522,281,32,104,105,21,2,3,tabpfn,logistic,Logistic Recalibration,0.33571224211299666,0.19881402471243828,0.8666666666666667,0.1199054100802524,0.11990541008025232,0.11990541008025246,0.11990541008025239,0.28447118401527405,0.1770790070295334,0.8666666666666667,0.062412460077376594,0.07282028992970785,0.0861735945656186,0.07380211485756769,0.65
3913,kc2,522,281,32,104,105,21,2,3,tabpfn,isotonic,Isotonic Regression,0.401519238948822,0.16311371326446533,0.8666666666666667,0.04029730615161712,0.059170695713588156,0.07107545648302349,0.05684781944940959,0.28447118401527405,0.1770790070295334,0.8666666666666667,0.062412460077376594,0.07282028992970785,0.0861735945656186,0.07380211485756769,0.65
3913,kc2,522,281,32,104,105,21,2,3,tabpfn,dirichlet,Dirichlet ODIR,0.2606101892271525,0.16236172129088478,0.8761904761904762,0.057197928771288126,0.06870424604614372,0.05740431966783219,0.061102164828421346,0.28447118401527405,0.1770790070295334,0.8666666666666667,0.062412460077376594,0.07282028992970785,0.0861735945656186,0.07380211485756769,0.65
3913,kc2,522,281,32,104,105,21,2,4,tabpfn,none,No calibration,0.3999847173690796,0.25940749049186707,0.7904761904761904,0.05034621840431579,0.05264940375373476,0.060885395890190465,0.05462700601608034,0.3999847173690796,0.25940749049186707,0.7904761904761904,0.05034621840431579,0.05264940375373476,0.060885395890190465,0.05462700601608034,0.65
3913,kc2,522,281,32,104,105,21,2,4,tabpfn,temp,Temperature Scaling,0.39600735902786255,0.2566382884979248,0.7904761904761904,0.049368111860184444,0.06125184127262664,0.049368094830285945,0.053329349321032345,0.3999847173690796,0.25940749049186707,0.7904761904761904,0.05034621840431579,0.05264940375373476,0.060885395890190465,0.05462700601608034,0.65
3913,kc2,522,281,32,104,105,21,2,4,tabpfn,logistic,Logistic Recalibration,0.41975104385446116,0.265654201036516,0.8095238095238095,0.04224817556945062,0.08244734150954833,0.09660947804761963,0.07376833170887286,0.3999847173690796,0.25940749049186707,0.7904761904761904,0.05034621840431579,0.05264940375373476,0.060885395890190465,0.05462700601608034,0.65
3913,kc2,522,281,32,104,105,21,2,4,tabpfn,isotonic,Isotonic Regression,0.6272033452987671,0.3126527667045593,0.7904761904761904,0.10271260511307488,0.10429987737110685,0.11037474132719494,0.10579574127045889,0.3999847173690796,0.25940749049186707,0.7904761904761904,0.05034621840431579,0.05264940375373476,0.060885395890190465,0.05462700601608034,0.65
3913,kc2,522,281,32,104,105,21,2,4,tabpfn,dirichlet,Dirichlet ODIR,0.41287414809423073,0.2679924477941693,0.8,0.07161212715387902,0.0831282201683676,0.07520379095516865,0.07664804609247176,0.3999847173690796,0.25940749049186707,0.7904761904761904,0.05034621840431579,0.05264940375373476,0.060885395890190465,0.05462700601608034,0.65
14954,cylinder-bands,540,291,33,108,108,35,2,0,tabpfn,none,No calibration,0.3872852325439453,0.2526225745677948,0.8240740740740741,0.05794505443837905,0.06457451868940282,0.11240794702812479,0.07830917338530223,0.3872852325439453,0.2526225745677948,0.8240740740740741,0.05794505443837905,0.06457451868940282,0.11240794702812479,0.07830917338530223,0.67
14954,cylinder-bands,540,291,33,108,108,35,2,0,tabpfn,temp,Temperature Scaling,0.4009990096092224,0.2582606077194214,0.8240740740740741,0.054874740816928724,0.05487475737377448,0.06556434156718077,0.058437946585961326,0.3872852325439453,0.2526225745677948,0.8240740740740741,0.05794505443837905,0.06457451868940282,0.11240794702812479,0.07830917338530223,0.67
14954,cylinder-bands,540,291,33,108,108,35,2,0,tabpfn,logistic,Logistic Recalibration,0.4526640733886843,0.27975537821621865,0.8148148148148148,0.11883186469938922,0.12537096269731635,0.11883186469938918,0.12101156403203157,0.3872852325439453,0.2526225745677948,0.8240740740740741,0.05794505443837905,0.06457451868940282,0.11240794702812479,0.07830917338530223,0.67
14954,cylinder-bands,540,291,33,108,108,35,2,0,tabpfn,isotonic,Isotonic Regression,0.5282005667686462,0.25853869318962097,0.8148148148148148,0.06537589210051076,0.066950441510589,0.06695044095869415,0.06642559152326463,0.3872852325439453,0.2526225745677948,0.8240740740740741,0.05794505443837905,0.06457451868940282,0.11240794702812479,0.07830917338530223,0.67
14954,cylinder-bands,540,291,33,108,108,35,2,0,tabpfn,dirichlet,Dirichlet ODIR,0.4057483162836966,0.25705659730704267,0.8240740740740741,0.06964677535241064,0.07735023826167087,0.07947311023173653,0.07549004128193935,0.3872852325439453,0.2526225745677948,0.8240740740740741,0.05794505443837905,0.06457451868940282,0.11240794702812479,0.07830917338530223,0.67
14954,cylinder-bands,540,291,33,108,108,35,2,1,tabpfn,none,No calibration,0.4532887637615204,0.2841838002204895,0.8055555555555556,0.06629805597994064,0.06300376079700613,0.0927184091673957,0.07400674198144748,0.4532887637615204,0.2841838002204895,0.8055555555555556,0.06629805597994064,0.06300376079700613,0.0927184091673957,0.07400674198144748,0.64
14954,cylinder-bands,540,291,33,108,108,35,2,1,tabpfn,temp,Temperature Scaling,0.4534257650375366,0.2873569130897522,0.8055555555555556,0.06889107657803428,0.08709985514481863,0.08596145223688197,0.08065079465324497,0.4532887637615204,0.2841838002204895,0.8055555555555556,0.06629805597994064,0.06300376079700613,0.0927184091673957,0.07400674198144748,0.64
14954,cylinder-bands,540,291,33,108,108,35,2,1,tabpfn,logistic,Logistic Recalibration,0.4641218579327209,0.29190965692255944,0.8055555555555556,0.09198067371094182,0.09198067371094187,0.0919806737109419,0.09198067371094187,0.4532887637615204,0.2841838002204895,0.8055555555555556,0.06629805597994064,0.06300376079700613,0.0927184091673957,0.07400674198144748,0.64
14954,cylinder-bands,540,291,33,108,108,35,2,1,tabpfn,isotonic,Isotonic Regression,0.5796836018562317,0.2818089723587036,0.8055555555555556,0.05161593136964023,0.07250812153021496,0.07767887910207111,0.0672676440006421,0.4532887637615204,0.2841838002204895,0.8055555555555556,0.06629805597994064,0.06300376079700613,0.0927184091673957,0.07400674198144748,0.64
14954,cylinder-bands,540,291,33,108,108,35,2,1,tabpfn,dirichlet,Dirichlet ODIR,0.4464037011188164,0.2842879581618562,0.7962962962962963,0.06639346054961916,0.07134614996689304,0.09112070375794673,0.07628677142481964,0.4532887637615204,0.2841838002204895,0.8055555555555556,0.06629805597994064,0.06300376079700613,0.0927184091673957,0.07400674198144748,0.64
14954,cylinder-bands,540,291,33,108,108,35,2,2,tabpfn,none,No calibration,0.44057366251945496,0.2951361835002899,0.7685185185185185,0.07351001821182392,0.08791264450108563,0.09388941305655019,0.08510402525648658,0.44057366251945496,0.2951361835002899,0.7685185185185185,0.07351001821182392,0.08791264450108563,0.09388941305655019,0.08510402525648658,0.62
14954,cylinder-bands,540,291,33,108,108,35,2,2,tabpfn,temp,Temperature Scaling,0.44919371604919434,0.30057159066200256,0.7685185185185185,0.09394145508607227,0.06656861581184248,0.1085160435349853,0.08967537147763334,0.44057366251945496,0.2951361835002899,0.7685185185185185,0.07351001821182392,0.08791264450108563,0.09388941305655019,0.08510402525648658,0.62
14954,cylinder-bands,540,291,33,108,108,35,2,2,tabpfn,logistic,Logistic Recalibration,0.4586246556951776,0.2977043371215962,0.7870370370370371,0.06725835688500077,0.08483618938946508,0.09407542996620988,0.0820566587468919,0.44057366251945496,0.2951361835002899,0.7685185185185185,0.07351001821182392,0.08791264450108563,0.09388941305655019,0.08510402525648658,0.62
14954,cylinder-bands,540,291,33,108,108,35,2,2,tabpfn,isotonic,Isotonic Regression,0.5727329850196838,0.2884886562824249,0.7962962962962963,0.08073214193185171,0.08772933538313261,0.08883843046647527,0.08576663592715321,0.44057366251945496,0.2951361835002899,0.7685185185185185,0.07351001821182392,0.08791264450108563,0.09388941305655019,0.08510402525648658,0.62
14954,cylinder-bands,540,291,33,108,108,35,2,2,tabpfn,dirichlet,Dirichlet ODIR,0.4401144337368478,0.29382831563088624,0.7962962962962963,0.0818695524023061,0.07286238394627681,0.10211754916071748,0.08561649516976678,0.44057366251945496,0.2951361835002899,0.7685185185185185,0.07351001821182392,0.08791264450108563,0.09388941305655019,0.08510402525648658,0.62
14954,cylinder-bands,540,291,33,108,108,35,2,3,tabpfn,none,No calibration,0.4848806858062744,0.3184133470058441,0.7777777777777778,0.055609225123016914,0.04619441374584478,0.0905543659572248,0.06411933494202883,0.4848806858062744,0.3184133470058441,0.7777777777777778,0.055609225123016914,0.04619441374584478,0.0905543659572248,0.06411933494202883,0.65
14954,cylinder-bands,540,291,33,108,108,35,2,3,tabpfn,temp,Temperature Scaling,0.4822240471839905,0.3182591199874878,0.7777777777777778,0.06305620681356498,0.05821548071172499,0.07951366515071304,0.066928450892001,0.4848806858062744,0.3184133470058441,0.7777777777777778,0.055609225123016914,0.04619441374584478,0.0905543659572248,0.06411933494202883,0.65
14954,cylinder-bands,540,291,33,108,108,35,2,3,tabpfn,logistic,Logistic Recalibration,0.4998213188226569,0.32566449508217415,0.7685185185185185,0.06785387456327421,0.07213105630047512,0.06785387456327419,0.06927960180900784,0.4848806858062744,0.3184133470058441,0.7777777777777778,0.055609225123016914,0.04619441374584478,0.0905543659572248,0.06411933494202883,0.65
14954,cylinder-bands,540,291,33,108,108,35,2,3,tabpfn,isotonic,Isotonic Regression,0.6627069115638733,0.3435557186603546,0.7407407407407407,0.09401282668113706,0.08938319705150743,0.11716091412085074,0.10018564595116508,0.4848806858062744,0.3184133470058441,0.7777777777777778,0.055609225123016914,0.04619441374584478,0.0905543659572248,0.06411933494202883,0.65
14954,cylinder-bands,540,291,33,108,108,35,2,3,tabpfn,dirichlet,Dirichlet ODIR,0.4870902243801978,0.31996324521671876,0.7777777777777778,0.0842201267545288,0.07871853233115261,0.08982403923025235,0.08425423277197792,0.4848806858062744,0.3184133470058441,0.7777777777777778,0.055609225123016914,0.04619441374584478,0.0905543659572248,0.06411933494202883,0.65
14954,cylinder-bands,540,291,33,108,108,35,2,4,tabpfn,none,No calibration,0.40301626920700073,0.2605910003185272,0.8148148148148148,0.07584245447759272,0.12395728351893247,0.10382085431505132,0.10120686410385883,0.40301626920700073,0.2605910003185272,0.8148148148148148,0.07584245447759272,0.12395728351893247,0.10382085431505132,0.10120686410385883,0.63
14954,cylinder-bands,540,291,33,108,108,35,2,4,tabpfn,temp,Temperature Scaling,0.40096187591552734,0.2595832645893097,0.8148148148148148,0.07767370784724201,0.12091602164286155,0.10631138748592799,0.10163370565867719,0.40301626920700073,0.2605910003185272,0.8148148148148148,0.07584245447759272,0.12395728351893247,0.10382085431505132,0.10120686410385883,0.63
14954,cylinder-bands,540,291,33,108,108,35,2,4,tabpfn,logistic,Logistic Recalibration,0.4402620320507616,0.27594925986782404,0.8425925925925926,0.126018802777068,0.12601880277706806,0.14569036946879912,0.13257599167431175,0.40301626920700073,0.2605910003185272,0.8148148148148148,0.07584245447759272,0.12395728351893247,0.10382085431505132,0.10120686410385883,0.63
14954,cylinder-bands,540,291,33,108,108,35,2,4,tabpfn,isotonic,Isotonic Regression,0.5669575929641724,0.2803015112876892,0.7962962962962963,0.027074850267834117,0.08987045067327994,0.030714036137969396,0.04921977902636115,0.40301626920700073,0.2605910003185272,0.8148148148148148,0.07584245447759272,0.12395728351893247,0.10382085431505132,0.10120686410385883,0.63
14954,cylinder-bands,540,291,33,108,108,35,2,4,tabpfn,dirichlet,Dirichlet ODIR,0.41204510702147235,0.2656680569370898,0.8240740740740741,0.053716084305508165,0.07339152335160387,0.0767788889179707,0.06796216552502758,0.40301626920700073,0.2605910003185272,0.8148148148148148,0.07584245447759272,0.12395728351893247,0.10382085431505132,0.10120686410385883,0.63
146819,climate-model-simulation-crashes,540,291,33,108,108,18,2,0,tabpfn,none,No calibration,0.06582261621952057,0.03374088555574417,0.9814814814814815,0.039632686310344264,0.0441160770478072,0.046732930673493274,0.04349389801054824,0.06582261621952057,0.03374088555574417,0.9814814814814815,0.039632686310344264,0.0441160770478072,0.046732930673493274,0.04349389801054824,0.61
146819,climate-model-simulation-crashes,540,291,33,108,108,18,2,0,tabpfn,temp,Temperature Scaling,0.06758535653352737,0.03408712521195412,0.9814814814814815,0.04104486438963148,0.04576775542011967,0.04850869322264636,0.0451071043441325,0.06582261621952057,0.03374088555574417,0.9814814814814815,0.039632686310344264,0.0441160770478072,0.046732930673493274,0.04349389801054824,0.61
146819,climate-model-simulation-crashes,540,291,33,108,108,18,2,0,tabpfn,logistic,Logistic Recalibration,0.12914771132906427,0.05722669790539818,0.9722222222222222,0.07709128116225517,0.06534609829513432,0.07709128116225518,0.07317622020654822,0.06582261621952057,0.03374088555574417,0.9814814814814815,0.039632686310344264,0.0441160770478072,0.046732930673493274,0.04349389801054824,0.61
146819,climate-model-simulation-crashes,540,291,33,108,108,18,2,0,tabpfn,isotonic,Isotonic Regression,0.0570579469203949,0.03355253115296364,0.9629629629629629,0.03412690924273597,0.02486772945633641,0.03412698871559566,0.03104054247155601,0.06582261621952057,0.03374088555574417,0.9814814814814815,0.039632686310344264,0.0441160770478072,0.046732930673493274,0.04349389801054824,0.61
146819,climate-model-simulation-crashes,540,291,33,108,108,18,2,0,tabpfn,dirichlet,Dirichlet ODIR,0.07172247689102604,0.03727928415281306,0.9814814814814815,0.046094635521522744,0.04099327344463777,0.04609463552152278,0.044394181495894434,0.06582261621952057,0.03374088555574417,0.9814814814814815,0.039632686310344264,0.0441160770478072,0.046732930673493274,0.04349389801054824,0.61
146819,climate-model-simulation-crashes,540,291,33,108,108,18,2,1,tabpfn,none,No calibration,0.10406927019357681,0.0639321580529213,0.9629629629629629,0.02343222940409628,0.0322170207897822,0.043075568698070624,0.032908272963983035,0.10406927019357681,0.0639321580529213,0.9629629629629629,0.02343222940409628,0.0322170207897822,0.043075568698070624,0.032908272963983035,0.6
146819,climate-model-simulation-crashes,540,291,33,108,108,18,2,1,tabpfn,temp,Temperature Scaling,0.11162616312503815,0.06658522039651871,0.9629629629629629,0.03285367014231506,0.030885629079959967,0.040404157506095,0.03471448557612334,0.10406927019357681,0.0639321580529213,0.9629629629629629,0.02343222940409628,0.0322170207897822,0.043075568698070624,0.032908272963983035,0.6
146819,climate-model-simulation-crashes,540,291,33,108,108,18,2,1,tabpfn,logistic,Logistic Recalibration,0.130636581030034,0.06886108963403922,0.9537037037037037,0.034172647183246425,0.05133572288006423,0.053512572816089496,0.04634031429313338,0.10406927019357681,0.0639321580529213,0.9629629629629629,0.02343222940409628,0.0322170207897822,0.043075568698070624,0.032908272963983035,0.6
146819,climate-model-simulation-crashes,540,291,33,108,108,18,2,1,tabpfn,isotonic,Isotonic Regression,0.38854730129241943,0.07179689407348633,0.9351851851851852,0.048512624921622116,0.04253675761046234,0.05642564649935124,0.04915834301047856,0.10406927019357681,0.0639321580529213,0.9629629629629629,0.02343222940409628,0.0322170207897822,0.043075568698070624,0.032908272963983035,0.6
146819,climate-model-simulation-crashes,540,291,33,108,108,18,2,1,tabpfn,dirichlet,Dirichlet ODIR,0.09908962442468686,0.06456372826809001,0.9629629629629629,0.03287422287784576,0.030612748676592624,0.043522970869298315,0.035669980807912234,0.10406927019357681,0.0639321580529213,0.9629629629629629,0.02343222940409628,0.0322170207897822,0.043075568698070624,0.032908272963983035,0.6
146819,climate-model-simulation-crashes,540,291,33,108,108,18,2,2,tabpfn,none,No calibration,0.07963019609451294,0.04734434187412262,0.9629629629629629,0.025591502035105674,0.03263342877229055,0.03490058470655371,0.031041838504649977,0.07963019609451294,0.04734434187412262,0.9629629629629629,0.025591502035105674,0.03263342877229055,0.03490058470655371,0.031041838504649977,1.2
146819,climate-model-simulation-crashes,540,291,33,108,108,18,2,2,tabpfn,temp,Temperature Scaling,0.10416820645332336,0.05800087749958038,0.9629629629629629,0.049898890985382936,0.049898847937583916,0.049898803785995205,0.049898847569654015,0.07963019609451294,0.04734434187412262,0.9629629629629629,0.025591502035105674,0.03263342877229055,0.03490058470655371,0.031041838504649977,1.2
146819,climate-model-simulation-crashes,540,291,33,108,108,18,2,2,tabpfn,logistic,Logistic Recalibration,0.14609725321641895,0.08248777948319828,0.9351851851851852,0.06844415216224124,0.07907978099457895,0.07883512917388574,0.07545302077690198,0.07963019609451294,0.04734434187412262,0.9629629629629629,0.025591502035105674,0.03263342877229055,0.03490058470655371,0.031041838504649977,1.2
146819,climate-model-simulation-crashes,540,291,33,108,108,18,2,2,tabpfn,isotonic,Isotonic Regression,0.09493807703256607,0.05833854898810387,0.9629629629629629,0.028866997471562135,0.029668623098620665,0.029668549696604412,0.029401390088929072,0.07963019609451294,0.04734434187412262,0.9629629629629629,0.025591502035105674,0.03263342877229055,0.03490058470655371,0.031041838504649977,1.2
146819,climate-model-simulation-crashes,540,291,33,108,108,18,2,2,tabpfn,dirichlet,Dirichlet ODIR,0.11313761462707222,0.06711353260405949,0.9351851851851852,0.048429295690556394,0.04842929569055631,0.04842929569055634,0.048429295690556345,0.07963019609451294,0.04734434187412262,0.9629629629629629,0.025591502035105674,0.03263342877229055,0.03490058470655371,0.031041838504649977,1.2
146819,climate-model-simulation-crashes,540,291,33,108,108,18,2,3,tabpfn,none,No calibration,0.09453859180212021,0.05394609645009041,0.9629629629629629,0.009490817233368243,0.021535481567735992,0.04335534407032865,0.024793880957144295,0.09453859180212021,0.05394609645009041,0.9629629629629629,0.009490817233368243,0.021535481567735992,0.04335534407032865,0.024793880957144295,0.6
146819,climate-model-simulation-crashes,540,291,33,108,108,18,2,3,tabpfn,temp,Temperature Scaling,0.10150880366563797,0.05523526296019554,0.9629629629629629,0.02556362472198623,0.023899126935888193,0.04885635166256516,0.03277303444014653,0.09453859180212021,0.05394609645009041,0.9629629629629629,0.009490817233368243,0.021535481567735992,0.04335534407032865,0.024793880957144295,0.6
146819,climate-model-simulation-crashes,540,291,33,108,108,18,2,3,tabpfn,logistic,Logistic Recalibration,0.16785697757451692,0.08476280597563897,0.9537037037037037,0.08843944129092934,0.07339527918588715,0.08843944129092934,0.08342472058924862,0.09453859180212021,0.05394609645009041,0.9629629629629629,0.009490817233368243,0.021535481567735992,0.04335534407032865,0.024793880957144295,0.6
146819,climate-model-simulation-crashes,540,291,33,108,108,18,2,3,tabpfn,isotonic,Isotonic Regression,0.1009015440940857,0.05736188217997551,0.9629629629629629,0.020161107734397617,0.02016108841807755,0.020161102215449027,0.02016109945597473,0.09453859180212021,0.05394609645009041,0.9629629629629629,0.009490817233368243,0.021535481567735992,0.04335534407032865,0.024793880957144295,0.6
146819,climate-model-simulation-crashes,540,291,33,108,108,18,2,3,tabpfn,dirichlet,Dirichlet ODIR,0.11246649817087645,0.06215728794907746,0.9629629629629629,0.03456525304044479,0.04834302919593977,0.046336641652701356,0.04308164129636197,0.09453859180212021,0.05394609645009041,0.9629629629629629,0.009490817233368243,0.021535481567735992,0.04335534407032865,0.024793880957144295,0.6
146819,climate-model-simulation-crashes,540,291,33,108,108,18,2,4,tabpfn,none,No calibration,0.07818838208913803,0.039417415857315063,0.9722222222222222,0.043431416705802625,0.0471777617931366,0.05426515307691361,0.04829144385861761,0.07818838208913803,0.039417415857315063,0.9722222222222222,0.043431416705802625,0.0471777617931366,0.05426515307691361,0.04829144385861761,0.6
146819,climate-model-simulation-crashes,540,291,33,108,108,18,2,4,tabpfn,temp,Temperature Scaling,0.07818714529275894,0.03941702842712402,0.9722222222222222,0.04343030960471542,0.047176589568456016,0.05426412820816039,0.04829034246044395,0.07818838208913803,0.039417415857315063,0.9722222222222222,0.043431416705802625,0.0471777617931366,0.05426515307691361,0.04829144385861761,0.6
146819,climate-model-simulation-crashes,540,291,33,108,108,18,2,4,tabpfn,logistic,Logistic Recalibration,0.1321739176818444,0.0577381392770261,0.9722222222222222,0.0916282734450185,0.08342851791210497,0.0916282734450185,0.088895021600714,0.07818838208913803,0.039417415857315063,0.9722222222222222,0.043431416705802625,0.0471777617931366,0.05426515307691361,0.04829144385861761,0.6
146819,climate-model-simulation-crashes,540,291,33,108,108,18,2,4,tabpfn,isotonic,Isotonic Regression,0.551950991153717,0.07841592282056808,0.9537037037037037,0.058201393595448236,0.05820139580302767,0.060516210617842486,0.05897300000543946,0.07818838208913803,0.039417415857315063,0.9722222222222222,0.043431416705802625,0.0471777617931366,0.05426515307691361,0.04829144385861761,0.6
146819,climate-model-simulation-crashes,540,291,33,108,108,18,2,4,tabpfn,dirichlet,Dirichlet ODIR,0.09504126315746914,0.05833704824843967,0.9722222222222222,0.03716282868706167,0.04465564920572326,0.04206616038684972,0.04129487942654488,0.07818838208913803,0.039417415857315063,0.9722222222222222,0.043431416705802625,0.0471777617931366,0.05426515307691361,0.04829144385861761,0.6
9946,wdbc,569,306,35,114,114,30,2,0,tabpfn,none,No calibration,0.028671173378825188,0.012623514048755169,0.9912280701754386,0.017266228533627692,0.02436871382228115,0.024368733690496077,0.02200122534880164,0.028671173378825188,0.012623514048755169,0.9912280701754386,0.017266228533627692,0.02436871382228115,0.024368733690496077,0.02200122534880164,0.61
9946,wdbc,569,306,35,114,114,30,2,0,tabpfn,temp,Temperature Scaling,0.03371645510196686,0.014405298978090286,0.9912280701754386,0.021542906761169434,0.028843797612608524,0.02884379499836972,0.02641016645738256,0.028671173378825188,0.012623514048755169,0.9912280701754386,0.017266228533627692,0.02436871382228115,0.024368733690496077,0.02200122534880164,0.61
9946,wdbc,569,306,35,114,114,30,2,0,tabpfn,logistic,Logistic Recalibration,0.08301705262639059,0.01808535007317862,1.0,0.0775564363353384,0.07755643633533849,0.0775564363353384,0.07755643633533843,0.028671173378825188,0.012623514048755169,0.9912280701754386,0.017266228533627692,0.02436871382228115,0.024368733690496077,0.02200122534880164,0.61
9946,wdbc,569,306,35,114,114,30,2,0,tabpfn,isotonic,Isotonic Regression,0.024274708703160286,0.011731103993952274,1.0,0.020555154273384495,0.02055521440087703,0.03371310913771913,0.02494115927066022,0.028671173378825188,0.012623514048755169,0.9912280701754386,0.017266228533627692,0.02436871382228115,0.024368733690496077,0.02200122534880164,0.61
9946,wdbc,569,306,35,114,114,30,2,0,tabpfn,dirichlet,Dirichlet ODIR,0.030914302200238896,0.013341619290519089,1.0,0.026324021365504848,0.026324021365504803,0.026324021365504956,0.02632402136550487,0.028671173378825188,0.012623514048755169,0.9912280701754386,0.017266228533627692,0.02436871382228115,0.024368733690496077,0.02200122534880164,0.61
9946,wdbc,569,306,35,114,114,30,2,1,tabpfn,none,No calibration,0.08051212131977081,0.04346727952361107,0.9824561403508771,0.033124607383159206,0.03118198430329035,0.03312463979972037,0.032477077162056646,0.08051212131977081,0.04346727952361107,0.9824561403508771,0.033124607383159206,0.03118198430329035,0.03312463979972037,0.032477077162056646,0.7
9946,wdbc,569,306,35,114,114,30,2,1,tabpfn,temp,Temperature Scaling,0.08095661550760269,0.04643457382917404,0.9824561403508771,0.028048723413233174,0.041363542017183806,0.04172527058082714,0.03704584533708138,0.08051212131977081,0.04346727952361107,0.9824561403508771,0.033124607383159206,0.03118198430329035,0.03312463979972037,0.032477077162056646,0.7
9946,wdbc,569,306,35,114,114,30,2,1,tabpfn,logistic,Logistic Recalibration,0.1316842085335496,0.05138564118737224,0.9824561403508771,0.060878091235349645,0.06087809123534968,0.060878091235349645,0.06087809123534966,0.08051212131977081,0.04346727952361107,0.9824561403508771,0.033124607383159206,0.03118198430329035,0.03312463979972037,0.032477077162056646,0.7
9946,wdbc,569,306,35,114,114,30,2,1,tabpfn,isotonic,Isotonic Regression,0.08973708748817444,0.04723067581653595,0.9824561403508771,0.025653386325166935,0.025653386325166935,0.025653386325166935,0.025653386325166935,0.08051212131977081,0.04346727952361107,0.9824561403508771,0.033124607383159206,0.03118198430329035,0.03312463979972037,0.032477077162056646,0.7
9946,wdbc,569,306,35,114,114,30,2,1,tabpfn,dirichlet,Dirichlet ODIR,0.09110229881429599,0.0544059024731961,0.956140350877193,0.016744278893311558,0.0419012462643078,0.036278207460338094,0.03164124420598582,0.08051212131977081,0.04346727952361107,0.9824561403508771,0.033124607383159206,0.03118198430329035,0.03312463979972037,0.032477077162056646,0.7
9946,wdbc,569,306,35,114,114,30,2,2,tabpfn,none,No calibration,0.09342305362224579,0.030289791524410248,0.9824561403508771,0.011518956799256122,0.02261241120204591,0.023701280878301253,0.019277549626534426,0.09342305362224579,0.030289791524410248,0.9824561403508771,0.011518956799256122,0.02261241120204591,0.023701280878301253,0.019277549626534426,0.63
9946,wdbc,569,306,35,114,114,30,2,2,tabpfn,temp,Temperature Scaling,0.08462994545698166,0.033809732645750046,0.9824561403508771,0.014024450590735989,0.027763074427320247,0.02078658237791899,0.02085803579865841,0.09342305362224579,0.030289791524410248,0.9824561403508771,0.011518956799256122,0.02261241120204591,0.023701280878301253,0.019277549626534426,0.63
9946,wdbc,569,306,35,114,114,30,2,2,tabpfn,logistic,Logistic Recalibration,0.11276074960326996,0.03664540212015613,0.9912280701754386,0.07323015152636975,0.0732301515263698,0.07323015152636975,0.07323015152636976,0.09342305362224579,0.030289791524410248,0.9824561403508771,0.011518956799256122,0.02261241120204591,0.023701280878301253,0.019277549626534426,0.63
9946,wdbc,569,306,35,114,114,30,2,2,tabpfn,isotonic,Isotonic Regression,0.2004747837781906,0.03931763768196106,0.9824561403508771,0.028000367315191968,0.02800036888373525,0.0345793162521563,0.030193350817027842,0.09342305362224579,0.030289791524410248,0.9824561403508771,0.011518956799256122,0.02261241120204591,0.023701280878301253,0.019277549626534426,0.63
9946,wdbc,569,306,35,114,114,30,2,2,tabpfn,dirichlet,Dirichlet ODIR,0.08247748386403048,0.034183062378578495,0.9824561403508771,0.015848820003324982,0.027171379269674396,0.02103633024559921,0.02135217650619953,0.09342305362224579,0.030289791524410248,0.9824561403508771,0.011518956799256122,0.02261241120204591,0.023701280878301253,0.019277549626534426,0.63
9946,wdbc,569,306,35,114,114,30,2,3,tabpfn,none,No calibration,0.062381476163864136,0.034790076315402985,0.9736842105263158,0.018297186546158403,0.03279394329639903,0.03249629234012805,0.02786247406089516,0.062381476163864136,0.034790076315402985,0.9736842105263158,0.018297186546158403,0.03279394329639903,0.03249629234012805,0.02786247406089516,0.62
9946,wdbc,569,306,35,114,114,30,2,3,tabpfn,temp,Temperature Scaling,0.06592174619436264,0.03433677926659584,0.9736842105263158,0.02389535778447205,0.025078842514439634,0.02507884199159187,0.02468434743016785,0.062381476163864136,0.034790076315402985,0.9736842105263158,0.018297186546158403,0.03279394329639903,0.03249629234012805,0.02786247406089516,0.62
9946,wdbc,569,306,35,114,114,30,2,3,tabpfn,logistic,Logistic Recalibration,0.10385465895930762,0.038562643433271766,0.9736842105263158,0.05487736281002341,0.06271360096479489,0.06271360096479463,0.060101521579870976,0.062381476163864136,0.034790076315402985,0.9736842105263158,0.018297186546158403,0.03279394329639903,0.03249629234012805,0.02786247406089516,0.62
9946,wdbc,569,306,35,114,114,30,2,3,tabpfn,isotonic,Isotonic Regression,0.342738538980484,0.048166874796152115,0.9736842105263158,0.01964159388291209,0.01964159388291209,0.01964159388291209,0.01964159388291209,0.062381476163864136,0.034790076315402985,0.9736842105263158,0.018297186546158403,0.03279394329639903,0.03249629234012805,0.02786247406089516,0.62
9946,wdbc,569,306,35,114,114,30,2,3,tabpfn,dirichlet,Dirichlet ODIR,0.06396320848079394,0.03535882568057043,0.9736842105263158,0.023088888483232484,0.023088888483232484,0.02407595950734639,0.02341791215793712,0.062381476163864136,0.034790076315402985,0.9736842105263158,0.018297186546158403,0.03279394329639903,0.03249629234012805,0.02786247406089516,0.62
9946,wdbc,569,306,35,114,114,30,2,4,tabpfn,none,No calibration,0.12582778930664062,0.07919551432132721,0.9385964912280702,0.04672583205658093,0.04672583467081974,0.0535878016237627,0.04901315611705446,0.12582778930664062,0.07919551432132721,0.9385964912280702,0.04672583205658093,0.04672583467081974,0.0535878016237627,0.04901315611705446,0.63
9946,wdbc,569,306,35,114,114,30,2,4,tabpfn,temp,Temperature Scaling,0.12204670161008835,0.0773802101612091,0.9385964912280702,0.047680094576718526,0.04768009875950061,0.05582013935373537,0.05039344422998484,0.12582778930664062,0.07919551432132721,0.9385964912280702,0.04672583205658093,0.04672583467081974,0.0535878016237627,0.04901315611705446,0.63
9946,wdbc,569,306,35,114,114,30,2,4,tabpfn,logistic,Logistic Recalibration,0.17245817928077645,0.09152535973792181,0.9385964912280702,0.08641811785513612,0.09042474753495515,0.09541560249931963,0.09075282262980362,0.12582778930664062,0.07919551432132721,0.9385964912280702,0.04672583205658093,0.04672583467081974,0.0535878016237627,0.04901315611705446,0.63
9946,wdbc,569,306,35,114,114,30,2,4,tabpfn,isotonic,Isotonic Regression,0.23742514848709106,0.06849008798599243,0.9473684210526315,0.023220206038993704,0.023220206038993704,0.027606170951274406,0.02468219434308727,0.12582778930664062,0.07919551432132721,0.9385964912280702,0.04672583205658093,0.04672583467081974,0.0535878016237627,0.04901315611705446,0.63
9946,wdbc,569,306,35,114,114,30,2,4,tabpfn,dirichlet,Dirichlet ODIR,0.11078460871523574,0.07045535247903924,0.9298245614035088,0.03433366955799884,0.044447647406995104,0.04975494782067195,0.04284542159522196,0.12582778930664062,0.07919551432132721,0.9385964912280702,0.04672583205658093,0.04672583467081974,0.0535878016237627,0.04901315611705446,0.63
29,credit-approval,690,372,42,138,138,15,2,0,tabpfn,none,No calibration,0.24750298261642456,0.14424434304237366,0.8840579710144928,0.04770932076633844,0.07889850286469945,0.06798554201056993,0.06486445521386928,0.24750298261642456,0.14424434304237366,0.8840579710144928,0.04770932076633844,0.07889850286469945,0.06798554201056993,0.06486445521386928,0.62
29,credit-approval,690,372,42,138,138,15,2,0,tabpfn,temp,Temperature Scaling,0.24517321586608887,0.14344406127929688,0.8840579710144928,0.059352302896803724,0.06886241574218308,0.06608829075011656,0.06476766979636779,0.24750298261642456,0.14424434304237366,0.8840579710144928,0.04770932076633844,0.07889850286469945,0.06798554201056993,0.06486445521386928,0.62
29,credit-approval,690,372,42,138,138,15,2,0,tabpfn,logistic,Logistic Recalibration,0.2734741853986005,0.15115762392481877,0.8913043478260869,0.08173140434359463,0.08743346610521097,0.10784802738985746,0.09233763261288769,0.24750298261642456,0.14424434304237366,0.8840579710144928,0.04770932076633844,0.07889850286469945,0.06798554201056993,0.06486445521386928,0.62
29,credit-approval,690,372,42,138,138,15,2,0,tabpfn,isotonic,Isotonic Regression,0.23351091146469116,0.14333494007587433,0.9057971014492754,0.053132746530615754,0.05391409690829294,0.056755794995072995,0.05460087947799389,0.24750298261642456,0.14424434304237366,0.8840579710144928,0.04770932076633844,0.07889850286469945,0.06798554201056993,0.06486445521386928,0.62
29,credit-approval,690,372,42,138,138,15,2,0,tabpfn,dirichlet,Dirichlet ODIR,0.23487992777899028,0.13864595861377707,0.8985507246376812,0.05366479200177324,0.06432760191207579,0.0705178631489726,0.06283675235427387,0.24750298261642456,0.14424434304237366,0.8840579710144928,0.04770932076633844,0.07889850286469945,0.06798554201056993,0.06486445521386928,0.62
29,credit-approval,690,372,42,138,138,15,2,1,tabpfn,none,No calibration,0.302803099155426,0.16694743931293488,0.8840579710144928,0.047509518222532444,0.05425326418185583,0.0694976487885351,0.05708681039764112,0.302803099155426,0.16694743931293488,0.8840579710144928,0.047509518222532444,0.05425326418185583,0.0694976487885351,0.05708681039764112,0.63
29,credit-approval,690,372,42,138,138,15,2,1,tabpfn,temp,Temperature Scaling,0.301194429397583,0.16858701407909393,0.8840579710144928,0.04218248267104663,0.050004877473997005,0.05471086847609366,0.04896607620704577,0.302803099155426,0.16694743931293488,0.8840579710144928,0.047509518222532444,0.05425326418185583,0.0694976487885351,0.05708681039764112,0.63
29,credit-approval,690,372,42,138,138,15,2,1,tabpfn,logistic,Logistic Recalibration,0.3069784093401769,0.17128168808867061,0.8768115942028986,0.10168896053174169,0.0918025081335893,0.1068741833578612,0.10012188400773074,0.302803099155426,0.16694743931293488,0.8840579710144928,0.047509518222532444,0.05425326418185583,0.0694976487885351,0.05708681039764112,0.63
29,credit-approval,690,372,42,138,138,15,2,1,tabpfn,isotonic,Isotonic Regression,0.4977622628211975,0.16678698360919952,0.8768115942028986,0.05989543380944627,0.07140565350435782,0.07236442963282269,0.0678885056488756,0.302803099155426,0.16694743931293488,0.8840579710144928,0.047509518222532444,0.05425326418185583,0.0694976487885351,0.05708681039764112,0.63
29,credit-approval,690,372,42,138,138,15,2,1,tabpfn,dirichlet,Dirichlet ODIR,0.299571642365529,0.16519895213903568,0.8840579710144928,0.07131144847893711,0.07053799047917524,0.07131144847893722,0.0710536291456832,0.302803099155426,0.16694743931293488,0.8840579710144928,0.047509518222532444,0.05425326418185583,0.0694976487885351,0.05708681039764112,0.63
29,credit-approval,690,372,42,138,138,15,2,2,tabpfn,none,No calibration,0.3776121735572815,0.2307738959789276,0.8333333333333334,0.05838013602339705,0.06820685319278552,0.06571171292360277,0.06409956737992845,0.3776121735572815,0.2307738959789276,0.8333333333333334,0.05838013602339705,0.06820685319278552,0.06571171292360277,0.06409956737992845,0.62
29,credit-approval,690,372,42,138,138,15,2,2,tabpfn,temp,Temperature Scaling,0.4373933970928192,0.23836641013622284,0.8333333333333334,0.07774291133535079,0.08564090815143309,0.08764355942822885,0.0836757929716709,0.3776121735572815,0.2307738959789276,0.8333333333333334,0.05838013602339705,0.06820685319278552,0.06571171292360277,0.06409956737992845,0.62
29,credit-approval,690,372,42,138,138,15,2,2,tabpfn,logistic,Logistic Recalibration,0.3818220677346397,0.2310588078696876,0.8260869565217391,0.04793263226352699,0.05856898110032459,0.06943175166539746,0.058644455009749685,0.3776121735572815,0.2307738959789276,0.8333333333333334,0.05838013602339705,0.06820685319278552,0.06571171292360277,0.06409956737992845,0.62
29,credit-approval,690,372,42,138,138,15,2,2,tabpfn,isotonic,Isotonic Regression,1.1216334104537964,0.27629613876342773,0.8478260869565217,0.11933188766672995,0.11933189025823623,0.11933189544124881,0.11933189112207165,0.3776121735572815,0.2307738959789276,0.8333333333333334,0.05838013602339705,0.06820685319278552,0.06571171292360277,0.06409956737992845,0.62
29,credit-approval,690,372,42,138,138,15,2,2,tabpfn,dirichlet,Dirichlet ODIR,0.44953410393958465,0.23903895599842237,0.8333333333333334,0.0924204755720272,0.0974043964523953,0.10009404003778483,0.09663963735406911,0.3776121735572815,0.2307738959789276,0.8333333333333334,0.05838013602339705,0.06820685319278552,0.06571171292360277,0.06409956737992845,0.62
29,credit-approval,690,372,42,138,138,15,2,3,tabpfn,none,No calibration,0.3150032162666321,0.19055548310279846,0.8768115942028986,0.049267148626023445,0.05187737898550168,0.07932770165844241,0.060157409756655844,0.3150032162666321,0.19055548310279846,0.8768115942028986,0.049267148626023445,0.05187737898550168,0.07932770165844241,0.060157409756655844,0.64
29,credit-approval,690,372,42,138,138,15,2,3,tabpfn,temp,Temperature Scaling,0.31117454171180725,0.18890003859996796,0.8768115942028986,0.05514948307604031,0.06058915024218352,0.058906917986662484,0.05821518376829544,0.3150032162666321,0.19055548310279846,0.8768115942028986,0.049267148626023445,0.05187737898550168,0.07932770165844241,0.060157409756655844,0.64
29,credit-approval,690,372,42,138,138,15,2,3,tabpfn,logistic,Logistic Recalibration,0.3288031635831885,0.1953583108264754,0.8695652173913043,0.05153559154326294,0.09597026418845372,0.06714666825119073,0.0715508413276358,0.3150032162666321,0.19055548310279846,0.8768115942028986,0.049267148626023445,0.05187737898550168,0.07932770165844241,0.060157409756655844,0.64
29,credit-approval,690,372,42,138,138,15,2,3,tabpfn,isotonic,Isotonic Regression,0.4554087221622467,0.2176634967327118,0.855072463768116,0.06772613784541252,0.06772612531979877,0.06772609249405241,0.06772611855308791,0.3150032162666321,0.19055548310279846,0.8768115942028986,0.049267148626023445,0.05187737898550168,0.07932770165844241,0.060157409756655844,0.64
29,credit-approval,690,372,42,138,138,15,2,3,tabpfn,dirichlet,Dirichlet ODIR,0.3055640053092484,0.1889217298983871,0.8695652173913043,0.040023716772797896,0.033267545344603994,0.056750789619926884,0.04334735057910959,0.3150032162666321,0.19055548310279846,0.8768115942028986,0.049267148626023445,0.05187737898550168,0.07932770165844241,0.060157409756655844,0.64
29,credit-approval,690,372,42,138,138,15,2,4,tabpfn,none,No calibration,0.3326137661933899,0.19870713353157043,0.8478260869565217,0.05205452528552736,0.05816330685131791,0.06749837726786516,0.05923873646823682,0.3326137661933899,0.19870713353157043,0.8478260869565217,0.05205452528552736,0.05816330685131791,0.06749837726786516,0.05923873646823682,0.64
29,credit-approval,690,372,42,138,138,15,2,4,tabpfn,temp,Temperature Scaling,0.32611095905303955,0.19710123538970947,0.8478260869565217,0.031772014023601185,0.05580509961515232,0.08614947052969452,0.057908861389482674,0.3326137661933899,0.19870713353157043,0.8478260869565217,0.05205452528552736,0.05816330685131791,0.06749837726786516,0.05923873646823682,0.64
29,credit-approval,690,372,42,138,138,15,2,4,tabpfn,logistic,Logistic Recalibration,0.3387119785710214,0.20217576664761677,0.855072463768116,0.05733018870538134,0.052968075285696,0.07333924572586903,0.06121250323898212,0.3326137661933899,0.19870713353157043,0.8478260869565217,0.05205452528552736,0.05816330685131791,0.06749837726786516,0.05923873646823682,0.64
29,credit-approval,690,372,42,138,138,15,2,4,tabpfn,isotonic,Isotonic Regression,0.5410748720169067,0.20200586318969727,0.855072463768116,0.06642871231272598,0.06642871231272598,0.06642863154411316,0.06642868538985504,0.3326137661933899,0.19870713353157043,0.8478260869565217,0.05205452528552736,0.05816330685131791,0.06749837726786516,0.05923873646823682,0.64
29,credit-approval,690,372,42,138,138,15,2,4,tabpfn,dirichlet,Dirichlet ODIR,0.33015544291259236,0.1984001619915546,0.8623188405797102,0.022000097682761458,0.05478291172738308,0.0572594975971214,0.04468083566908865,0.3326137661933899,0.19870713353157043,0.8478260869565217,0.05205452528552736,0.05816330685131791,0.06749837726786516,0.05923873646823682,0.64
15,breast-w,699,377,42,140,140,9,2,0,tabpfn,none,No calibration,0.08942368626594543,0.04518986493349075,0.9642857142857143,0.02424438297748568,0.03136388744626729,0.02900234971727641,0.028203540047009795,0.08942368626594543,0.04518986493349075,0.9642857142857143,0.02424438297748568,0.03136388744626729,0.02900234971727641,0.028203540047009795,0.61
15,breast-w,699,377,42,140,140,9,2,0,tabpfn,temp,Temperature Scaling,0.08729836344718933,0.04517665505409241,0.9642857142857143,0.028746246865817428,0.025357526115008733,0.028746248568807305,0.027616673849877826,0.08942368626594543,0.04518986493349075,0.9642857142857143,0.02424438297748568,0.03136388744626729,0.02900234971727641,0.028203540047009795,0.61
15,breast-w,699,377,42,140,140,9,2,0,tabpfn,logistic,Logistic Recalibration,0.11799120956371123,0.054263459906491555,0.9714285714285714,0.05779238169546265,0.05779238169546262,0.05779238169546265,0.057792381695462636,0.08942368626594543,0.04518986493349075,0.9642857142857143,0.02424438297748568,0.03136388744626729,0.02900234971727641,0.028203540047009795,0.61
15,breast-w,699,377,42,140,140,9,2,0,tabpfn,isotonic,Isotonic Regression,0.43434229493141174,0.06749801337718964,0.9642857142857143,0.03923609937940328,0.03923609937940328,0.04007831599031176,0.03951683824970611,0.08942368626594543,0.04518986493349075,0.9642857142857143,0.02424438297748568,0.03136388744626729,0.02900234971727641,0.028203540047009795,0.61
15,breast-w,699,377,42,140,140,9,2,0,tabpfn,dirichlet,Dirichlet ODIR,0.09415804614863223,0.055705471517358454,0.9642857142857143,0.013085079305819144,0.03268337305926195,0.02734795584161688,0.024372136068899323,0.08942368626594543,0.04518986493349075,0.9642857142857143,0.02424438297748568,0.03136388744626729,0.02900234971727641,0.028203540047009795,0.61
15,breast-w,699,377,42,140,140,9,2,1,tabpfn,none,No calibration,0.0759505033493042,0.035901397466659546,0.9714285714285714,0.022259970222200665,0.025668715579169145,0.03553709941250935,0.027821928404626384,0.0759505033493042,0.035901397466659546,0.9714285714285714,0.022259970222200665,0.025668715579169145,0.03553709941250935,0.027821928404626384,0.63
15,breast-w,699,377,42,140,140,9,2,1,tabpfn,temp,Temperature Scaling,0.07745444774627686,0.0379631370306015,0.9714285714285714,0.026236944539206362,0.03636645419257025,0.03790123590401239,0.033501544878596336,0.0759505033493042,0.035901397466659546,0.9714285714285714,0.022259970222200665,0.025668715579169145,0.03553709941250935,0.027821928404626384,0.63
15,breast-w,699,377,42,140,140,9,2,1,tabpfn,logistic,Logistic Recalibration,0.109632796104795,0.041522014540605015,0.9785714285714285,0.057655293285747096,0.06796972704456769,0.07450757713992306,0.06671086582341261,0.0759505033493042,0.035901397466659546,0.9714285714285714,0.022259970222200665,0.025668715579169145,0.03553709941250935,0.027821928404626384,0.63
15,breast-w,699,377,42,140,140,9,2,1,tabpfn,isotonic,Isotonic Regression,0.17707565426826477,0.038200393319129944,0.9785714285714285,0.031828653812408424,0.04364848818097793,0.0454341969319752,0.040303779641787184,0.0759505033493042,0.035901397466659546,0.9714285714285714,0.022259970222200665,0.025668715579169145,0.03553709941250935,0.027821928404626384,0.63
15,breast-w,699,377,42,140,140,9,2,1,tabpfn,dirichlet,Dirichlet ODIR,0.0821535290177033,0.036415955350980696,0.9785714285714285,0.018533351027744362,0.018533351027744494,0.020529279548323943,0.019198660534604266,0.0759505033493042,0.035901397466659546,0.9714285714285714,0.022259970222200665,0.025668715579169145,0.03553709941250935,0.027821928404626384,0.63
15,breast-w,699,377,42,140,140,9,2,2,tabpfn,none,No calibration,0.06064392998814583,0.033293262124061584,0.9857142857142858,0.03103514441422054,0.035104418652398245,0.038730627724102566,0.034956730263573786,0.06064392998814583,0.033293262124061584,0.9857142857142858,0.03103514441422054,0.035104418652398245,0.038730627724102566,0.034956730263573786,0.61
15,breast-w,699,377,42,140,140,9,2,2,tabpfn,temp,Temperature Scaling,0.050250884145498276,0.030915753915905952,0.9857142857142858,0.023850059083529884,0.025262164643832616,0.02624622413090297,0.02511948261942182,0.06064392998814583,0.033293262124061584,0.9857142857142858,0.03103514441422054,0.035104418652398245,0.038730627724102566,0.034956730263573786,0.61
15,breast-w,699,377,42,140,140,9,2,2,tabpfn,logistic,Logistic Recalibration,0.09311322926037624,0.03672828595338519,0.9785714285714285,0.062352668213847676,0.07098204030224586,0.07098204030224575,0.06810558293944642,0.06064392998814583,0.033293262124061584,0.9857142857142858,0.03103514441422054,0.035104418652398245,0.038730627724102566,0.034956730263573786,0.61
15,breast-w,699,377,42,140,140,9,2,2,tabpfn,isotonic,Isotonic Regression,0.05050668120384216,0.03381923958659172,0.9785714285714285,0.010204077618462697,0.010204077618462697,0.010204077618462697,0.010204077618462697,0.06064392998814583,0.033293262124061584,0.9857142857142858,0.03103514441422054,0.035104418652398245,0.038730627724102566,0.034956730263573786,0.61
15,breast-w,699,377,42,140,140,9,2,2,tabpfn,dirichlet,Dirichlet ODIR,0.049583845349701325,0.029820287304538232,0.9857142857142858,0.017188240387697017,0.024427058471257746,0.02278660117550007,0.021467300011484947,0.06064392998814583,0.033293262124061584,0.9857142857142858,0.03103514441422054,0.035104418652398245,0.038730627724102566,0.034956730263573786,0.61
15,breast-w,699,377,42,140,140,9,2,3,tabpfn,none,No calibration,0.17017745971679688,0.08656416088342667,0.95,0.04302064989294322,0.04167442534651075,0.04402115813323426,0.04290541112422941,0.17017745971679688,0.08656416088342667,0.95,0.04302064989294322,0.04167442534651075,0.04402115813323426,0.04290541112422941,0.61
15,breast-w,699,377,42,140,140,9,2,3,tabpfn,temp,Temperature Scaling,0.17058853805065155,0.08659171313047409,0.95,0.04309000074863432,0.04177632927894592,0.04409484011786327,0.04298705671514783,0.17017745971679688,0.08656416088342667,0.95,0.04302064989294322,0.04167442534651075,0.04402115813323426,0.04290541112422941,0.61
15,breast-w,699,377,42,140,140,9,2,3,tabpfn,logistic,Logistic Recalibration,0.16956513672135065,0.09217502824347544,0.9357142857142857,0.05454223829376701,0.04740859975637567,0.054542238293766886,0.05216435878130319,0.17017745971679688,0.08656416088342667,0.95,0.04302064989294322,0.04167442534651075,0.04402115813323426,0.04290541112422941,0.61
15,breast-w,699,377,42,140,140,9,2,3,tabpfn,isotonic,Isotonic Regression,1.1957809925079346,0.13492067158222198,0.9357142857142857,0.07379991156714302,0.07379991156714302,0.07379991156714302,0.07379991156714302,0.17017745971679688,0.08656416088342667,0.95,0.04302064989294322,0.04167442534651075,0.04402115813323426,0.04290541112422941,0.61
15,breast-w,699,377,42,140,140,9,2,3,tabpfn,dirichlet,Dirichlet ODIR,0.1880598204933034,0.10409524835783072,0.9357142857142857,0.04061012284889502,0.04251032679404215,0.05053091003957745,0.04455045322750487,0.17017745971679688,0.08656416088342667,0.95,0.04302064989294322,0.04167442534651075,0.04402115813323426,0.04290541112422941,0.61
15,breast-w,699,377,42,140,140,9,2,4,tabpfn,none,No calibration,0.08682482689619064,0.04607345163822174,0.9714285714285714,0.01237570643424992,0.023318023341042653,0.018343321766172135,0.01801235051382157,0.08682482689619064,0.04607345163822174,0.9714285714285714,0.01237570643424992,0.023318023341042653,0.018343321766172135,0.01801235051382157,0.64
15,breast-w,699,377,42,140,140,9,2,4,tabpfn,temp,Temperature Scaling,0.07987146079540253,0.04523719474673271,0.9714285714285714,0.010648833002362955,0.007982774291719667,0.023698398896626064,0.014110002063569563,0.08682482689619064,0.04607345163822174,0.9714285714285714,0.01237570643424992,0.023318023341042653,0.018343321766172135,0.01801235051382157,0.64
15,breast-w,699,377,42,140,140,9,2,4,tabpfn,logistic,Logistic Recalibration,0.12622341568635825,0.05181109781463351,0.9714285714285714,0.056914702855415736,0.06769826268909701,0.060767897776638484,0.06179362110705041,0.08682482689619064,0.04607345163822174,0.9714285714285714,0.01237570643424992,0.023318023341042653,0.018343321766172135,0.01801235051382157,0.64
15,breast-w,699,377,42,140,140,9,2,4,tabpfn,isotonic,Isotonic Regression,0.07002738863229752,0.042723316699266434,0.9714285714285714,0.007551624945231847,0.00755161132131304,0.009471833705902096,0.00819168999081566,0.08682482689619064,0.04607345163822174,0.9714285714285714,0.01237570643424992,0.023318023341042653,0.018343321766172135,0.01801235051382157,0.64
15,breast-w,699,377,42,140,140,9,2,4,tabpfn,dirichlet,Dirichlet ODIR,0.08021338443535538,0.04454711262057656,0.9714285714285714,0.01116979815358601,0.010735967364413802,0.03098104837778319,0.017628937965261,0.08682482689619064,0.04607345163822174,0.9714285714285714,0.01237570643424992,0.023318023341042653,0.018343321766172135,0.01801235051382157,0.64
2079,eucalyptus,736,396,45,147,148,19,5,0,tabpfn,none,No calibration,0.6716182827949524,0.3952931761741638,0.7432432432432432,0.09638554381357659,0.10053745274608199,0.10480334952070909,0.10057544869345587,0.6716182827949524,0.3952931761741638,0.7432432432432432,0.09638554381357659,0.10053745274608199,0.10480334952070909,0.10057544869345587,1.27
2079,eucalyptus,736,396,45,147,148,19,5,0,tabpfn,temp,Temperature Scaling,0.6715883016586304,0.39554405212402344,0.7432432432432432,0.10156739342051581,0.09591423116020253,0.12583913090261253,0.10777358516111028,0.6716182827949524,0.3952931761741638,0.7432432432432432,0.09638554381357659,0.10053745274608199,0.10480334952070909,0.10057544869345587,1.27
2079,eucalyptus,736,396,45,147,148,19,5,0,tabpfn,logistic,Logistic Recalibration,0.7679566031592934,0.4157034674675544,0.7094594594594594,0.10073940321975575,0.11031970765387046,0.11677240889569523,0.10927717325644049,0.6716182827949524,0.3952931761741638,0.7432432432432432,0.09638554381357659,0.10053745274608199,0.10480334952070909,0.10057544869345587,1.27
2079,eucalyptus,736,396,45,147,148,19,5,0,tabpfn,isotonic,Isotonic Regression,1.0510005950927734,0.40507322549819946,0.7297297297297297,0.12681520851077263,0.1111428089238502,0.13212406856788173,0.1233606953341682,0.6716182827949524,0.3952931761741638,0.7432432432432432,0.09638554381357659,0.10053745274608199,0.10480334952070909,0.10057544869345587,1.27
2079,eucalyptus,736,396,45,147,148,19,5,0,tabpfn,dirichlet,Dirichlet ODIR,0.691938424209972,0.3982771924091219,0.75,0.07513614221966992,0.10241636777331992,0.09534707305562501,0.09096652768287161,0.6716182827949524,0.3952931761741638,0.7432432432432432,0.09638554381357659,0.10053745274608199,0.10480334952070909,0.10057544869345587,1.27
2079,eucalyptus,736,396,45,147,148,19,5,1,tabpfn,none,No calibration,0.7009692788124084,0.41300591826438904,0.6756756756756757,0.04111741765125378,0.09073091519845498,0.07952709657114906,0.07045847647361927,0.7009692788124084,0.41300591826438904,0.6756756756756757,0.04111741765125378,0.09073091519845498,0.07952709657114906,0.07045847647361927,0.64
2079,eucalyptus,736,396,45,147,148,19,5,1,tabpfn,temp,Temperature Scaling,0.7097772359848022,0.4163675010204315,0.6756756756756757,0.05746506275357428,0.0693028011434787,0.10913794185664201,0.07863526858456499,0.7009692788124084,0.41300591826438904,0.6756756756756757,0.04111741765125378,0.09073091519845498,0.07952709657114906,0.07045847647361927,0.64
2079,eucalyptus,736,396,45,147,148,19,5,1,tabpfn,logistic,Logistic Recalibration,0.770172216667849,0.42179439024674503,0.7094594594594594,0.08081786958229133,0.09544082401110052,0.11402194535064844,0.09676021298134678,0.7009692788124084,0.41300591826438904,0.6756756756756757,0.04111741765125378,0.09073091519845498,0.07952709657114906,0.07045847647361927,0.64
2079,eucalyptus,736,396,45,147,148,19,5,1,tabpfn,isotonic,Isotonic Regression,1.655081033706665,0.4775314927101135,0.6621621621621622,0.17634823515608503,0.18119802507194316,0.17769552686729945,0.1784139290317759,0.7009692788124084,0.41300591826438904,0.6756756756756757,0.04111741765125378,0.09073091519845498,0.07952709657114906,0.07045847647361927,0.64
2079,eucalyptus,736,396,45,147,148,19,5,1,tabpfn,dirichlet,Dirichlet ODIR,0.7967579416756901,0.45565830976215216,0.6756756756756757,0.11895655462689933,0.11895655462689939,0.12468499677215689,0.1208660353419852,0.7009692788124084,0.41300591826438904,0.6756756756756757,0.04111741765125378,0.09073091519845498,0.07952709657114906,0.07045847647361927,0.64
2079,eucalyptus,736,396,45,147,148,19,5,2,tabpfn,none,No calibration,0.6812864542007446,0.40434733033180237,0.7027027027027027,0.06811216574262928,0.09515644106510522,0.08742600739807695,0.08356487140193715,0.6812864542007446,0.40434733033180237,0.7027027027027027,0.06811216574262928,0.09515644106510522,0.08742600739807695,0.08356487140193715,0.63
2079,eucalyptus,736,396,45,147,148,19,5,2,tabpfn,temp,Temperature Scaling,0.6810736656188965,0.4042304754257202,0.7027027027027027,0.058637781924492594,0.10360446391073436,0.08672634995466952,0.08298953192996548,0.6812864542007446,0.40434733033180237,0.7027027027027027,0.06811216574262928,0.09515644106510522,0.08742600739807695,0.08356487140193715,0.63
2079,eucalyptus,736,396,45,147,148,19,5,2,tabpfn,logistic,Logistic Recalibration,0.7758924390170715,0.41717242928539844,0.6959459459459459,0.08743037139706139,0.08791700534494894,0.0926492277254524,0.08933220148915426,0.6812864542007446,0.40434733033180237,0.7027027027027027,0.06811216574262928,0.09515644106510522,0.08742600739807695,0.08356487140193715,0.63
2079,eucalyptus,736,396,45,147,148,19,5,2,tabpfn,isotonic,Isotonic Regression,0.9641282558441162,0.4081966280937195,0.6891891891891891,0.07127423463640986,0.07642851709514052,0.0775898332531388,0.07509752832822973,0.6812864542007446,0.40434733033180237,0.7027027027027027,0.06811216574262928,0.09515644106510522,0.08742600739807695,0.08356487140193715,0.63
2079,eucalyptus,736,396,45,147,148,19,5,2,tabpfn,dirichlet,Dirichlet ODIR,0.7408756661942951,0.4178402585565004,0.7027027027027027,0.057034921049978565,0.1273237406473368,0.07030729971275657,0.0848886538033573,0.6812864542007446,0.40434733033180237,0.7027027027027027,0.06811216574262928,0.09515644106510522,0.08742600739807695,0.08356487140193715,0.63
2079,eucalyptus,736,396,45,147,148,19,5,3,tabpfn,none,No calibration,0.6200312376022339,0.3972792625427246,0.6891891891891891,0.07174079281252785,0.07418190063656989,0.07996948224467201,0.07529739189792325,0.6200312376022339,0.3972792625427246,0.6891891891891891,0.07174079281252785,0.07418190063656989,0.07996948224467201,0.07529739189792325,0.72
2079,eucalyptus,736,396,45,147,148,19,5,3,tabpfn,temp,Temperature Scaling,0.6201336979866028,0.4007514417171478,0.6891891891891891,0.07654050274475202,0.08338646671256504,0.10726433750745412,0.08906376898825706,0.6200312376022339,0.3972792625427246,0.6891891891891891,0.07174079281252785,0.07418190063656989,0.07996948224467201,0.07529739189792325,0.72
2079,eucalyptus,736,396,45,147,148,19,5,3,tabpfn,logistic,Logistic Recalibration,0.7741109587959544,0.4277975753953308,0.7027027027027027,0.08206680515051035,0.07690882024818711,0.10116374607889898,0.08671312382586549,0.6200312376022339,0.3972792625427246,0.6891891891891891,0.07174079281252785,0.07418190063656989,0.07996948224467201,0.07529739189792325,0.72
2079,eucalyptus,736,396,45,147,148,19,5,3,tabpfn,isotonic,Isotonic Regression,0.7480452656745911,0.45124998688697815,0.6824324324324325,0.1360589503436475,0.13184866671626633,0.14246668404824026,0.13679143370271804,0.6200312376022339,0.3972792625427246,0.6891891891891891,0.07174079281252785,0.07418190063656989,0.07996948224467201,0.07529739189792325,0.72
2079,eucalyptus,736,396,45,147,148,19,5,3,tabpfn,dirichlet,Dirichlet ODIR,0.7382793497851584,0.4471669333523716,0.7094594594594594,0.12964934672877282,0.1290554923088121,0.12999657848948593,0.12956713917569027,0.6200312376022339,0.3972792625427246,0.6891891891891891,0.07174079281252785,0.07418190063656989,0.07996948224467201,0.07529739189792325,0.72
2079,eucalyptus,736,396,45,147,148,19,5,4,tabpfn,none,No calibration,0.7424346208572388,0.43759360909461975,0.6756756756756757,0.06515644007437937,0.07377415371907725,0.06973709729877678,0.06955589703074447,0.7424346208572388,0.43759360909461975,0.6756756756756757,0.06515644007437937,0.07377415371907725,0.06973709729877678,0.06955589703074447,0.64
2079,eucalyptus,736,396,45,147,148,19,5,4,tabpfn,temp,Temperature Scaling,0.7332392930984497,0.43345656991004944,0.6756756756756757,0.0755582538408202,0.08043017298788638,0.0820478645933641,0.07934543047402355,0.7424346208572388,0.43759360909461975,0.6756756756756757,0.06515644007437937,0.07377415371907725,0.06973709729877678,0.06955589703074447,0.64
2079,eucalyptus,736,396,45,147,148,19,5,4,tabpfn,logistic,Logistic Recalibration,0.8185011493789698,0.44527211502482206,0.6959459459459459,0.14390838047224733,0.14390838047224735,0.1449081907879311,0.14424165057747526,0.7424346208572388,0.43759360909461975,0.6756756756756757,0.06515644007437937,0.07377415371907725,0.06973709729877678,0.06955589703074447,0.64
2079,eucalyptus,736,396,45,147,148,19,5,4,tabpfn,isotonic,Isotonic Regression,0.7740450501441956,0.42662134766578674,0.6891891891891891,0.06074091691423105,0.08313011760647233,0.10615537718341156,0.08334213723470497,0.7424346208572388,0.43759360909461975,0.6756756756756757,0.06515644007437937,0.07377415371907725,0.06973709729877678,0.06955589703074447,0.64
2079,eucalyptus,736,396,45,147,148,19,5,4,tabpfn,dirichlet,Dirichlet ODIR,0.6976173638970096,0.41211018317736814,0.7027027027027027,0.0788211920143936,0.08268439927511702,0.13502009009953686,0.09884189379634915,0.7424346208572388,0.43759360909461975,0.6756756756756757,0.06515644007437937,0.07377415371907725,0.06973709729877678,0.06955589703074447,0.64
10101,blood-transfusion-service-center,748,403,45,150,150,4,2,0,tabpfn,none,No calibration,0.5038393139839172,0.3258555233478546,0.7666666666666667,0.05396217624346415,0.07001377224922178,0.07311486800511677,0.0656969388326009,0.5038393139839172,0.3258555233478546,0.7666666666666667,0.05396217624346415,0.07001377224922178,0.07311486800511677,0.0656969388326009,0.62
10101,blood-transfusion-service-center,748,403,45,150,150,4,2,0,tabpfn,temp,Temperature Scaling,0.5046324729919434,0.3260844051837921,0.7666666666666667,0.0549417773882548,0.07651070594787597,0.059628143707911176,0.06369354234801398,0.5038393139839172,0.3258555233478546,0.7666666666666667,0.05396217624346415,0.07001377224922178,0.07311486800511677,0.0656969388326009,0.62
10101,blood-transfusion-service-center,748,403,45,150,150,4,2,0,tabpfn,logistic,Logistic Recalibration,0.4969905757215603,0.3241766395467453,0.7533333333333333,0.028303962556548247,0.062274661342059716,0.05778784058094308,0.04945548815985035,0.5038393139839172,0.3258555233478546,0.7666666666666667,0.05396217624346415,0.07001377224922178,0.07311486800511677,0.0656969388326009,0.62
10101,blood-transfusion-service-center,748,403,45,150,150,4,2,0,tabpfn,isotonic,Isotonic Regression,0.9273762106895447,0.34409099817276,0.78,0.08994271159172057,0.08762020746866861,0.09095354239145913,0.08950548715061611,0.5038393139839172,0.3258555233478546,0.7666666666666667,0.05396217624346415,0.07001377224922178,0.07311486800511677,0.0656969388326009,0.62
10101,blood-transfusion-service-center,748,403,45,150,150,4,2,0,tabpfn,dirichlet,Dirichlet ODIR,0.5072155291810905,0.33169517840937723,0.7733333333333333,0.049373519554829805,0.07000210137842257,0.06536372577782965,0.06157978223702734,0.5038393139839172,0.3258555233478546,0.7666666666666667,0.05396217624346415,0.07001377224922178,0.07311486800511677,0.0656969388326009,0.62
10101,blood-transfusion-service-center,748,403,45,150,150,4,2,1,tabpfn,none,No calibration,0.4692060351371765,0.29846036434173584,0.82,0.08157463192939758,0.09646425644556683,0.11420049985249837,0.09741312940915425,0.4692060351371765,0.29846036434173584,0.82,0.08157463192939758,0.09646425644556683,0.11420049985249837,0.09741312940915425,0.61
10101,blood-transfusion-service-center,748,403,45,150,150,4,2,1,tabpfn,temp,Temperature Scaling,0.46841734647750854,0.2992391586303711,0.82,0.07957947254180907,0.10871986786524457,0.11782630840937296,0.10204188293880888,0.4692060351371765,0.29846036434173584,0.82,0.08157463192939758,0.09646425644556683,0.11420049985249837,0.09741312940915425,0.61
10101,blood-transfusion-service-center,748,403,45,150,150,4,2,1,tabpfn,logistic,Logistic Recalibration,0.48747089600277416,0.31549892188383116,0.7533333333333333,0.09285261116485485,0.08772073305056695,0.0963212242522382,0.09229818948922001,0.4692060351371765,0.29846036434173584,0.82,0.08157463192939758,0.09646425644556683,0.11420049985249837,0.09741312940915425,0.61
10101,blood-transfusion-service-center,748,403,45,150,150,4,2,1,tabpfn,isotonic,Isotonic Regression,0.6900027394294739,0.3169276714324951,0.7666666666666667,0.08053564627965291,0.07453698833783468,0.08315668026606242,0.07940977162785001,0.4692060351371765,0.29846036434173584,0.82,0.08157463192939758,0.09646425644556683,0.11420049985249837,0.09741312940915425,0.61
10101,blood-transfusion-service-center,748,403,45,150,150,4,2,1,tabpfn,dirichlet,Dirichlet ODIR,0.4696415360561722,0.3009545715394273,0.7666666666666667,0.057483468798570414,0.08421442107216669,0.09814464083336738,0.0799475102347015,0.4692060351371765,0.29846036434173584,0.82,0.08157463192939758,0.09646425644556683,0.11420049985249837,0.09741312940915425,0.61
10101,blood-transfusion-service-center,748,403,45,150,150,4,2,2,tabpfn,none,No calibration,0.4630116820335388,0.297315776348114,0.7733333333333333,0.04480211098988851,0.05574922959009808,0.05244016369183858,0.05099716809060839,0.4630116820335388,0.297315776348114,0.7733333333333333,0.04480211098988851,0.05574922959009808,0.05244016369183858,0.05099716809060839,0.62
10101,blood-transfusion-service-center,748,403,45,150,150,4,2,2,tabpfn,temp,Temperature Scaling,0.4630119800567627,0.2973158359527588,0.7733333333333333,0.04480334957440695,0.05574988603591921,0.05244047363599142,0.05099790308210586,0.4630116820335388,0.297315776348114,0.7733333333333333,0.04480211098988851,0.05574922959009808,0.05244016369183858,0.05099716809060839,0.62
10101,blood-transfusion-service-center,748,403,45,150,150,4,2,2,tabpfn,logistic,Logistic Recalibration,0.4670414823132625,0.3001738845856888,0.7733333333333333,0.04757763538779636,0.059993555476117726,0.0535060554868231,0.05369241545024573,0.4630116820335388,0.297315776348114,0.7733333333333333,0.04480211098988851,0.05574922959009808,0.05244016369183858,0.05099716809060839,0.62
10101,blood-transfusion-service-center,748,403,45,150,150,4,2,2,tabpfn,isotonic,Isotonic Regression,0.8903214335441589,0.3090825080871582,0.8,0.045871252616246555,0.05067352573076883,0.06551895976066588,0.054021246035893755,0.4630116820335388,0.297315776348114,0.7733333333333333,0.04480211098988851,0.05574922959009808,0.05244016369183858,0.05099716809060839,0.62
10101,blood-transfusion-service-center,748,403,45,150,150,4,2,2,tabpfn,dirichlet,Dirichlet ODIR,0.4676957258231642,0.3003018140246651,0.7933333333333333,0.031565079083813306,0.04243337916523359,0.034934721278973194,0.03631105984267336,0.4630116820335388,0.297315776348114,0.7733333333333333,0.04480211098988851,0.05574922959009808,0.05244016369183858,0.05099716809060839,0.62
10101,blood-transfusion-service-center,748,403,45,150,150,4,2,3,tabpfn,none,No calibration,0.5012752413749695,0.31419244408607483,0.78,0.07015350898106891,0.06261174599329633,0.07422131339708966,0.06899552279048497,0.5012752413749695,0.31419244408607483,0.78,0.07015350898106891,0.06261174599329633,0.07422131339708966,0.06899552279048497,0.62
10101,blood-transfusion-service-center,748,403,45,150,150,4,2,3,tabpfn,temp,Temperature Scaling,0.4892288148403168,0.31473273038864136,0.78,0.039742444356282554,0.06508411407470704,0.07441823641459146,0.05974826494852701,0.5012752413749695,0.31419244408607483,0.78,0.07015350898106891,0.06261174599329633,0.07422131339708966,0.06899552279048497,0.62
10101,blood-transfusion-service-center,748,403,45,150,150,4,2,3,tabpfn,logistic,Logistic Recalibration,0.5000648928658392,0.32431062423373086,0.7666666666666667,0.048673890549035266,0.07714339883776464,0.08582873280691307,0.070548674064571,0.5012752413749695,0.31419244408607483,0.78,0.07015350898106891,0.06261174599329633,0.07422131339708966,0.06899552279048497,0.62
10101,blood-transfusion-service-center,748,403,45,150,150,4,2,3,tabpfn,isotonic,Isotonic Regression,0.8174529075622559,0.3282572031021118,0.78,0.05903372327486675,0.059033700227737435,0.05903371254603068,0.059033712016211624,0.5012752413749695,0.31419244408607483,0.78,0.07015350898106891,0.06261174599329633,0.07422131339708966,0.06899552279048497,0.62
10101,blood-transfusion-service-center,748,403,45,150,150,4,2,3,tabpfn,dirichlet,Dirichlet ODIR,0.48859066422041963,0.3155338374920398,0.78,0.03996414698606608,0.05536207538818304,0.05351605231546149,0.04961409156323687,0.5012752413749695,0.31419244408607483,0.78,0.07015350898106891,0.06261174599329633,0.07422131339708966,0.06899552279048497,0.62
10101,blood-transfusion-service-center,748,403,45,150,150,4,2,4,tabpfn,none,No calibration,0.4928834140300751,0.31406307220458984,0.7933333333333333,0.057632156213124605,0.05934076587359111,0.059129683176676426,0.058700868421130724,0.4928834140300751,0.31406307220458984,0.7933333333333333,0.057632156213124605,0.05934076587359111,0.059129683176676426,0.058700868421130724,0.61
10101,blood-transfusion-service-center,748,403,45,150,150,4,2,4,tabpfn,temp,Temperature Scaling,0.48954203724861145,0.31462934613227844,0.7933333333333333,0.04805197199185692,0.04773979981740316,0.06553906083106995,0.05377694421344334,0.4928834140300751,0.31406307220458984,0.7933333333333333,0.057632156213124605,0.05934076587359111,0.059129683176676426,0.058700868421130724,0.61
10101,blood-transfusion-service-center,748,403,45,150,150,4,2,4,tabpfn,logistic,Logistic Recalibration,0.49141540606867323,0.3172419255008064,0.7733333333333333,0.03980604803157569,0.0484953595443314,0.04447318600880492,0.044258197861570675,0.4928834140300751,0.31406307220458984,0.7933333333333333,0.057632156213124605,0.05934076587359111,0.059129683176676426,0.058700868421130724,0.61
10101,blood-transfusion-service-center,748,403,45,150,150,4,2,4,tabpfn,isotonic,Isotonic Regression,0.6818178296089172,0.31078383326530457,0.7733333333333333,0.07207402507464092,0.05517856597900392,0.07207402229309082,0.06644220444891188,0.4928834140300751,0.31406307220458984,0.7933333333333333,0.057632156213124605,0.05934076587359111,0.059129683176676426,0.058700868421130724,0.61
10101,blood-transfusion-service-center,748,403,45,150,150,4,2,4,tabpfn,dirichlet,Dirichlet ODIR,0.4850423505374643,0.3118380179362728,0.7733333333333333,0.03086102185770813,0.04438755129100307,0.05896731141416479,0.04473862818762533,0.4928834140300751,0.31406307220458984,0.7933333333333333,0.057632156213124605,0.05934076587359111,0.059129683176676426,0.058700868421130724,0.61
3560,analcatdata_dmft,797,430,48,159,160,4,6,0,tabpfn,none,No calibration,1.7725998163223267,0.8271695375442505,0.23125,0.037668017297983164,0.037668017297983164,0.037668017297983164,0.037668017297983164,1.7725998163223267,0.8271695375442505,0.23125,0.037668017297983164,0.037668017297983164,0.037668017297983164,0.037668017297983164,0.64
3560,analcatdata_dmft,797,430,48,159,160,4,6,0,tabpfn,temp,Temperature Scaling,1.774590253829956,0.8277922868728638,0.23125,0.04350112080574037,0.04350112080574037,0.04350112080574037,0.04350112080574037,1.7725998163223267,0.8271695375442505,0.23125,0.037668017297983164,0.037668017297983164,0.037668017297983164,0.037668017297983164,0.64
3560,analcatdata_dmft,797,430,48,159,160,4,6,0,tabpfn,logistic,Logistic Recalibration,1.7878845666884082,0.8320564694929056,0.19375,0.001014672361682345,0.001014672361682345,0.001014672361682345,0.001014672361682345,1.7725998163223267,0.8271695375442505,0.23125,0.037668017297983164,0.037668017297983164,0.037668017297983164,0.037668017297983164,0.64
3560,analcatdata_dmft,797,430,48,159,160,4,6,0,tabpfn,isotonic,Isotonic Regression,2.0524182319641113,0.8312158584594727,0.19375,0.04684442626312375,0.046844429709017275,0.06049079876393079,0.051393218245357274,1.7725998163223267,0.8271695375442505,0.23125,0.037668017297983164,0.037668017297983164,0.037668017297983164,0.037668017297983164,0.64
3560,analcatdata_dmft,797,430,48,159,160,4,6,0,tabpfn,dirichlet,Dirichlet ODIR,1.7807421421519272,0.830276522757367,0.175,0.06784047574067004,0.06784047574067004,0.06784047574067004,0.06784047574067004,1.7725998163223267,0.8271695375442505,0.23125,0.037668017297983164,0.037668017297983164,0.037668017297983164,0.037668017297983164,0.64
3560,analcatdata_dmft,797,430,48,159,160,4,6,1,tabpfn,none,No calibration,1.7680705785751343,0.8257150650024414,0.2,0.028949557989835742,0.028949557989835742,0.028949557989835742,0.028949557989835742,1.7680705785751343,0.8257150650024414,0.2,0.028949557989835742,0.028949557989835742,0.028949557989835742,0.028949557989835742,0.62
3560,analcatdata_dmft,797,430,48,159,160,4,6,1,tabpfn,temp,Temperature Scaling,1.7759017944335938,0.8281440734863281,0.2,0.021240159310400485,0.021240159310400485,0.021240159310400485,0.02124015931040048,1.7680705785751343,0.8257150650024414,0.2,0.028949557989835742,0.028949557989835742,0.028949557989835742,0.028949557989835742,0.62
3560,analcatdata_dmft,797,430,48,159,160,4,6,1,tabpfn,logistic,Logistic Recalibration,1.7874192593584701,0.8318959177883848,0.19375,0.0034359730495746883,0.0034359730495746883,0.0034359730495746883,0.0034359730495746883,1.7680705785751343,0.8257150650024414,0.2,0.028949557989835742,0.028949557989835742,0.028949557989835742,0.028949557989835742,0.62
3560,analcatdata_dmft,797,430,48,159,160,4,6,1,tabpfn,isotonic,Isotonic Regression,1.8743349313735962,0.8362585306167603,0.175,0.0722937773913145,0.07229377878829837,0.07229377329349518,0.07229377649103602,1.7680705785751343,0.8257150650024414,0.2,0.028949557989835742,0.028949557989835742,0.028949557989835742,0.028949557989835742,0.62
3560,analcatdata_dmft,797,430,48,159,160,4,6,1,tabpfn,dirichlet,Dirichlet ODIR,1.7851634804242245,0.831686996102033,0.1625,0.06198035927213032,0.0619803592721303,0.06198035927213031,0.06198035927213031,1.7680705785751343,0.8257150650024414,0.2,0.028949557989835742,0.028949557989835742,0.028949557989835742,0.028949557989835742,0.62
3560,analcatdata_dmft,797,430,48,159,160,4,6,2,tabpfn,none,No calibration,1.7835296392440796,0.8306611776351929,0.18125,0.017435314413160097,0.017435314413160097,0.017435314413160097,0.017435314413160097,1.7835296392440796,0.8306611776351929,0.18125,0.017435314413160097,0.017435314413160097,0.017435314413160097,0.017435314413160097,0.63
3560,analcatdata_dmft,797,430,48,159,160,4,6,2,tabpfn,temp,Temperature Scaling,1.7835346460342407,0.8306616544723511,0.18125,0.015539901144802571,0.015539901144802571,0.015539901144802571,0.015539901144802573,1.7835296392440796,0.8306611776351929,0.18125,0.017435314413160097,0.017435314413160097,0.017435314413160097,0.017435314413160097,0.63
3560,analcatdata_dmft,797,430,48,159,160,4,6,2,tabpfn,logistic,Logistic Recalibration,1.789524614323802,0.8325874833412883,0.19375,0.0012265555953623608,0.0012265555953623608,0.0012265555953623608,0.0012265555953623608,1.7835296392440796,0.8306611776351929,0.18125,0.017435314413160097,0.017435314413160097,0.017435314413160097,0.017435314413160097,0.63
3560,analcatdata_dmft,797,430,48,159,160,4,6,2,tabpfn,isotonic,Isotonic Regression,2.114224672317505,0.8530941009521484,0.1375,0.12051939833909274,0.12051938995718957,0.12051939107477666,0.12051939312368631,1.7835296392440796,0.8306611776351929,0.18125,0.017435314413160097,0.017435314413160097,0.017435314413160097,0.017435314413160097,0.63
3560,analcatdata_dmft,797,430,48,159,160,4,6,2,tabpfn,dirichlet,Dirichlet ODIR,1.8092465606181438,0.839452655030519,0.19375,0.07391360441759419,0.07391360441759418,0.07391360441759416,0.07391360441759416,1.7835296392440796,0.8306611776351929,0.18125,0.017435314413160097,0.017435314413160097,0.017435314413160097,0.017435314413160097,0.63
3560,analcatdata_dmft,797,430,48,159,160,4,6,3,tabpfn,none,No calibration,1.7869834899902344,0.8319406509399414,0.175,0.0334595125168562,0.03345951270312072,0.033459515497088435,0.03345951357235512,1.7869834899902344,0.8319406509399414,0.175,0.0334595125168562,0.03345951270312072,0.033459515497088435,0.03345951357235512,0.63
3560,analcatdata_dmft,797,430,48,159,160,4,6,3,tabpfn,temp,Temperature Scaling,1.7869831323623657,0.8319406509399414,0.175,0.033459119684994224,0.033459107298403984,0.03345911400392651,0.03345911366244157,1.7869834899902344,0.8319406509399414,0.175,0.0334595125168562,0.03345951270312072,0.033459515497088435,0.03345951357235512,0.63
3560,analcatdata_dmft,797,430,48,159,160,4,6,3,tabpfn,logistic,Logistic Recalibration,1.7823242624679545,0.8301786805702932,0.19375,0.03360537943653083,0.03360537943653083,0.03360537943653083,0.03360537943653083,1.7869834899902344,0.8319406509399414,0.175,0.0334595125168562,0.03345951270312072,0.033459515497088435,0.03345951357235512,0.63
3560,analcatdata_dmft,797,430,48,159,160,4,6,3,tabpfn,isotonic,Isotonic Regression,2.0224838256835938,0.8519509434700012,0.2375,0.04316950738430022,0.0630622304044664,0.05423450972884893,0.05348874917253852,1.7869834899902344,0.8319406509399414,0.175,0.0334595125168562,0.03345951270312072,0.033459515497088435,0.03345951357235512,0.63
3560,analcatdata_dmft,797,430,48,159,160,4,6,3,tabpfn,dirichlet,Dirichlet ODIR,1.7525127591407668,0.8219137617608402,0.2125,0.05374925507307751,0.05374925507307752,0.05374925507307754,0.05374925507307752,1.7869834899902344,0.8319406509399414,0.175,0.0334595125168562,0.03345951270312072,0.033459515497088435,0.03345951357235512,0.63
3560,analcatdata_dmft,797,430,48,159,160,4,6,4,tabpfn,none,No calibration,1.7718082666397095,0.8267458081245422,0.23125,0.04274584241211415,0.04274584241211415,0.04274584241211415,0.04274584241211415,1.7718082666397095,0.8267458081245422,0.23125,0.04274584241211415,0.04274584241211415,0.04274584241211415,0.04274584241211415,0.63
3560,analcatdata_dmft,797,430,48,159,160,4,6,4,tabpfn,temp,Temperature Scaling,1.771449327468872,0.8266285061836243,0.23125,0.04248868133872748,0.04248868133872748,0.04248868133872748,0.042488681338727484,1.7718082666397095,0.8267458081245422,0.23125,0.04274584241211415,0.04274584241211415,0.04274584241211415,0.04274584241211415,0.63
3560,analcatdata_dmft,797,430,48,159,160,4,6,4,tabpfn,logistic,Logistic Recalibration,1.7886571760706402,0.8322842074525253,0.19375,0.001283916263288526,0.001283916263288526,0.001283916263288526,0.001283916263288526,1.7718082666397095,0.8267458081245422,0.23125,0.04274584241211415,0.04274584241211415,0.04274584241211415,0.04274584241211415,0.63
3560,analcatdata_dmft,797,430,48,159,160,4,6,4,tabpfn,isotonic,Isotonic Regression,3.36993408203125,0.8571808934211731,0.20625,0.08501075841486452,0.12254178803414106,0.10548275178298354,0.10434509941066304,1.7718082666397095,0.8267458081245422,0.23125,0.04274584241211415,0.04274584241211415,0.04274584241211415,0.04274584241211415,0.63
3560,analcatdata_dmft,797,430,48,159,160,4,6,4,tabpfn,dirichlet,Dirichlet ODIR,1.7989648638002707,0.8355062313666813,0.1625,0.1052357784002313,0.11771255230442876,0.10523577840023128,0.10939470303496378,1.7718082666397095,0.8267458081245422,0.23125,0.04274584241211415,0.04274584241211415,0.04274584241211415,0.04274584241211415,0.63
3549,analcatdata_authorship,841,453,51,168,169,70,4,0,tabpfn,none,No calibration,0.0005214503617025912,3.7399742723209783e-05,1.0,0.0005117654800415039,0.0005117654800415039,0.0005118070974857849,0.000511779352522931,0.0005214503617025912,3.7399742723209783e-05,1.0,0.0005117654800415039,0.0005117654800415039,0.0005118070974857849,0.000511779352522931,1.42
3549,analcatdata_authorship,841,453,51,168,169,70,4,0,tabpfn,temp,Temperature Scaling,0.0005027262959629297,3.5645316529553384e-05,1.0,0.0004935264587402344,0.0004935264587402344,0.0004934552153186685,0.0004935027109330458,0.0005214503617025912,3.7399742723209783e-05,1.0,0.0005117654800415039,0.0005117654800415039,0.0005118070974857849,0.000511779352522931,1.42
3549,analcatdata_authorship,841,453,51,168,169,70,4,0,tabpfn,logistic,Logistic Recalibration,0.06639768404720944,0.007444347065634223,1.0,0.06333079282731639,0.06333079282731635,0.0633307928273163,0.06333079282731635,0.0005214503617025912,3.7399742723209783e-05,1.0,0.0005117654800415039,0.0005117654800415039,0.0005118070974857849,0.000511779352522931,1.42
3549,analcatdata_authorship,841,453,51,168,169,70,4,0,tabpfn,isotonic,Isotonic Regression,0.00037737234379164875,3.888389983330853e-05,1.0,0.00036728382110595703,0.00036728382110595703,0.00036728734800801476,0.00036728499673997626,0.0005214503617025912,3.7399742723209783e-05,1.0,0.0005117654800415039,0.0005117654800415039,0.0005118070974857849,0.000511779352522931,1.42
3549,analcatdata_authorship,841,453,51,168,169,70,4,0,tabpfn,dirichlet,Dirichlet ODIR,0.0001703168331609958,2.2937442123386277e-07,1.0,0.00017025621648236733,0.00017025621648236733,0.00017025621648236733,0.00017025621648236733,0.0005214503617025912,3.7399742723209783e-05,1.0,0.0005117654800415039,0.0005117654800415039,0.0005118070974857849,0.000511779352522931,1.42
3549,analcatdata_authorship,841,453,51,168,169,70,4,1,tabpfn,none,No calibration,0.00028265814762562513,6.2907588471716736e-06,1.0,0.0002809762954711914,0.0002809762954711914,0.0002809762954711914,0.0002809762954711914,0.00028265814762562513,6.2907588471716736e-06,1.0,0.0002809762954711914,0.0002809762954711914,0.0002809762954711914,0.0002809762954711914,0.64
3549,analcatdata_authorship,841,453,51,168,169,70,4,1,tabpfn,temp,Temperature Scaling,0.0002772291481960565,6.116224540164694e-06,1.0,0.00027555227279663086,0.00027555227279663086,0.00027555227279663086,0.00027555227279663086,0.00028265814762562513,6.2907588471716736e-06,1.0,0.0002809762954711914,0.0002809762954711914,0.0002809762954711914,0.0002809762954711914,0.64
3549,analcatdata_authorship,841,453,51,168,169,70,4,1,tabpfn,logistic,Logistic Recalibration,0.06661492055605997,0.00750244678574492,1.0,0.06352246151960553,0.06352246151960556,0.06352246151960556,0.06352246151960554,0.00028265814762562513,6.2907588471716736e-06,1.0,0.0002809762954711914,0.0002809762954711914,0.0002809762954711914,0.0002809762954711914,0.64
3549,analcatdata_authorship,841,453,51,168,169,70,4,1,tabpfn,isotonic,Isotonic Regression,3.34961005137302e-05,2.4160161160580174e-07,1.0,3.349781036376953e-05,3.349781036376953e-05,3.349781036376953e-05,3.349781036376953e-05,0.00028265814762562513,6.2907588471716736e-06,1.0,0.0002809762954711914,0.0002809762954711914,0.0002809762954711914,0.0002809762954711914,0.64
3549,analcatdata_authorship,841,453,51,168,169,70,4,1,tabpfn,dirichlet,Dirichlet ODIR,0.00017411718314387526,4.131351974045611e-07,1.0,0.00017401363556501792,0.00017401363556501792,0.00017401363556501792,0.00017401363556501792,0.00028265814762562513,6.2907588471716736e-06,1.0,0.0002809762954711914,0.0002809762954711914,0.0002809762954711914,0.0002809762954711914,0.64
3549,analcatdata_authorship,841,453,51,168,169,70,4,2,tabpfn,none,No calibration,0.0023623164743185043,0.0006198249757289886,1.0,0.002170364884935187,0.002170364884935187,0.002170361710723335,0.0021703638268645697,0.0023623164743185043,0.0006198249757289886,1.0,0.002170364884935187,0.002170364884935187,0.002170361710723335,0.0021703638268645697,0.65
3549,analcatdata_authorship,841,453,51,168,169,70,4,2,tabpfn,temp,Temperature Scaling,0.002340467181056738,0.0006135568837635219,1.0,0.002150737322293795,0.002150737322293795,0.0021507937527267184,0.0021507561324381028,0.0023623164743185043,0.0006198249757289886,1.0,0.002170364884935187,0.002170364884935187,0.002170361710723335,0.0021703638268645697,0.65
3549,analcatdata_authorship,841,453,51,168,169,70,4,2,tabpfn,logistic,Logistic Recalibration,0.06736861335462392,0.007669571510600484,1.0,0.06421298896112371,0.06421298896112354,0.0642129889611236,0.06421298896112361,0.0023623164743185043,0.0006198249757289886,1.0,0.002170364884935187,0.002170364884935187,0.002170361710723335,0.0021703638268645697,0.65
3549,analcatdata_authorship,841,453,51,168,169,70,4,2,tabpfn,isotonic,Isotonic Regression,0.001442201784811914,0.00028237502556294203,1.0,0.0013581549627541085,0.0013581549627541085,0.0013581549627541085,0.0013581549627541085,0.0023623164743185043,0.0006198249757289886,1.0,0.002170364884935187,0.002170364884935187,0.002170361710723335,0.0021703638268645697,0.65
3549,analcatdata_authorship,841,453,51,168,169,70,4,2,tabpfn,dirichlet,Dirichlet ODIR,0.0005547138835206507,3.7326493203593215e-05,1.0,0.0005449189500554841,0.0005449189500554841,0.0005449189500554907,0.0005449189500554862,0.0023623164743185043,0.0006198249757289886,1.0,0.002170364884935187,0.002170364884935187,0.002170361710723335,0.0021703638268645697,0.65
3549,analcatdata_authorship,841,453,51,168,169,70,4,3,tabpfn,none,No calibration,0.001265092403627932,0.00031715273507870734,1.0,0.0011762260685305624,0.0011762260685305624,0.0011762260685305624,0.0011762260685305624,0.001265092403627932,0.00031715273507870734,1.0,0.0011762260685305624,0.0011762260685305624,0.0011762260685305624,0.0011762260685305624,0.73
3549,analcatdata_authorship,841,453,51,168,169,70,4,3,tabpfn,temp,Temperature Scaling,0.0012441776925697923,0.00031053845304995775,1.0,0.0011571677478812855,0.0011571677478812855,0.0011571677478812855,0.0011571677478812855,0.001265092403627932,0.00031715273507870734,1.0,0.0011762260685305624,0.0011762260685305624,0.0011762260685305624,0.0011762260685305624,0.73
3549,analcatdata_authorship,841,453,51,168,169,70,4,3,tabpfn,logistic,Logistic Recalibration,0.06652469315822201,0.007497816645701598,1.0,0.06343810605987898,0.06343810605987914,0.06343810605987905,0.06343810605987905,0.001265092403627932,0.00031715273507870734,1.0,0.0011762260685305624,0.0011762260685305624,0.0011762260685305624,0.0011762260685305624,0.73
3549,analcatdata_authorship,841,453,51,168,169,70,4,3,tabpfn,isotonic,Isotonic Regression,3.526902381256747e-10,3.2102437527863656e-16,1.0,0.0,0.0,0.0,0.0,0.001265092403627932,0.00031715273507870734,1.0,0.0011762260685305624,0.0011762260685305624,0.0011762260685305624,0.0011762260685305624,0.73
3549,analcatdata_authorship,841,453,51,168,169,70,4,3,tabpfn,dirichlet,Dirichlet ODIR,9.638101424816256e-05,7.187143291117681e-08,1.0,9.636254083844609e-05,9.636254083844609e-05,9.636254083844609e-05,9.636254083844609e-05,0.001265092403627932,0.00031715273507870734,1.0,0.0011762260685305624,0.0011762260685305624,0.0011762260685305624,0.0011762260685305624,0.73
3549,analcatdata_authorship,841,453,51,168,169,70,4,4,tabpfn,none,No calibration,0.0011604620376601815,0.0001889922859845683,1.0,0.0011082079988964915,0.0011082079988964915,0.0011082079988964915,0.0011082079988964915,0.0011604620376601815,0.0001889922859845683,1.0,0.0011082079988964915,0.0011082079988964915,0.0011082079988964915,0.0011082079988964915,0.64
3549,analcatdata_authorship,841,453,51,168,169,70,4,4,tabpfn,temp,Temperature Scaling,0.0011526887537911534,0.00018750045273918658,1.0,0.0011008166702541375,0.0011008166702541375,0.0011008166702541375,0.0011008166702541375,0.0011604620376601815,0.0001889922859845683,1.0,0.0011082079988964915,0.0011082079988964915,0.0011082079988964915,0.0011082079988964915,0.64
3549,analcatdata_authorship,841,453,51,168,169,70,4,4,tabpfn,logistic,Logistic Recalibration,0.06689904082283285,0.007533286970945512,1.0,0.06379723629855538,0.06379723629855537,0.06379723629855526,0.06379723629855534,0.0011604620376601815,0.0001889922859845683,1.0,0.0011082079988964915,0.0011082079988964915,0.0011082079988964915,0.0011082079988964915,0.64
3549,analcatdata_authorship,841,453,51,168,169,70,4,4,tabpfn,isotonic,Isotonic Regression,0.0009976559085771441,0.00018152152188122272,1.0,0.0009480679528953056,0.0009480679528953056,0.0009480679528953056,0.0009480679528953056,0.0011604620376601815,0.0001889922859845683,1.0,0.0011082079988964915,0.0011082079988964915,0.0011082079988964915,0.0011082079988964915,0.64
3549,analcatdata_authorship,841,453,51,168,169,70,4,4,tabpfn,dirichlet,Dirichlet ODIR,0.0002490969322541716,1.6887874571332338e-06,1.0,0.0002485556948530476,0.0002485556948530476,0.0002485556948530476,0.0002485556948530476,0.0011604620376601815,0.0001889922859845683,1.0,0.0011082079988964915,0.0011082079988964915,0.0011082079988964915,0.0011082079988964915,0.64
49,tic-tac-toe,958,516,58,192,192,9,2,0,tabpfn,none,No calibration,0.049734096974134445,0.026771461591124535,0.984375,0.004559443332254897,0.004559341818094214,0.02108763034145037,0.01006880516393316,0.049734096974134445,0.026771461591124535,0.984375,0.004559443332254897,0.004559341818094214,0.02108763034145037,0.01006880516393316,0.65
49,tic-tac-toe,958,516,58,192,192,9,2,0,tabpfn,temp,Temperature Scaling,0.05031876638531685,0.026328837499022484,0.984375,0.0074771729608376705,0.013582271834214532,0.022785170314212642,0.014614871703088282,0.049734096974134445,0.026771461591124535,0.984375,0.004559443332254897,0.004559341818094214,0.02108763034145037,0.01006880516393316,0.65
49,tic-tac-toe,958,516,58,192,192,9,2,0,tabpfn,logistic,Logistic Recalibration,0.09062328103129691,0.0315190732694429,0.984375,0.044305701455315066,0.050997025281729134,0.044305701455315344,0.04653614273078652,0.049734096974134445,0.026771461591124535,0.984375,0.004559443332254897,0.004559341818094214,0.02108763034145037,0.01006880516393316,0.65
49,tic-tac-toe,958,516,58,192,192,9,2,0,tabpfn,isotonic,Isotonic Regression,0.027799027040600777,0.021522363647818565,0.9791666666666666,0.014024829181532066,0.014024829181532064,0.014024829181532064,0.014024829181532064,0.049734096974134445,0.026771461591124535,0.984375,0.004559443332254897,0.004559341818094214,0.02108763034145037,0.01006880516393316,0.65
49,tic-tac-toe,958,516,58,192,192,9,2,0,tabpfn,dirichlet,Dirichlet ODIR,0.040941924085833165,0.021546216315357313,0.984375,0.019608414347620944,0.015708321853114025,0.019608414347620902,0.018308383516118625,0.049734096974134445,0.026771461591124535,0.984375,0.004559443332254897,0.004559341818094214,0.02108763034145037,0.01006880516393316,0.65
49,tic-tac-toe,958,516,58,192,192,9,2,1,tabpfn,none,No calibration,0.010254865512251854,0.00461950758472085,1.0,0.00864512783785661,0.00864513808240493,0.008645199549694855,0.008645155156652132,0.010254865512251854,0.00461950758472085,1.0,0.00864512783785661,0.00864513808240493,0.008645199549694855,0.008645155156652132,0.64
49,tic-tac-toe,958,516,58,192,192,9,2,1,tabpfn,temp,Temperature Scaling,0.013057294301688671,0.005330569576472044,1.0,0.011220524087548256,0.011220593626300495,0.011220593626300495,0.011220570446716415,0.010254865512251854,0.00461950758472085,1.0,0.00864512783785661,0.00864513808240493,0.008645199549694855,0.008645155156652132,0.64
49,tic-tac-toe,958,516,58,192,192,9,2,1,tabpfn,logistic,Logistic Recalibration,0.048716288563050415,0.006921766875194499,1.0,0.046610208674103266,0.04661020867410305,0.04661020867410314,0.046610208674103155,0.010254865512251854,0.00461950758472085,1.0,0.00864512783785661,0.00864513808240493,0.008645199549694855,0.008645155156652132,0.64
49,tic-tac-toe,958,516,58,192,192,9,2,1,tabpfn,isotonic,Isotonic Regression,0.031356606632471085,0.024266058579087257,0.96875,0.018019439963003,0.02040122759838899,0.02040122759838899,0.01960729838659366,0.010254865512251854,0.00461950758472085,1.0,0.00864512783785661,0.00864513808240493,0.008645199549694855,0.008645155156652132,0.64
49,tic-tac-toe,958,516,58,192,192,9,2,1,tabpfn,dirichlet,Dirichlet ODIR,0.022100428465396737,0.013396603123560209,0.9895833333333334,0.005768147181352699,0.008439788744510046,0.010570948347596022,0.008259628091152922,0.010254865512251854,0.00461950758472085,1.0,0.00864512783785661,0.00864513808240493,0.008645199549694855,0.008645155156652132,0.64
49,tic-tac-toe,958,516,58,192,192,9,2,2,tabpfn,none,No calibration,0.019981680437922478,0.009029004722833633,0.9947916666666666,0.010045744789143404,0.009076867252588272,0.010045741684734821,0.009722784575488834,0.019981680437922478,0.009029004722833633,0.9947916666666666,0.010045744789143404,0.009076867252588272,0.010045741684734821,0.009722784575488834,0.67
49,tic-tac-toe,958,516,58,192,192,9,2,2,tabpfn,temp,Temperature Scaling,0.022081879898905754,0.00903280358761549,0.9947916666666666,0.011259801685810087,0.014221608638763426,0.011259872776766619,0.012247094367113376,0.019981680437922478,0.009029004722833633,0.9947916666666666,0.010045744789143404,0.009076867252588272,0.010045741684734821,0.009722784575488834,0.67
49,tic-tac-toe,958,516,58,192,192,9,2,2,tabpfn,logistic,Logistic Recalibration,0.06447508642926207,0.013904473862378417,0.9947916666666666,0.04591641146811528,0.052332005788091836,0.04591641146811516,0.04805494290810743,0.019981680437922478,0.009029004722833633,0.9947916666666666,0.010045744789143404,0.009076867252588272,0.010045741684734821,0.009722784575488834,0.67
49,tic-tac-toe,958,516,58,192,192,9,2,2,tabpfn,isotonic,Isotonic Regression,0.014440566301345825,0.010416666977107525,0.984375,0.010416666666666666,0.005208333333333333,0.010416666666666666,0.008680555555555554,0.019981680437922478,0.009029004722833633,0.9947916666666666,0.010045744789143404,0.009076867252588272,0.010045741684734821,0.009722784575488834,0.67
49,tic-tac-toe,958,516,58,192,192,9,2,2,tabpfn,dirichlet,Dirichlet ODIR,0.019083263174239917,0.008894437209963179,0.9947916666666666,0.012537229914734459,0.012537229914734464,0.01495531399005823,0.013343257939842383,0.019981680437922478,0.009029004722833633,0.9947916666666666,0.010045744789143404,0.009076867252588272,0.010045741684734821,0.009722784575488834,0.67
49,tic-tac-toe,958,516,58,192,192,9,2,3,tabpfn,none,No calibration,0.053673744201660156,0.02775779366493225,0.984375,0.006414871662855108,0.010242131228248269,0.01236641158660253,0.009674471492568636,0.053673744201660156,0.02775779366493225,0.984375,0.006414871662855108,0.010242131228248269,0.01236641158660253,0.009674471492568636,0.63
49,tic-tac-toe,958,516,58,192,192,9,2,3,tabpfn,temp,Temperature Scaling,0.05404970049858093,0.027883753180503845,0.984375,0.007187865674495697,0.010810934628049523,0.010203360269467037,0.009400720190670753,0.053673744201660156,0.02775779366493225,0.984375,0.006414871662855108,0.010242131228248269,0.01236641158660253,0.009674471492568636,0.63
49,tic-tac-toe,958,516,58,192,192,9,2,3,tabpfn,logistic,Logistic Recalibration,0.08772807773316978,0.03131368908642914,0.984375,0.02687560419360857,0.03403871643825584,0.032349892305626085,0.031088070979163496,0.053673744201660156,0.02775779366493225,0.984375,0.006414871662855108,0.010242131228248269,0.01236641158660253,0.009674471492568636,0.63
49,tic-tac-toe,958,516,58,192,192,9,2,3,tabpfn,isotonic,Isotonic Regression,0.20977568626403809,0.032466426491737366,0.9791666666666666,0.016162673942744732,0.013558507276078064,0.016162673942744732,0.015294618387189174,0.053673744201660156,0.02775779366493225,0.984375,0.006414871662855108,0.010242131228248269,0.01236641158660253,0.009674471492568636,0.63
49,tic-tac-toe,958,516,58,192,192,9,2,3,tabpfn,dirichlet,Dirichlet ODIR,0.052294340122012374,0.02731424784566508,0.984375,0.006406942658389607,0.009489624206978305,0.01172752172473806,0.009208029530035322,0.053673744201660156,0.02775779366493225,0.984375,0.006414871662855108,0.010242131228248269,0.01236641158660253,0.009674471492568636,0.63
49,tic-tac-toe,958,516,58,192,192,9,2,4,tabpfn,none,No calibration,0.024614224210381508,0.013591202907264233,0.9895833333333334,0.015408798741797606,0.016642678529024124,0.015408833200732866,0.015820103490518198,0.024614224210381508,0.013591202907264233,0.9895833333333334,0.015408798741797606,0.016642678529024124,0.015408833200732866,0.015820103490518198,0.64
49,tic-tac-toe,958,516,58,192,192,9,2,4,tabpfn,temp,Temperature Scaling,0.023346856236457825,0.013681667856872082,0.9895833333333334,0.009747003205120598,0.009747003515561455,0.011714254505932331,0.010402753742204795,0.024614224210381508,0.013591202907264233,0.9895833333333334,0.015408798741797606,0.016642678529024124,0.015408833200732866,0.015820103490518198,0.64
49,tic-tac-toe,958,516,58,192,192,9,2,4,tabpfn,logistic,Logistic Recalibration,0.05844999109561045,0.016912820240881612,0.9895833333333334,0.0362170403643637,0.036217040364363705,0.03621704036436394,0.036217040364363774,0.024614224210381508,0.013591202907264233,0.9895833333333334,0.015408798741797606,0.016642678529024124,0.015408833200732866,0.015820103490518198,0.64
49,tic-tac-toe,958,516,58,192,192,9,2,4,tabpfn,isotonic,Isotonic Regression,0.10455130785703659,0.01605747453868389,0.9895833333333334,0.011134904188414448,0.011134904188414448,0.011134903877973591,0.011134904084934163,0.024614224210381508,0.013591202907264233,0.9895833333333334,0.015408798741797606,0.016642678529024124,0.015408833200732866,0.015820103490518198,0.64
49,tic-tac-toe,958,516,58,192,192,9,2,4,tabpfn,dirichlet,Dirichlet ODIR,0.02576379635500942,0.01517325823992402,0.9895833333333334,0.008886888190552392,0.009723343338625217,0.009723343338625217,0.009444524955934275,0.024614224210381508,0.013591202907264233,0.9895833333333334,0.015408798741797606,0.016642678529024124,0.015408833200732866,0.015820103490518198,0.64
