task_id,dataset_name,n_samples,regime,n_classes,seed,config_idx,is_fixed,hidden_dims,lr,dropout,weight_decay,val_cal_nll,nll_ts,ece_ts,brier_ts,nll_raw,temperature
6,letter,20000,large,26,0,0,True,"(256, 128)",0.001,0.1,0.0001,0.0849186554551124,0.0802242755889892,0.0065284825166066,0.0402488633990287,0.080725759267807,0.9303783178329468
6,letter,20000,large,26,0,1,False,"(512, 256)",0.0001,0.1,0.001,0.1136146262288093,0.1026725023984909,0.0080041679466764,0.0524877533316612,0.1147175878286361,0.7503625750541687
6,letter,20000,large,26,0,2,False,"(256, 128, 64)",0.0001,0.05,0.0001,0.1325298398733139,0.123665377497673,0.0073574115311106,0.0613730661571025,0.1416353434324264,0.7462000250816345
6,letter,20000,large,26,0,3,False,"(256, 128)",0.001,0.3,0.001,0.0932860746979713,0.0859675332903862,0.0051643038615584,0.044625598937273,0.088538147509098,0.8634686470031738
6,letter,20000,large,26,0,4,False,"(256, 128)",0.0005,0.3,1e-05,0.1158739626407623,0.105064682662487,0.008786980797847,0.0540806762874126,0.1125183999538421,0.7891539335250854
6,letter,20000,large,26,0,5,False,"(512, 256)",0.0005,0.05,0.001,0.0891661494970321,0.0868978947401046,0.0057989975946644,0.0440878681838512,0.0878331065177917,0.929832935333252
6,letter,20000,large,26,0,6,False,"(512, 256)",0.0001,0.0,0.001,0.0984346196055412,0.0997161418199539,0.0072402735427021,0.0511843562126159,0.103361040353775,0.8439785242080688
6,letter,20000,large,26,0,7,False,"(128, 64)",0.0005,0.3,0.001,0.2437726855278015,0.2194842845201492,0.0093953791943688,0.1038798689842224,0.2428042143583297,0.7275171279907227
6,letter,20000,large,26,0,8,False,"(64, 32)",0.0001,0.1,0.0001,0.7067098021507263,0.5989031195640564,0.0367589787840843,0.2455632239580154,0.7158477902412415,0.6272420883178711
6,letter,20000,large,26,0,9,False,"(128, 64)",0.003,0.2,0.001,0.1177455335855484,0.1129980757832527,0.0069690581932663,0.0569750070571899,0.1137261837720871,0.9425703287124634
6,letter,20000,large,26,0,10,False,"(512, 256, 128)",0.0005,0.1,0.001,0.0725587755441665,0.0766142755746841,0.0076207267691691,0.0413887575268745,0.0766316950321197,1.0045018196105957
6,letter,20000,large,26,0,11,False,"(512, 256)",0.003,0.0,0.0001,0.1007269322872161,0.0828431546688079,0.0059455131689707,0.042287528514862,0.0852565616369247,1.3189128637313845
6,letter,20000,large,26,0,12,False,"(256, 128, 64)",0.001,0.3,0.0,0.0927346646785736,0.0994729325175285,0.008050867502888,0.0512234196066856,0.100081667304039,0.8980538845062256
6,letter,20000,large,26,0,13,False,"(128, 64)",0.003,0.0,0.001,0.1229553967714309,0.1167911514639854,0.006926296763122,0.0593627914786338,0.1199226826429367,1.1752873659133911
6,letter,20000,large,26,0,14,False,"(512, 256, 128)",0.0005,0.05,0.0,0.0798560082912445,0.0775858014822006,0.0048246196409066,0.0382271185517311,0.078916348516941,1.1317903995513916
6,letter,20000,large,26,1,0,True,"(256, 128)",0.001,0.1,0.0001,0.0913869589567184,0.0863427966833114,0.0051710231093068,0.0426118522882461,0.0864115729928016,1.0659844875335691
6,letter,20000,large,26,1,1,False,"(512, 256)",0.0001,0.1,0.001,0.1250006109476089,0.1085506454110145,0.0074866065954168,0.0546618737280368,0.121005468070507,0.7840644717216492
6,letter,20000,large,26,1,2,False,"(256, 128, 64)",0.0001,0.05,0.0001,0.1506197303533554,0.126553326845169,0.0073698308778305,0.0620453432202339,0.1439545005559921,0.7809913158416748
6,letter,20000,large,26,1,3,False,"(256, 128)",0.001,0.3,0.001,0.1020978987216949,0.0936093255877494,0.0052272707397739,0.0461191721260547,0.0958403944969177,0.9047272801399232
6,letter,20000,large,26,1,4,False,"(256, 128)",0.0005,0.3,1e-05,0.124363288283348,0.1117207407951355,0.0088480503844718,0.0556470416486263,0.118631899356842,0.8368417620658875
6,letter,20000,large,26,1,5,False,"(512, 256)",0.0005,0.05,0.001,0.0930508747696876,0.0823337733745575,0.0045540100038051,0.0401127859950065,0.0835686326026916,1.2037417888641355
6,letter,20000,large,26,1,6,False,"(512, 256)",0.0001,0.0,0.001,0.114428773522377,0.1050932481884956,0.0049876066396633,0.052504401654005,0.1081516742706298,0.8950919508934021
6,letter,20000,large,26,1,7,False,"(128, 64)",0.0005,0.3,0.001,0.2540470659732818,0.2354769706726074,0.0126772860102355,0.1092695668339729,0.2580357491970062,0.7560703158378601
6,letter,20000,large,26,1,8,False,"(64, 32)",0.0001,0.1,0.0001,0.7226073145866394,0.6280081868171692,0.0370665948931128,0.2540498077869415,0.7326587438583374,0.6612721085548401
6,letter,20000,large,26,1,9,False,"(128, 64)",0.003,0.2,0.001,0.1377842426300048,0.1243579313158989,0.0082241415629784,0.0611993707716465,0.1272692829370498,0.9119420647621156
6,letter,20000,large,26,1,10,False,"(512, 256, 128)",0.0005,0.1,0.001,0.0888440608978271,0.0805253684520721,0.0053099457298716,0.0408707745373249,0.080942578613758,1.1044811010360718
6,letter,20000,large,26,1,11,False,"(512, 256)",0.003,0.0,0.0001,0.1150689721107482,0.115853413939476,0.0070863242261111,0.0576485209167003,0.1170668751001358,1.0949722528457642
6,letter,20000,large,26,1,12,False,"(256, 128, 64)",0.001,0.3,0.0,0.1031097173690795,0.0997514799237251,0.0052967622876167,0.0475085079669952,0.0998861193656921,0.9838138818740844
6,letter,20000,large,26,1,13,False,"(128, 64)",0.003,0.0,0.001,0.1341940760612487,0.1194091439247131,0.0059160138169924,0.0593966282904148,0.126281201839447,1.271739482879639
6,letter,20000,large,26,1,14,False,"(512, 256, 128)",0.0005,0.05,0.0,0.0835008844733238,0.0758127570152282,0.0056572751576701,0.0379894450306892,0.0801153033971786,1.2782021760940552
6,letter,20000,large,26,2,0,True,"(256, 128)",0.001,0.1,0.0001,0.1026346012949943,0.0847133994102478,0.0047421182493369,0.041852667927742,0.0845928639173507,1.0202245712280271
6,letter,20000,large,26,2,1,False,"(512, 256)",0.0001,0.1,0.001,0.1279948949813842,0.1040669307112693,0.0093157065659761,0.0487524420022964,0.1158006638288497,0.7843419313430786
6,letter,20000,large,26,2,2,False,"(256, 128, 64)",0.0001,0.05,0.0001,0.1465374082326889,0.1163904219865799,0.0088766857013106,0.0552023239433765,0.1331293582916259,0.7794491648674011
6,letter,20000,large,26,2,3,False,"(256, 128)",0.001,0.3,0.001,0.1036411747336387,0.0929963067173957,0.0063632087111472,0.0446554124355316,0.0946279391646385,0.8996902704238892
6,letter,20000,large,26,2,4,False,"(256, 128)",0.0005,0.3,1e-05,0.1290472447872162,0.1104449182748794,0.0067308035666744,0.0525536276400089,0.1172216981649398,0.8167597055435181
6,letter,20000,large,26,2,5,False,"(512, 256)",0.0005,0.05,0.001,0.0964438319206237,0.077767327427864,0.0023650342362622,0.0378789901733398,0.0783204808831214,1.147127389907837
6,letter,20000,large,26,2,6,False,"(512, 256)",0.0001,0.0,0.001,0.1274536103010177,0.0992299988865852,0.0074027007495363,0.0475068055093288,0.1027326062321662,0.9026283621788024
6,letter,20000,large,26,2,7,False,"(128, 64)",0.0005,0.3,0.001,0.2614533603191376,0.2331127524375915,0.0088577235539754,0.1065316945314407,0.2576019763946533,0.7234026193618774
6,letter,20000,large,26,2,8,False,"(64, 32)",0.0001,0.1,0.0001,0.7195993661880493,0.5947181582450867,0.0322384949599703,0.2491747289896011,0.7095775008201599,0.6424106359481812
6,letter,20000,large,26,2,9,False,"(128, 64)",0.003,0.2,0.001,0.1197318136692047,0.1133050546050071,0.0071616175274054,0.0524952635169029,0.1138880178332328,0.9350385069847108
6,letter,20000,large,26,2,10,False,"(512, 256, 128)",0.0005,0.1,0.001,0.0952843278646469,0.0841904804110527,0.0030650506317615,0.0404751449823379,0.0841905772686004,0.9999810457229614
6,letter,20000,large,26,2,11,False,"(512, 256)",0.003,0.0,0.0001,0.1221360936760902,0.1103702411055564,0.0069797623803218,0.0540626905858516,0.1106148958206176,1.0467262268066406
6,letter,20000,large,26,2,12,False,"(256, 128, 64)",0.001,0.3,0.0,0.1110875532031059,0.1025241389870643,0.0051631398325165,0.0488616190850734,0.1032546237111091,0.915844202041626
6,letter,20000,large,26,2,13,False,"(128, 64)",0.003,0.0,0.001,0.1350351870059967,0.1229306310415268,0.0058809182755649,0.0563966445624828,0.1252431720495224,1.1509613990783691
6,letter,20000,large,26,2,14,False,"(512, 256, 128)",0.0005,0.05,0.0,0.1004330739378929,0.0834773257374763,0.0049787099088231,0.0402105264365673,0.083340086042881,1.04691743850708
14,mfeat-fourier,2000,medium,10,0,0,True,"(256, 128)",0.001,0.1,0.0001,0.5221574902534485,0.4777500033378601,0.0645957527061303,0.2546922564506531,0.477580726146698,1.0052112340927124
14,mfeat-fourier,2000,medium,10,0,1,False,"(512, 256)",0.0001,0.1,0.001,0.5128516554832458,0.4551350474357605,0.044582813916107,0.2378552258014679,0.4583351910114288,0.9558884501457214
14,mfeat-fourier,2000,medium,10,0,2,False,"(256, 128, 64)",0.0001,0.05,0.0001,0.6797524094581604,0.519082248210907,0.0730976116781433,0.2558964490890503,0.6386211514472961,0.6740117073059082
14,mfeat-fourier,2000,medium,10,0,3,False,"(256, 128)",0.001,0.3,0.001,0.4907455146312713,0.4500075876712799,0.0461035752793153,0.2417902052402496,0.4496893286705017,1.0576075315475464
14,mfeat-fourier,2000,medium,10,0,4,False,"(256, 128)",0.0005,0.3,1e-05,0.4904359579086303,0.4332466423511505,0.0481435822198788,0.2330239862203598,0.432740718126297,1.012535810470581
14,mfeat-fourier,2000,medium,10,0,5,False,"(512, 256)",0.0005,0.05,0.001,0.5226565003395081,0.469155877828598,0.0435704780369997,0.2430995106697082,0.4683293104171753,1.0287929773330688
14,mfeat-fourier,2000,medium,10,0,6,False,"(512, 256)",0.0001,0.0,0.001,0.5254530906677246,0.4729009866714477,0.0593791112427909,0.2448579370975494,0.476818174123764,0.9484944343566896
14,mfeat-fourier,2000,medium,10,0,7,False,"(128, 64)",0.0005,0.3,0.001,0.4760580360889435,0.4216200709342956,0.0259578405817349,0.2192896008491516,0.4213862717151642,1.004987716674805
14,mfeat-fourier,2000,medium,10,0,8,False,"(64, 32)",0.0001,0.1,0.0001,1.213817477226257,0.7202459573745728,0.0679374429086844,0.3369856178760528,1.2017003297805786,0.3525953888893127
14,mfeat-fourier,2000,medium,10,0,9,False,"(128, 64)",0.003,0.2,0.001,0.5432499647140503,0.4507965743541717,0.0313085414469242,0.231810837984085,0.4533604383468628,1.194993257522583
14,mfeat-fourier,2000,medium,10,0,10,False,"(512, 256, 128)",0.0005,0.1,0.001,0.5483078956604004,0.4699879586696625,0.046253346701463,0.2367600053548813,0.4775594770908355,0.9365344047546388
14,mfeat-fourier,2000,medium,10,0,11,False,"(512, 256)",0.003,0.0,0.0001,0.5471476316452026,0.4747332036495209,0.0486177543054024,0.2525197565555572,0.4813183546066284,1.1906439065933228
14,mfeat-fourier,2000,medium,10,0,12,False,"(256, 128, 64)",0.001,0.3,0.0,0.5256121754646301,0.4676190614700317,0.0502376207212606,0.2423769235610962,0.4747254848480224,1.1742843389511108
14,mfeat-fourier,2000,medium,10,0,13,False,"(128, 64)",0.003,0.0,0.001,0.5374902486801147,0.4571607708930969,0.0638867965837319,0.2406733334064483,0.4559821188449859,1.0166029930114746
14,mfeat-fourier,2000,medium,10,0,14,False,"(512, 256, 128)",0.0005,0.05,0.0,0.5781219005584717,0.4999102056026459,0.0408007618784904,0.2479046583175659,0.5041382312774658,0.9613774418830872
14,mfeat-fourier,2000,medium,10,1,0,True,"(256, 128)",0.001,0.1,0.0001,0.4694691598415375,0.5132227540016174,0.0303229073931773,0.2610215246677398,0.518429696559906,0.903708279132843
14,mfeat-fourier,2000,medium,10,1,1,False,"(512, 256)",0.0001,0.1,0.001,0.4774491488933563,0.5063093900680542,0.0537949465339382,0.26108118891716,0.5157332420349121,0.8773171901702881
14,mfeat-fourier,2000,medium,10,1,2,False,"(256, 128, 64)",0.0001,0.05,0.0001,0.6204448938369751,0.5393624901771545,0.0458281457051634,0.267292320728302,0.6613480448722839,0.6323893070220947
14,mfeat-fourier,2000,medium,10,1,3,False,"(256, 128)",0.001,0.3,0.001,0.4694029986858368,0.4959037005901336,0.0565766146530707,0.25588059425354,0.508920431137085,0.8508995771408081
14,mfeat-fourier,2000,medium,10,1,4,False,"(256, 128)",0.0005,0.3,1e-05,0.4512794613838196,0.4959131479263305,0.0568160270154476,0.257415771484375,0.496082067489624,0.9762458205223083
14,mfeat-fourier,2000,medium,10,1,5,False,"(512, 256)",0.0005,0.05,0.001,0.4803796112537384,0.5252023935317993,0.0537160406261682,0.26553675532341,0.5258216261863708,0.9554799199104308
14,mfeat-fourier,2000,medium,10,1,6,False,"(512, 256)",0.0001,0.0,0.001,0.4857810139656067,0.5230077505111694,0.0440380688756704,0.2629489302635193,0.5285796523094177,0.9029381275177002
14,mfeat-fourier,2000,medium,10,1,7,False,"(128, 64)",0.0005,0.3,0.001,0.4625226557254791,0.4921987950801849,0.0670358881354332,0.2599386274814605,0.4965379238128662,0.9090284705162048
14,mfeat-fourier,2000,medium,10,1,8,False,"(64, 32)",0.0001,0.1,0.0001,1.246698975563049,0.9177431464195251,0.0544495541850725,0.4055429399013519,1.3034573793411257,0.3599486649036407
14,mfeat-fourier,2000,medium,10,1,9,False,"(128, 64)",0.003,0.2,0.001,0.4548408389091491,0.4996697306632995,0.0545886610696713,0.2691679298877716,0.500450074672699,1.02641761302948
14,mfeat-fourier,2000,medium,10,1,10,False,"(512, 256, 128)",0.0005,0.1,0.001,0.5482630729675293,0.5798203349113464,0.0550927137086788,0.2732130885124206,0.5870462656021118,1.0939778089523315
14,mfeat-fourier,2000,medium,10,1,11,False,"(512, 256)",0.003,0.0,0.0001,0.4833353161811828,0.5161145329475403,0.0436104480798045,0.2673674821853637,0.5167649388313293,1.0436718463897705
14,mfeat-fourier,2000,medium,10,1,12,False,"(256, 128, 64)",0.001,0.3,0.0,0.4298030436038971,0.4592718183994293,0.0544656130919854,0.2450418919324875,0.4598925113677978,0.9511090517044068
14,mfeat-fourier,2000,medium,10,1,13,False,"(128, 64)",0.003,0.0,0.001,0.468368649482727,0.5049141645431519,0.0646264392882585,0.2692511081695556,0.5139625072479248,0.8547548651695251
14,mfeat-fourier,2000,medium,10,1,14,False,"(512, 256, 128)",0.0005,0.05,0.0,0.5360204577445984,0.5654469132423401,0.0516911291331052,0.2732827663421631,0.5694077014923096,0.91343754529953
14,mfeat-fourier,2000,medium,10,2,0,True,"(256, 128)",0.001,0.1,0.0001,0.5836594104766846,0.5064261555671692,0.0483123032748699,0.2652131915092468,0.5327030420303345,0.8412728309631348
14,mfeat-fourier,2000,medium,10,2,1,False,"(512, 256)",0.0001,0.1,0.001,0.5628873705863953,0.4836858808994293,0.0370055382698774,0.2507171332836151,0.5038400888442993,0.8726038336753845
14,mfeat-fourier,2000,medium,10,2,2,False,"(256, 128, 64)",0.0001,0.05,0.0001,0.7160555124282837,0.5839104652404785,0.0531399589031935,0.2815867662429809,0.7018368244171143,0.6916053891181946
14,mfeat-fourier,2000,medium,10,2,3,False,"(256, 128)",0.001,0.3,0.001,0.5414164066314697,0.4670019447803497,0.0486828787624835,0.2489584386348724,0.4667653143405914,1.0037388801574707
14,mfeat-fourier,2000,medium,10,2,4,False,"(256, 128)",0.0005,0.3,1e-05,0.5387174487113953,0.4812293350696563,0.0483523089687029,0.2578008770942688,0.4842042028903961,0.9551068544387816
14,mfeat-fourier,2000,medium,10,2,5,False,"(512, 256)",0.0005,0.05,0.001,0.561978280544281,0.4841867387294769,0.0385016761471827,0.2518516778945923,0.49358069896698,0.9278153777122498
14,mfeat-fourier,2000,medium,10,2,6,False,"(512, 256)",0.0001,0.0,0.001,0.5668373107910156,0.5014481544494629,0.0432143668582042,0.255388468503952,0.5161446928977966,0.8932072520256042
14,mfeat-fourier,2000,medium,10,2,7,False,"(128, 64)",0.0005,0.3,0.001,0.5194430351257324,0.434290736913681,0.0649330032865206,0.2305294424295425,0.4462394714355469,0.9088629484176636
14,mfeat-fourier,2000,medium,10,2,8,False,"(64, 32)",0.0001,0.1,0.0001,1.2635146379470823,0.749400794506073,0.0538849548871318,0.3433831334114074,1.2373868227005005,0.3552751839160919
14,mfeat-fourier,2000,medium,10,2,9,False,"(128, 64)",0.003,0.2,0.001,0.5390270352363586,0.4313974678516388,0.0554690929502248,0.2280294746160507,0.4342041015625,0.976277232170105
14,mfeat-fourier,2000,medium,10,2,10,False,"(512, 256, 128)",0.0005,0.1,0.001,0.5798344612121582,0.4837631285190582,0.0411644345521926,0.2478361129760742,0.5118264555931091,0.8639153838157654
14,mfeat-fourier,2000,medium,10,2,11,False,"(512, 256)",0.003,0.0,0.0001,0.5979669690132141,0.4903114736080169,0.0532851175715526,0.2534136474132538,0.4847218692302704,1.0776679515838623
14,mfeat-fourier,2000,medium,10,2,12,False,"(256, 128, 64)",0.001,0.3,0.0,0.5434545278549194,0.4659199118614197,0.0566289305066069,0.2529752850532532,0.4727442562580108,0.9364968538284302
14,mfeat-fourier,2000,medium,10,2,13,False,"(128, 64)",0.003,0.0,0.001,0.5745948553085327,0.4564438760280609,0.0772544672340154,0.2391868829727172,0.4896144866943359,0.8398099541664124
14,mfeat-fourier,2000,medium,10,2,14,False,"(512, 256, 128)",0.0005,0.05,0.0,0.5914164185523987,0.500328540802002,0.0375648830085992,0.2521407604217529,0.5311370491981506,0.856086015701294
15,breast-w,699,small,2,0,0,True,"(256, 128)",0.001,0.1,0.0001,0.1042395308613777,0.099674254655838,0.0146715667985734,0.0468436814844608,0.1097791120409965,0.7565533518791199
15,breast-w,699,small,2,0,1,False,"(512, 256)",0.0001,0.1,0.001,0.1488682031631469,0.1152560338377952,0.0253034564710798,0.0524016134440898,0.146371379494667,0.6596025228500366
15,breast-w,699,small,2,0,2,False,"(256, 128, 64)",0.0001,0.05,0.0001,0.134015679359436,0.0984537228941917,0.0181234329938888,0.0466600619256496,0.1363260746002197,0.5977609157562256
15,breast-w,699,small,2,0,3,False,"(256, 128)",0.001,0.3,0.001,0.1085379645228385,0.1025106683373451,0.0149775844244729,0.0479757711291313,0.1131867095828056,0.7622730731964111
15,breast-w,699,small,2,0,4,False,"(256, 128)",0.0005,0.3,1e-05,0.1278986185789108,0.1086253598332405,0.0196889735403515,0.0503267347812652,0.132034569978714,0.6829091310501099
15,breast-w,699,small,2,0,5,False,"(512, 256)",0.0005,0.05,0.001,0.1170884519815445,0.1063019856810569,0.0178620082991463,0.048944141715765,0.1226995736360549,0.713256299495697
15,breast-w,699,small,2,0,6,False,"(512, 256)",0.0001,0.0,0.001,0.145960584282875,0.1137274876236915,0.0239593119848342,0.0515357591211795,0.1441795229911804,0.657714307308197
15,breast-w,699,small,2,0,7,False,"(128, 64)",0.0005,0.3,0.001,0.1066212654113769,0.0997099205851554,0.0201186407180059,0.0473885722458362,0.1137215197086334,0.7314718961715698
15,breast-w,699,small,2,0,8,False,"(64, 32)",0.0001,0.1,0.0001,0.2362156510353088,0.1422425061464309,0.0298411778041294,0.0618314184248447,0.2452030777931213,0.4171211421489715
15,breast-w,699,small,2,0,9,False,"(128, 64)",0.003,0.2,0.001,0.0997468382120132,0.1010922342538833,0.0182333696456182,0.0473681092262268,0.1059339046478271,0.8221789598464966
15,breast-w,699,small,2,0,10,False,"(512, 256, 128)",0.0005,0.1,0.001,0.0958165228366851,0.0878103151917457,0.0154884158145813,0.0468866527080535,0.1068605929613113,0.642332911491394
15,breast-w,699,small,2,0,11,False,"(512, 256)",0.003,0.0,0.0001,0.0732169449329376,0.0929018184542656,0.0248042106628417,0.0500691533088684,0.0956916362047195,1.0972895622253418
15,breast-w,699,small,2,0,12,False,"(256, 128, 64)",0.001,0.3,0.0,0.111139640212059,0.0963591411709785,0.0251566258214769,0.0466177947819232,0.1202201321721077,0.6364411115646362
15,breast-w,699,small,2,0,13,False,"(128, 64)",0.003,0.0,0.001,0.1120235696434974,0.1025593504309654,0.0148130096140362,0.0462676882743835,0.1154061704874038,0.7437117099761963
15,breast-w,699,small,2,0,14,False,"(512, 256, 128)",0.0005,0.05,0.0,0.0998927354812622,0.0889110937714576,0.0253210081940605,0.0478850826621055,0.1116219386458396,0.6223523616790771
15,breast-w,699,small,2,1,0,True,"(256, 128)",0.001,0.1,0.0001,0.1174003481864929,0.0806630700826644,0.0190526191677366,0.0388505943119525,0.0868367999792099,0.8656379580497742
15,breast-w,699,small,2,1,1,False,"(512, 256)",0.0001,0.1,0.001,0.131441444158554,0.1006520688533783,0.0214703251918156,0.042848989367485,0.1097726449370384,0.80368572473526
15,breast-w,699,small,2,1,2,False,"(256, 128, 64)",0.0001,0.05,0.0001,0.1485284268856048,0.0912045091390609,0.016937271612031,0.0406981520354747,0.1222218945622444,0.6708329319953918
15,breast-w,699,small,2,1,3,False,"(256, 128)",0.001,0.3,0.001,0.1154989004135131,0.0791978761553764,0.0273203696523394,0.0386750511825084,0.0818141177296638,0.9307816624641418
15,breast-w,699,small,2,1,4,False,"(256, 128)",0.0005,0.3,1e-05,0.1216632723808288,0.0833730325102806,0.0292320122321446,0.0398749820888042,0.0910547971725463,0.8554068207740784
15,breast-w,699,small,2,1,5,False,"(512, 256)",0.0005,0.05,0.001,0.1268997490406036,0.0996134653687477,0.0214044038738523,0.044179156422615,0.107404887676239,0.8030266761779785
15,breast-w,699,small,2,1,6,False,"(512, 256)",0.0001,0.0,0.001,0.1327256113290786,0.1046996489167213,0.024095155937331,0.0435630269348621,0.113420620560646,0.7968310117721558
15,breast-w,699,small,2,1,7,False,"(128, 64)",0.0005,0.3,0.001,0.1138849183917045,0.0780778974294662,0.0250005087682179,0.0399539954960346,0.0838387310504913,0.8533895611763
15,breast-w,699,small,2,1,8,False,"(64, 32)",0.0001,0.1,0.0001,0.2185685634613037,0.0908799022436142,0.0446256357999075,0.0477362237870693,0.2037779092788696,0.4613100886344909
15,breast-w,699,small,2,1,9,False,"(128, 64)",0.003,0.2,0.001,0.115334540605545,0.0654673427343368,0.0201976882559912,0.0310886148363351,0.0650811567902565,1.0094444751739502
15,breast-w,699,small,2,1,10,False,"(512, 256, 128)",0.0005,0.1,0.001,0.1454337686300277,0.1141397207975387,0.037713154724666,0.0644054040312767,0.1201581284403801,1.2792657613754272
15,breast-w,699,small,2,1,11,False,"(512, 256)",0.003,0.0,0.0001,0.1473856717348098,0.0796856954693794,0.0267453564064843,0.044351790100336,0.0820381417870521,1.5790081024169922
15,breast-w,699,small,2,1,12,False,"(256, 128, 64)",0.001,0.3,0.0,0.1203908547759056,0.0823147892951965,0.0209816313925243,0.039853811264038,0.0869459509849548,0.8842438459396362
15,breast-w,699,small,2,1,13,False,"(128, 64)",0.003,0.0,0.001,0.1136510819196701,0.0652896463871002,0.0207420268229075,0.0308644697070121,0.0658757612109184,0.9854560494422911
15,breast-w,699,small,2,1,14,False,"(512, 256, 128)",0.0005,0.05,0.0,0.1377928107976913,0.0916881933808326,0.027183816972233,0.0506395958364009,0.0897876620292663,1.2012989521026611
15,breast-w,699,small,2,2,0,True,"(256, 128)",0.001,0.1,0.0001,0.0623400136828422,0.0576115883886814,0.0220044858398891,0.0339157432317733,0.0693450346589088,0.7551054358482361
15,breast-w,699,small,2,2,1,False,"(512, 256)",0.0001,0.1,0.001,0.0765250101685524,0.0618584491312503,0.0248626315877551,0.0312690548598766,0.0843962877988815,0.686194658279419
15,breast-w,699,small,2,2,2,False,"(256, 128, 64)",0.0001,0.05,0.0001,0.0986244902014732,0.0569487363100051,0.0277654222079685,0.0329786613583564,0.1160693541169166,0.5110875964164734
15,breast-w,699,small,2,2,3,False,"(256, 128)",0.001,0.3,0.001,0.062929444015026,0.0595642551779747,0.0240516798836844,0.0347206816077232,0.070218838751316,0.7693580985069275
15,breast-w,699,small,2,2,4,False,"(256, 128)",0.0005,0.3,1e-05,0.0581113956868648,0.0569463521242141,0.0249484434014275,0.0337648205459117,0.0665155127644538,0.7804845571517944
15,breast-w,699,small,2,2,5,False,"(512, 256)",0.0005,0.05,0.001,0.0624348111450672,0.0539657548069953,0.022666763691675,0.0301457066088914,0.0676211565732956,0.7451336979866028
15,breast-w,699,small,2,2,6,False,"(512, 256)",0.0001,0.0,0.001,0.0746466517448425,0.0609532557427883,0.0246874268565859,0.0314035974442958,0.0843846201896667,0.6730406284332275
15,breast-w,699,small,2,2,7,False,"(128, 64)",0.0005,0.3,0.001,0.0683404430747032,0.0525582619011402,0.0233989061344237,0.0295074675232172,0.07601960003376,0.6655535101890564
15,breast-w,699,small,2,2,8,False,"(64, 32)",0.0001,0.1,0.0001,0.2333500683307647,0.0887866988778114,0.0200111593518938,0.039733238518238,0.239611268043518,0.3519348800182342
15,breast-w,699,small,2,2,9,False,"(128, 64)",0.003,0.2,0.001,0.0548071563243866,0.0522255003452301,0.019409662201291,0.0305062402039766,0.0601554736495018,0.7934622168540955
15,breast-w,699,small,2,2,10,False,"(512, 256, 128)",0.0005,0.1,0.001,0.0670583695173263,0.065434843301773,0.0285890082518259,0.0392751507461071,0.0898724719882011,0.6516385078430176
15,breast-w,699,small,2,2,11,False,"(512, 256)",0.003,0.0,0.0001,0.0577052645385265,0.0510516427457332,0.0259546680109841,0.0280580818653106,0.053587544709444,0.921666145324707
15,breast-w,699,small,2,2,12,False,"(256, 128, 64)",0.001,0.3,0.0,0.0602150931954383,0.0583781637251377,0.0267751287846338,0.0363236181437969,0.0723326578736305,0.7219201326370239
15,breast-w,699,small,2,2,13,False,"(128, 64)",0.003,0.0,0.001,0.0587462969124317,0.0521998964250087,0.017249405100232,0.0305185690522193,0.0633537694811821,0.7651795744895935
15,breast-w,699,small,2,2,14,False,"(512, 256, 128)",0.0005,0.05,0.0,0.072218470275402,0.1010306626558303,0.0411609070641653,0.0668639615178108,0.1106071025133133,0.6972944140434265
18,mfeat-morphological,2000,medium,10,0,0,True,"(256, 128)",0.001,0.1,0.0001,0.5667451620101929,0.5904819965362549,0.0461054816593726,0.313172310590744,0.5903434157371521,1.013095736503601
18,mfeat-morphological,2000,medium,10,0,1,False,"(512, 256)",0.0001,0.1,0.001,0.565589427947998,0.6006613373756409,0.038313944786787,0.3193004727363586,0.605459988117218,0.901322066783905
18,mfeat-morphological,2000,medium,10,0,2,False,"(256, 128, 64)",0.0001,0.05,0.0001,0.6456326246261597,0.6193972229957581,0.0390795515477657,0.3263222873210907,0.6850670576095581,0.7171857357025146
18,mfeat-morphological,2000,medium,10,0,3,False,"(256, 128)",0.001,0.3,0.001,0.5661017894744873,0.5899952054023743,0.0443356014043092,0.3142904043197632,0.5898727178573608,1.0250273942947388
18,mfeat-morphological,2000,medium,10,0,4,False,"(256, 128)",0.0005,0.3,1e-05,0.5637959837913513,0.601240873336792,0.0464734101295471,0.3226402997970581,0.6021872162818909,0.9489627480506896
18,mfeat-morphological,2000,medium,10,0,5,False,"(512, 256)",0.0005,0.05,0.001,0.5750759840011597,0.5921151638031006,0.0284916857381661,0.3122081458568573,0.5918118953704834,1.0289554595947266
18,mfeat-morphological,2000,medium,10,0,6,False,"(512, 256)",0.0001,0.0,0.001,0.5711807012557983,0.5933387279510498,0.0381271801143884,0.3141494393348694,0.5977022051811218,0.9261687397956848
18,mfeat-morphological,2000,medium,10,0,7,False,"(128, 64)",0.0005,0.3,0.001,0.5716583132743835,0.6183193325996399,0.0473978797346353,0.3336777091026306,0.6222251057624817,0.8726155161857605
18,mfeat-morphological,2000,medium,10,0,8,False,"(64, 32)",0.0001,0.1,0.0001,1.136203646659851,0.7996945381164551,0.0634545208513736,0.4094148874282837,1.172128200531006,0.4032664895057678
18,mfeat-morphological,2000,medium,10,0,9,False,"(128, 64)",0.003,0.2,0.001,0.5611408948898315,0.612509548664093,0.0400905451923608,0.3234808444976806,0.6131454110145569,1.022526741027832
18,mfeat-morphological,2000,medium,10,0,10,False,"(512, 256, 128)",0.0005,0.1,0.001,0.5652878284454346,0.5945138335227966,0.0471178638438383,0.3153983056545257,0.5945883393287659,0.9953990578651428
18,mfeat-morphological,2000,medium,10,0,11,False,"(512, 256)",0.003,0.0,0.0001,0.5757741332054138,0.6009628176689148,0.031197393660744,0.3181946575641632,0.6048030257225037,1.115837812423706
18,mfeat-morphological,2000,medium,10,0,12,False,"(256, 128, 64)",0.001,0.3,0.0,0.568555474281311,0.617260754108429,0.0359956124921639,0.3335891962051391,0.6198661923408508,0.9002613425254822
18,mfeat-morphological,2000,medium,10,0,13,False,"(128, 64)",0.003,0.0,0.001,0.5773377418518066,0.601919412612915,0.0537209975222746,0.3174099326133728,0.6017988324165344,1.03843092918396
18,mfeat-morphological,2000,medium,10,0,14,False,"(512, 256, 128)",0.0005,0.05,0.0,0.5789890885353088,0.5963945984840393,0.0533192359407742,0.3139233887195587,0.5963941812515259,1.000017166137695
18,mfeat-morphological,2000,medium,10,1,0,True,"(256, 128)",0.001,0.1,0.0001,0.6297202110290527,0.5907893180847168,0.0486562294016281,0.3099204897880554,0.5930932760238647,0.9549401998519896
18,mfeat-morphological,2000,medium,10,1,1,False,"(512, 256)",0.0001,0.1,0.001,0.636950671672821,0.5987757444381714,0.0417933772752682,0.3114038109779358,0.6044895648956299,0.9152057766914368
18,mfeat-morphological,2000,medium,10,1,2,False,"(256, 128, 64)",0.0001,0.05,0.0001,0.7039356827735901,0.6132888197898865,0.0657477537045876,0.3128365874290466,0.6755681037902832,0.7410658597946167
18,mfeat-morphological,2000,medium,10,1,3,False,"(256, 128)",0.001,0.3,0.001,0.6221609711647034,0.5933223962783813,0.0386685392012198,0.3124300837516784,0.593937337398529,0.9750303030014038
18,mfeat-morphological,2000,medium,10,1,4,False,"(256, 128)",0.0005,0.3,1e-05,0.6407301425933838,0.5958697199821472,0.0458839359631141,0.3107628226280212,0.5998932123184204,0.9340587258338928
18,mfeat-morphological,2000,medium,10,1,5,False,"(512, 256)",0.0005,0.05,0.001,0.6218117475509644,0.5908437967300415,0.0371912896136442,0.3115797340869903,0.5908433794975281,1.000028371810913
18,mfeat-morphological,2000,medium,10,1,6,False,"(512, 256)",0.0001,0.0,0.001,0.6297205090522766,0.5993045568466187,0.0439315322289864,0.3137329816818237,0.6020827293395996,0.941049873828888
18,mfeat-morphological,2000,medium,10,1,7,False,"(128, 64)",0.0005,0.3,0.001,0.6362783908843994,0.5984504222869873,0.033990680227677,0.3127385675907135,0.6031702756881714,0.9227020144462584
18,mfeat-morphological,2000,medium,10,1,8,False,"(64, 32)",0.0001,0.1,0.0001,1.2683780193328855,0.8520110845565796,0.0536026554306348,0.4028345346450805,1.244577407836914,0.4113862514495849
18,mfeat-morphological,2000,medium,10,1,9,False,"(128, 64)",0.003,0.2,0.001,0.6153072118759155,0.5879220962524414,0.0447607647130886,0.3088517487049103,0.5878835916519165,1.0051405429840088
18,mfeat-morphological,2000,medium,10,1,10,False,"(512, 256, 128)",0.0005,0.1,0.001,0.6217018365859985,0.5918749570846558,0.0549132497111956,0.3104997277259826,0.5918274521827698,1.0218591690063477
18,mfeat-morphological,2000,medium,10,1,11,False,"(512, 256)",0.003,0.0,0.0001,0.6207188367843628,0.5885375738143921,0.0408430388321479,0.308413952589035,0.5901095867156982,1.079662799835205
18,mfeat-morphological,2000,medium,10,1,12,False,"(256, 128, 64)",0.001,0.3,0.0,0.6062519550323486,0.5830874443054199,0.0440272892018159,0.303267627954483,0.5830866098403931,1.0001559257507324
18,mfeat-morphological,2000,medium,10,1,13,False,"(128, 64)",0.003,0.0,0.001,0.6277844905853271,0.5848667025566101,0.0433377004166444,0.3068247735500335,0.5867971181869507,1.1113417148590088
18,mfeat-morphological,2000,medium,10,1,14,False,"(512, 256, 128)",0.0005,0.05,0.0,0.621422290802002,0.5896814465522766,0.0554951724161704,0.3098070025444031,0.5896085500717163,1.0241146087646484
18,mfeat-morphological,2000,medium,10,2,0,True,"(256, 128)",0.001,0.1,0.0001,0.6879379749298096,0.5948489904403687,0.048558790658911,0.3115858435630798,0.5947319269180298,1.001822829246521
18,mfeat-morphological,2000,medium,10,2,1,False,"(512, 256)",0.0001,0.1,0.001,0.6937779188156128,0.5884606242179871,0.0551708498348792,0.3097502589225769,0.5865256786346436,1.0279030799865725
18,mfeat-morphological,2000,medium,10,2,2,False,"(256, 128, 64)",0.0001,0.05,0.0001,0.7599362134933472,0.609652042388916,0.0496545955290397,0.3119746148586273,0.666531503200531,0.799529492855072
18,mfeat-morphological,2000,medium,10,2,3,False,"(256, 128)",0.001,0.3,0.001,0.6866664290428162,0.5861514210700989,0.0328244656821092,0.3108700811862945,0.5841360688209534,1.1254512071609497
18,mfeat-morphological,2000,medium,10,2,4,False,"(256, 128)",0.0005,0.3,1e-05,0.6855839490890503,0.5833147168159485,0.0463812027623256,0.3081669509410858,0.5804370641708374,1.061568021774292
18,mfeat-morphological,2000,medium,10,2,5,False,"(512, 256)",0.0005,0.05,0.001,0.6932830214500427,0.5858085751533508,0.0616450383514165,0.3087224066257477,0.5829950571060181,1.0410420894622805
18,mfeat-morphological,2000,medium,10,2,6,False,"(512, 256)",0.0001,0.0,0.001,0.6963438987731934,0.5953922867774963,0.0537186715503533,0.3114494085311889,0.5953934192657471,0.999987006187439
18,mfeat-morphological,2000,medium,10,2,7,False,"(128, 64)",0.0005,0.3,0.001,0.6889736652374268,0.5808035731315613,0.0506708284964164,0.3050047159194946,0.5808361768722534,0.999657154083252
18,mfeat-morphological,2000,medium,10,2,8,False,"(64, 32)",0.0001,0.1,0.0001,1.2082279920578003,0.8583605885505676,0.0993293384462594,0.4177676439285278,1.1820571422576904,0.462430328130722
18,mfeat-morphological,2000,medium,10,2,9,False,"(128, 64)",0.003,0.2,0.001,0.6873038411140442,0.5850828289985657,0.0377535223960876,0.3104694485664367,0.5823725461959839,1.0374916791915894
18,mfeat-morphological,2000,medium,10,2,10,False,"(512, 256, 128)",0.0005,0.1,0.001,0.7128143906593323,0.5715763568878174,0.0589952308436234,0.3083862364292145,0.5664734840393066,1.1486464738845823
18,mfeat-morphological,2000,medium,10,2,11,False,"(512, 256)",0.003,0.0,0.0001,0.7111672163009644,0.5942968726158142,0.0340447482466697,0.3079570829868316,0.5927268266677856,1.1925737857818604
18,mfeat-morphological,2000,medium,10,2,12,False,"(256, 128, 64)",0.001,0.3,0.0,0.6838329434394836,0.5836460590362549,0.0417061762015024,0.311730295419693,0.5822097659111023,1.0213205814361572
18,mfeat-morphological,2000,medium,10,2,13,False,"(128, 64)",0.003,0.0,0.001,0.697772741317749,0.5985158085823059,0.0376902128756046,0.3097882568836212,0.5965398550033569,1.0297900438308716
18,mfeat-morphological,2000,medium,10,2,14,False,"(512, 256, 128)",0.0005,0.05,0.0,0.7010476589202881,0.5828927755355835,0.0372444658229748,0.3123985528945923,0.5794245600700378,1.0391427278518677
23,cmc,1473,medium,3,0,0,True,"(256, 128)",0.001,0.1,0.0001,0.9437050819396972,0.92207670211792,0.059468121212081,0.5404837727546692,0.9249741435050964,1.1385036706924438
23,cmc,1473,medium,3,0,1,False,"(512, 256)",0.0001,0.1,0.001,0.9289495944976808,0.9291769862174988,0.0606001170004828,0.5458667874336243,0.92772775888443,0.8904546499252319
23,cmc,1473,medium,3,0,2,False,"(256, 128, 64)",0.0001,0.05,0.0001,0.9464398622512816,0.9290417432785034,0.0701051823500186,0.5440633296966553,0.9309540390968324,1.1100785732269287
23,cmc,1473,medium,3,0,3,False,"(256, 128)",0.001,0.3,0.001,0.9326109886169434,0.922217607498169,0.0775633160677333,0.5410962104797363,0.9222621917724608,1.0022183656692505
23,cmc,1473,medium,3,0,4,False,"(256, 128)",0.0005,0.3,1e-05,0.9350765943527222,0.9264898896217346,0.0582386476508641,0.5442265868186951,0.9261167645454408,0.9009785056114196
23,cmc,1473,medium,3,0,5,False,"(512, 256)",0.0005,0.05,0.001,0.9499908685684204,0.9372904896736144,0.0905225913403397,0.5525144934654236,0.942641019821167,0.7428985834121704
23,cmc,1473,medium,3,0,6,False,"(512, 256)",0.0001,0.0,0.001,0.9280221462249756,0.935596525669098,0.075176761210975,0.5507437586784363,0.932655155658722,0.885817289352417
23,cmc,1473,medium,3,0,7,False,"(128, 64)",0.0005,0.3,0.001,0.9190898537635804,0.915332853794098,0.0741960289114612,0.5370227694511414,0.9146218299865724,0.9598312377929688
23,cmc,1473,medium,3,0,8,False,"(64, 32)",0.0001,0.1,0.0001,0.9590769410133362,0.9361252784729004,0.0763236735836934,0.5527251958847046,0.9505276083946228,0.6453282833099365
23,cmc,1473,medium,3,0,9,False,"(128, 64)",0.003,0.2,0.001,0.9219508171081544,0.927754044532776,0.0798660360487167,0.5467973351478577,0.930105209350586,1.0509644746780396
23,cmc,1473,medium,3,0,10,False,"(512, 256, 128)",0.0005,0.1,0.001,0.956796646118164,0.9216400384902954,0.0442233100112548,0.5433183908462524,0.9353238344192504,1.2875757217407229
23,cmc,1473,medium,3,0,11,False,"(512, 256)",0.003,0.0,0.0001,0.9532549381256104,0.9475107789039612,0.0583324648902914,0.5599945783615112,0.9481122493743896,0.9227721691131592
23,cmc,1473,medium,3,0,12,False,"(256, 128, 64)",0.001,0.3,0.0,0.9351897835731506,0.917316198348999,0.0788723554988365,0.539844810962677,0.921830117702484,1.1274243593215942
23,cmc,1473,medium,3,0,13,False,"(128, 64)",0.003,0.0,0.001,0.9352083802223206,0.9270318746566772,0.0814821031134007,0.5487827658653259,0.9292604327201844,0.8107830882072449
23,cmc,1473,medium,3,0,14,False,"(512, 256, 128)",0.0005,0.05,0.0,0.9423933625221252,0.929624617099762,0.0748778789393646,0.5475826859474182,0.9309482574462892,0.8777557611465454
23,cmc,1473,medium,3,1,0,True,"(256, 128)",0.001,0.1,0.0001,0.9905365705490112,0.8757424354553223,0.0733473096526948,0.5172672271728516,0.8710842132568359,1.4006496667861938
23,cmc,1473,medium,3,1,1,False,"(512, 256)",0.0001,0.1,0.001,0.970145344734192,0.8921690583229065,0.068059430351365,0.5300660133361816,0.8877542018890381,1.2146567106246948
23,cmc,1473,medium,3,1,2,False,"(256, 128, 64)",0.0001,0.05,0.0001,0.991738736629486,0.8875538110733032,0.0627147753359907,0.5247620940208435,0.8781509399414062,1.287795066833496
23,cmc,1473,medium,3,1,3,False,"(256, 128)",0.001,0.3,0.001,0.9923915863037108,0.8835936188697815,0.0885864790886808,0.5239020586013794,0.876328706741333,1.3727933168411257
23,cmc,1473,medium,3,1,4,False,"(256, 128)",0.0005,0.3,1e-05,0.9798839688301086,0.8801108002662659,0.0688704177484673,0.5213977098464966,0.8722437024116516,1.2950196266174316
23,cmc,1473,medium,3,1,5,False,"(512, 256)",0.0005,0.05,0.001,0.982085645198822,0.8921518921852112,0.0869335398498901,0.5297718644142151,0.8842523097991943,1.2045836448669434
23,cmc,1473,medium,3,1,6,False,"(512, 256)",0.0001,0.0,0.001,0.9686188101768494,0.888704240322113,0.0695562742524227,0.526872456073761,0.8840814232826233,1.2258789539337158
23,cmc,1473,medium,3,1,7,False,"(128, 64)",0.0005,0.3,0.001,0.983605980873108,0.8802390694618225,0.0664217493628377,0.5239552855491638,0.8696816563606262,1.2301735877990725
23,cmc,1473,medium,3,1,8,False,"(64, 32)",0.0001,0.1,0.0001,1.005170822143555,0.9203894734382628,0.0635560442162098,0.5525146722793579,0.9164344668388368,1.0639054775238037
23,cmc,1473,medium,3,1,9,False,"(128, 64)",0.003,0.2,0.001,0.9755741357803344,0.886258065700531,0.0359426145499708,0.5285462141036987,0.8842183947563171,1.3047773838043213
23,cmc,1473,medium,3,1,10,False,"(512, 256, 128)",0.0005,0.1,0.001,0.9806307554244996,0.8799312114715576,0.0734701945620068,0.520696222782135,0.8715435266494751,1.2770463228225708
23,cmc,1473,medium,3,1,11,False,"(512, 256)",0.003,0.0,0.0001,1.0216482877731323,0.918501317501068,0.0594032411858186,0.5472820997238159,0.9118480682373048,1.4282360076904297
23,cmc,1473,medium,3,1,12,False,"(256, 128, 64)",0.001,0.3,0.0,1.002568602561951,0.8846802711486816,0.0645274440447489,0.5249184966087341,0.8729117512702942,1.3893942832946775
23,cmc,1473,medium,3,1,13,False,"(128, 64)",0.003,0.0,0.001,1.018691897392273,0.8777993321418762,0.0743332131097545,0.5190823674201965,0.8766105771064758,1.5495691299438477
23,cmc,1473,medium,3,1,14,False,"(512, 256, 128)",0.0005,0.05,0.0,0.972277820110321,0.8837060928344727,0.065235467684471,0.5227012634277344,0.8783468008041382,1.2408394813537598
23,cmc,1473,medium,3,2,0,True,"(256, 128)",0.001,0.1,0.0001,1.0020458698272705,0.9318948984146118,0.0611166077818574,0.5583068132400513,0.9239479303359984,1.238301396369934
23,cmc,1473,medium,3,2,1,False,"(512, 256)",0.0001,0.1,0.001,1.0096465349197388,0.9253132343292236,0.052706295992695,0.5534563660621643,0.9166173934936525,1.3533178567886353
23,cmc,1473,medium,3,2,2,False,"(256, 128, 64)",0.0001,0.05,0.0001,1.0406996011734009,0.9302988648414612,0.0576174528585315,0.554957926273346,0.92133766412735,1.5105433464050293
23,cmc,1473,medium,3,2,3,False,"(256, 128)",0.001,0.3,0.001,1.030419945716858,0.9231263399124146,0.0726951750321577,0.5529117584228516,0.9185400009155272,1.5103815793991089
23,cmc,1473,medium,3,2,4,False,"(256, 128)",0.0005,0.3,1e-05,1.0218329429626465,0.9233182072639464,0.0577425020899476,0.5526689887046814,0.914824903011322,1.4457874298095703
23,cmc,1473,medium,3,2,5,False,"(512, 256)",0.0005,0.05,0.001,1.0538384914398191,0.9194772243499756,0.083213447985676,0.5491650700569153,0.9199618101119996,1.6288806200027466
23,cmc,1473,medium,3,2,6,False,"(512, 256)",0.0001,0.0,0.001,1.0153913497924805,0.9249834418296814,0.0758388092625612,0.5531930923461914,0.9172021150588988,1.3966608047485352
23,cmc,1473,medium,3,2,7,False,"(128, 64)",0.0005,0.3,0.001,1.0188196897506714,0.9254278540611268,0.0449192805142052,0.5547168850898743,0.917051374912262,1.424475073814392
23,cmc,1473,medium,3,2,8,False,"(64, 32)",0.0001,0.1,0.0001,1.0337069034576416,1.000515341758728,0.0493987159540424,0.6038913130760193,0.9970484972000122,1.197125792503357
23,cmc,1473,medium,3,2,9,False,"(128, 64)",0.003,0.2,0.001,1.053977370262146,0.9192593693733216,0.0934082256198603,0.5491964817047119,0.921442985534668,1.6711753606796265
23,cmc,1473,medium,3,2,10,False,"(512, 256, 128)",0.0005,0.1,0.001,1.0203406810760498,0.9302363991737366,0.0584323261417238,0.5551438927650452,0.9177699089050292,1.3515156507492063
23,cmc,1473,medium,3,2,11,False,"(512, 256)",0.003,0.0,0.0001,1.1252046823501587,0.91069358587265,0.0755122272645012,0.5431453585624695,0.9405267238616944,1.9348164796829224
23,cmc,1473,medium,3,2,12,False,"(256, 128, 64)",0.001,0.3,0.0,1.0238739252090454,0.9196822643280028,0.0494968074863239,0.5493738055229187,0.9193649291992188,1.5223678350448608
23,cmc,1473,medium,3,2,13,False,"(128, 64)",0.003,0.0,0.001,1.0439261198043823,0.9243226051330566,0.0895738214422754,0.5544849038124084,0.9208015203475952,1.587019920349121
23,cmc,1473,medium,3,2,14,False,"(512, 256, 128)",0.0005,0.05,0.0,1.0163331031799316,0.9382106065750122,0.0684190709375392,0.5603320002555847,0.927038550376892,1.2275669574737549
29,credit-approval,690,small,2,0,0,True,"(256, 128)",0.001,0.1,0.0001,0.3401760458946228,0.3175021409988403,0.0589178335551478,0.1866189092397689,0.3426664471626282,0.7633000612258911
29,credit-approval,690,small,2,0,1,False,"(512, 256)",0.0001,0.1,0.001,0.307172954082489,0.2904121577739715,0.0546616736241584,0.1718761622905731,0.299814760684967,0.885429859161377
29,credit-approval,690,small,2,0,2,False,"(256, 128, 64)",0.0001,0.05,0.0001,0.3431712090969085,0.3140589892864227,0.0523287465318965,0.1865494698286056,0.3238061070442199,0.8871095180511475
29,credit-approval,690,small,2,0,3,False,"(256, 128)",0.001,0.3,0.001,0.3184359669685364,0.3163322806358337,0.0772483822516197,0.1860467791557312,0.313451200723648,1.072629451751709
29,credit-approval,690,small,2,0,4,False,"(256, 128)",0.0005,0.3,1e-05,0.3201287388801574,0.3118045032024383,0.0734439595885898,0.1840521097183227,0.3109124302864074,1.0173008441925049
29,credit-approval,690,small,2,0,5,False,"(512, 256)",0.0005,0.05,0.001,0.3198981583118438,0.3206799328327179,0.0567494456606786,0.1924367547035217,0.3298398852348327,0.8871882557868958
29,credit-approval,690,small,2,0,6,False,"(512, 256)",0.0001,0.0,0.001,0.3093328177928924,0.2904753684997558,0.0553636663201926,0.1726801246404647,0.3043062388896942,0.8475767374038696
29,credit-approval,690,small,2,0,7,False,"(128, 64)",0.0005,0.3,0.001,0.3179498612880707,0.302683562040329,0.0582898714116229,0.1769448667764663,0.3074860572814941,0.9281625747680664
29,credit-approval,690,small,2,0,8,False,"(64, 32)",0.0001,0.1,0.0001,0.3749248683452606,0.3256161510944366,0.0743402268575585,0.1829676330089569,0.3819677829742431,0.5244117975234985
29,credit-approval,690,small,2,0,9,False,"(128, 64)",0.003,0.2,0.001,0.3202012181282043,0.3053923845291137,0.0858326400247749,0.1754060238599777,0.3172508776187897,0.8599700927734375
29,credit-approval,690,small,2,0,10,False,"(512, 256, 128)",0.0005,0.1,0.001,0.3275918960571289,0.3063337802886963,0.0737391092639038,0.184668943285942,0.3295677602291107,0.7957554459571838
29,credit-approval,690,small,2,0,11,False,"(512, 256)",0.003,0.0,0.0001,0.3101686239242553,0.2937818467617035,0.0738901377876023,0.1678740531206131,0.2876246571540832,1.1679096221923828
29,credit-approval,690,small,2,0,12,False,"(256, 128, 64)",0.001,0.3,0.0,0.325923353433609,0.300390213727951,0.0625359991898283,0.1763718575239181,0.2937193512916565,1.107813000679016
29,credit-approval,690,small,2,0,13,False,"(128, 64)",0.003,0.0,0.001,0.3317221999168396,0.3239215314388275,0.0687248794640895,0.1905170530080795,0.3408932983875274,0.8132465481758118
29,credit-approval,690,small,2,0,14,False,"(512, 256, 128)",0.0005,0.05,0.0,0.3402142524719238,0.3139347732067108,0.0679704302175033,0.1888479441404342,0.347528338432312,0.7360899448394775
29,credit-approval,690,small,2,1,0,True,"(256, 128)",0.001,0.1,0.0001,0.3689308762550354,0.3286754190921783,0.0488027599122789,0.1948989927768707,0.3258269131183624,1.098065972328186
29,credit-approval,690,small,2,1,1,False,"(512, 256)",0.0001,0.1,0.001,0.3700602352619171,0.3458732366561889,0.0553749412442175,0.1999837905168533,0.3450376689434051,1.0603832006454468
29,credit-approval,690,small,2,1,2,False,"(256, 128, 64)",0.0001,0.05,0.0001,0.3809203207492828,0.3641901612281799,0.0537374954004794,0.215506836771965,0.3654578030109405,0.9623925685882568
29,credit-approval,690,small,2,1,3,False,"(256, 128)",0.001,0.3,0.001,0.3657176792621612,0.3283710777759552,0.0464277722409382,0.1932234317064285,0.3265672028064728,1.1315059661865234
29,credit-approval,690,small,2,1,4,False,"(256, 128)",0.0005,0.3,1e-05,0.3870828747749328,0.3437132537364959,0.0533171345070364,0.2069906741380691,0.35172900557518,1.3469468355178833
29,credit-approval,690,small,2,1,5,False,"(512, 256)",0.0005,0.05,0.001,0.3766695261001587,0.3543847203254699,0.0689584291787539,0.2091855108737945,0.3527958691120147,1.0617311000823977
29,credit-approval,690,small,2,1,6,False,"(512, 256)",0.0001,0.0,0.001,0.3679305911064148,0.3479681015014648,0.0508314585628141,0.2003221362829208,0.3501910269260406,0.936107575893402
29,credit-approval,690,small,2,1,7,False,"(128, 64)",0.0005,0.3,0.001,0.3613297343254089,0.3330390453338623,0.0456452952778857,0.1938583552837371,0.3318808674812317,1.1115165948867798
29,credit-approval,690,small,2,1,8,False,"(64, 32)",0.0001,0.1,0.0001,0.4546713531017303,0.3649018108844757,0.074988608918904,0.2123672664165496,0.442426860332489,0.4631824791431427
29,credit-approval,690,small,2,1,9,False,"(128, 64)",0.003,0.2,0.001,0.3665275871753692,0.3300873637199402,0.0735204372429041,0.1941494643688202,0.3270517289638519,1.114004135131836
29,credit-approval,690,small,2,1,10,False,"(512, 256, 128)",0.0005,0.1,0.001,0.3762523829936981,0.3540356457233429,0.0545762929939417,0.2111514210700988,0.3599632382392883,0.8868951797485352
29,credit-approval,690,small,2,1,11,False,"(512, 256)",0.003,0.0,0.0001,0.3883392214775085,0.3697379231452942,0.0771712820599044,0.226858451962471,0.3688652217388153,1.176140308380127
29,credit-approval,690,small,2,1,12,False,"(256, 128, 64)",0.001,0.3,0.0,0.3629500269889831,0.3355375230312347,0.0594129114623231,0.1988896131515503,0.3353554010391235,1.1203991174697876
29,credit-approval,690,small,2,1,13,False,"(128, 64)",0.003,0.0,0.001,0.3685819506645202,0.3347542285919189,0.0585882738592544,0.1974825263023376,0.3369811773300171,0.9607048630714417
29,credit-approval,690,small,2,1,14,False,"(512, 256, 128)",0.0005,0.05,0.0,0.3845186531543731,0.3557440042495727,0.0533349214544618,0.2121496647596359,0.3747119009494781,0.763586699962616
29,credit-approval,690,small,2,2,0,True,"(256, 128)",0.001,0.1,0.0001,0.2251881659030914,0.4850352704524994,0.0970186641538776,0.2656075954437256,0.4082387387752533,0.6088609099388123
29,credit-approval,690,small,2,2,1,False,"(512, 256)",0.0001,0.1,0.001,0.2179466634988784,0.4502354562282562,0.0981581524950294,0.2557700276374817,0.397532045841217,0.6712852120399475
29,credit-approval,690,small,2,2,2,False,"(256, 128, 64)",0.0001,0.05,0.0001,0.2434376180171966,0.4432411193847656,0.0881292199455021,0.2596182227134704,0.3919603526592254,0.582295298576355
29,credit-approval,690,small,2,2,3,False,"(256, 128)",0.001,0.3,0.001,0.2030615806579589,0.4781725108623504,0.1046788706871622,0.2705758810043335,0.4153252243995666,0.7155116200447083
29,credit-approval,690,small,2,2,4,False,"(256, 128)",0.0005,0.3,1e-05,0.2220278680324554,0.4440475404262543,0.0982415622847091,0.2600595355033874,0.392784833908081,0.6847659945487976
29,credit-approval,690,small,2,2,5,False,"(512, 256)",0.0005,0.05,0.001,0.2122228890657425,0.4979686439037323,0.101297581685338,0.269558846950531,0.4166049659252167,0.6193664073944092
29,credit-approval,690,small,2,2,6,False,"(512, 256)",0.0001,0.0,0.001,0.2227025628089904,0.4503659904003143,0.0928033382996268,0.2561985552310943,0.3978999257087707,0.6554276943206787
29,credit-approval,690,small,2,2,7,False,"(128, 64)",0.0005,0.3,0.001,0.2370409965515136,0.4378779232501983,0.0874861940957497,0.2604919672012329,0.4016351401805877,0.7349411249160767
29,credit-approval,690,small,2,2,8,False,"(64, 32)",0.0001,0.1,0.0001,0.3796823024749756,0.3776796758174896,0.0670140968716663,0.2427967488765716,0.4300439953804016,0.3960923850536346
29,credit-approval,690,small,2,2,9,False,"(128, 64)",0.003,0.2,0.001,0.2283758670091629,0.4634190201759338,0.0885076265116244,0.2690254151821136,0.4146635830402374,0.7149640321731567
29,credit-approval,690,small,2,2,10,False,"(512, 256, 128)",0.0005,0.1,0.001,0.226676657795906,0.5305638909339905,0.1060230651339471,0.2856675982475281,0.43194180727005,0.569027304649353
29,credit-approval,690,small,2,2,11,False,"(512, 256)",0.003,0.0,0.0001,0.2307532280683517,0.4950174391269684,0.1073956930119058,0.2827039062976837,0.4175252914428711,0.5854080319404602
29,credit-approval,690,small,2,2,12,False,"(256, 128, 64)",0.001,0.3,0.0,0.2238728404045105,0.4298650622367859,0.1001001566216565,0.256022959947586,0.387823224067688,0.6919261813163757
29,credit-approval,690,small,2,2,13,False,"(128, 64)",0.003,0.0,0.001,0.2319833487272262,0.5028424263000488,0.1129490403449477,0.2843388617038727,0.4412618577480316,0.7044388651847839
29,credit-approval,690,small,2,2,14,False,"(512, 256, 128)",0.0005,0.05,0.0,0.2247131168842315,0.5189670324325562,0.0968779728608431,0.2782087326049804,0.4276956915855407,0.5744143724441528
32,pendigits,10992,large,10,0,0,True,"(256, 128)",0.001,0.1,0.0001,0.0262476783245801,0.0312618538737297,0.0024178484786509,0.0100219529122114,0.0316511541604995,1.0493725538253784
32,pendigits,10992,large,10,0,1,False,"(512, 256)",0.0001,0.1,0.001,0.025068188086152,0.0309075508266687,0.003618808900007,0.010849836282432,0.0308031234890222,0.9612169861793518
32,pendigits,10992,large,10,0,2,False,"(256, 128, 64)",0.0001,0.05,0.0001,0.0268955659121274,0.0298958290368318,0.0029269452345846,0.010665857233107,0.0334665216505527,0.815495491027832
32,pendigits,10992,large,10,0,3,False,"(256, 128)",0.001,0.3,0.001,0.0319962687790393,0.0299725923687219,0.0017126923946786,0.0103420568630099,0.0333961583673954,1.3028441667556765
32,pendigits,10992,large,10,0,4,False,"(256, 128)",0.0005,0.3,1e-05,0.0302308611571788,0.0324619151651859,0.003463865997973,0.0114528201520442,0.0334732793271541,1.1172733306884766
32,pendigits,10992,large,10,0,5,False,"(512, 256)",0.0005,0.05,0.001,0.0238247364759445,0.0320188030600547,0.0030494080143515,0.011505389586091,0.032068658620119,1.0054543018341064
32,pendigits,10992,large,10,0,6,False,"(512, 256)",0.0001,0.0,0.001,0.0236697252839803,0.0310521982610225,0.0038592677161931,0.0112013053148984,0.031570803374052,0.8594471216201782
32,pendigits,10992,large,10,0,7,False,"(128, 64)",0.0005,0.3,0.001,0.0352708138525486,0.0393763184547424,0.0020460258907886,0.0139980465173721,0.0398060865700244,1.059562921524048
32,pendigits,10992,large,10,0,8,False,"(64, 32)",0.0001,0.1,0.0001,0.1544256955385208,0.0855994746088981,0.0140521258129321,0.0345716774463653,0.1579581648111343,0.6129330992698669
32,pendigits,10992,large,10,0,9,False,"(128, 64)",0.003,0.2,0.001,0.0349186658859252,0.0377376191318035,0.0033220923613721,0.0125650018453598,0.0392416641116142,1.1395689249038696
32,pendigits,10992,large,10,0,10,False,"(512, 256, 128)",0.0005,0.1,0.001,0.0202433411031961,0.0234198421239852,0.0026042241119192,0.0080687403678894,0.0255697071552276,1.20489501953125
32,pendigits,10992,large,10,0,11,False,"(512, 256)",0.003,0.0,0.0001,0.0339133478701114,0.028719026595354,0.0024823537464844,0.0100859934464097,0.0319883115589618,1.3455684185028076
32,pendigits,10992,large,10,0,12,False,"(256, 128, 64)",0.001,0.3,0.0,0.0277541261166334,0.031740091741085,0.002652258923221,0.0116208624094724,0.0324372351169586,1.0854365825653076
32,pendigits,10992,large,10,0,13,False,"(128, 64)",0.003,0.0,0.001,0.0320625193417072,0.0311785191297531,0.0039899021192845,0.0089214369654655,0.0333280190825462,1.196235179901123
32,pendigits,10992,large,10,0,14,False,"(512, 256, 128)",0.0005,0.05,0.0,0.0211884006857872,0.025153687223792,0.0028379037016284,0.0091454358771443,0.0255881324410438,1.0710710287094116
32,pendigits,10992,large,10,1,0,True,"(256, 128)",0.001,0.1,0.0001,0.0151154566556215,0.0214897245168685,0.0035329311882815,0.0085418811067938,0.0212662145495414,0.8793361783027649
32,pendigits,10992,large,10,1,1,False,"(512, 256)",0.0001,0.1,0.001,0.0169981326907873,0.0189247503876686,0.001853904182737,0.0075927656143903,0.019941484555602,0.8106479644775391
32,pendigits,10992,large,10,1,2,False,"(256, 128, 64)",0.0001,0.05,0.0001,0.0231169816106557,0.0158785432577133,0.0021378835738021,0.0070417337119579,0.0225960910320281,0.7746797800064087
32,pendigits,10992,large,10,1,3,False,"(256, 128)",0.001,0.3,0.001,0.0194572899490594,0.0225024782121181,0.001606928424906,0.0089363763108849,0.022507494315505,1.001325607299805
32,pendigits,10992,large,10,1,4,False,"(256, 128)",0.0005,0.3,1e-05,0.01836659014225,0.0226608421653509,0.0038525726517999,0.0095167672261595,0.0226617790758609,0.9250137209892272
32,pendigits,10992,large,10,1,5,False,"(512, 256)",0.0005,0.05,0.001,0.0166810899972915,0.0200311616063117,0.0039454849313493,0.0085933385416865,0.0200354252010583,0.9943418502807616
32,pendigits,10992,large,10,1,6,False,"(512, 256)",0.0001,0.0,0.001,0.0154693452641367,0.016650054603815,0.0033843009801132,0.0070666507817804,0.0183421038091182,0.7755052447319031
32,pendigits,10992,large,10,1,7,False,"(128, 64)",0.0005,0.3,0.001,0.0234792884439229,0.0270928665995597,0.0023804720430748,0.0108798220753669,0.0269364044070243,0.9099658131599426
32,pendigits,10992,large,10,1,8,False,"(64, 32)",0.0001,0.1,0.0001,0.1526931524276733,0.0844623744487762,0.013009696218558,0.037867996841669,0.1593941003084182,0.6208778619766235
32,pendigits,10992,large,10,1,9,False,"(128, 64)",0.003,0.2,0.001,0.0219300631433725,0.0298477318137884,0.0030576912574701,0.011398421600461,0.0299195703119039,1.0060945749282837
32,pendigits,10992,large,10,1,10,False,"(512, 256, 128)",0.0005,0.1,0.001,0.0134420739486813,0.0148499486967921,0.0027576959167481,0.0067926202900707,0.0152041465044021,0.9031055569648744
32,pendigits,10992,large,10,1,11,False,"(512, 256)",0.003,0.0,0.0001,0.0160349495708942,0.026518827304244,0.0024271799846907,0.0098544042557477,0.0265323184430599,1.0013853311538696
32,pendigits,10992,large,10,1,12,False,"(256, 128, 64)",0.001,0.3,0.0,0.0205892324447631,0.0213803797960281,0.0024422507891785,0.009357126429677,0.0224295761436224,1.1618156433105469
32,pendigits,10992,large,10,1,13,False,"(128, 64)",0.003,0.0,0.001,0.0177611485123634,0.0245181191712617,0.0032253293525238,0.0107425292953848,0.02471574395895,0.84897381067276
32,pendigits,10992,large,10,1,14,False,"(512, 256, 128)",0.0005,0.05,0.0,0.0139566930010914,0.0168064646422863,0.0022025657130205,0.0073851253837347,0.0171041674911975,0.9039852023124696
32,pendigits,10992,large,10,2,0,True,"(256, 128)",0.001,0.1,0.0001,0.015335664153099,0.0340696349740028,0.0046059827931418,0.0105280335992574,0.0342342406511306,1.0074894428253174
32,pendigits,10992,large,10,2,1,False,"(512, 256)",0.0001,0.1,0.001,0.0179629139602184,0.0338490530848503,0.0038599986568877,0.0121672889217734,0.0326250940561294,0.885971188545227
32,pendigits,10992,large,10,2,2,False,"(256, 128, 64)",0.0001,0.05,0.0001,0.0219372063875198,0.0295320637524127,0.0039169737944661,0.0102704400196671,0.0326576866209507,0.7877053618431091
32,pendigits,10992,large,10,2,3,False,"(256, 128)",0.001,0.3,0.001,0.0175169967114925,0.0322277285158634,0.0035481920780079,0.0103652495890855,0.0345762148499488,1.1293516159057615
32,pendigits,10992,large,10,2,4,False,"(256, 128)",0.0005,0.3,1e-05,0.0168641861528158,0.0345323048532009,0.0041983249296974,0.0117454472929239,0.034475352615118,0.996677577495575
32,pendigits,10992,large,10,2,5,False,"(512, 256)",0.0005,0.05,0.001,0.0157820004969835,0.0405789017677307,0.0060186674238172,0.0145895779132843,0.0406369157135486,1.0021981000900269
32,pendigits,10992,large,10,2,6,False,"(512, 256)",0.0001,0.0,0.001,0.016303377225995,0.032564491033554,0.0046687421698235,0.0125304963439702,0.0312641933560371,0.8754422664642334
32,pendigits,10992,large,10,2,7,False,"(128, 64)",0.0005,0.3,0.001,0.0209068283438682,0.0388877168297767,0.0039807165845409,0.0130660394206643,0.0377370342612266,0.9328371286392212
32,pendigits,10992,large,10,2,8,False,"(64, 32)",0.0001,0.1,0.0001,0.1392984688282013,0.0856461301445961,0.0095454328562863,0.0366105921566486,0.1471529304981231,0.6098998785018921
32,pendigits,10992,large,10,2,9,False,"(128, 64)",0.003,0.2,0.001,0.0157896019518375,0.0421678610146045,0.0044968267661324,0.0118025504052639,0.0424560159444808,1.0092203617095947
32,pendigits,10992,large,10,2,10,False,"(512, 256, 128)",0.0005,0.1,0.001,0.0137637397274374,0.0271535012871027,0.0035134964735919,0.0093944435939192,0.0261895284056663,0.8927217125892639
32,pendigits,10992,large,10,2,11,False,"(512, 256)",0.003,0.0,0.0001,0.0166804306209087,0.039224587380886,0.0055664329975504,0.0126660438254475,0.0395068451762199,1.010296106338501
32,pendigits,10992,large,10,2,12,False,"(256, 128, 64)",0.001,0.3,0.0,0.0173110049217939,0.0303732547909021,0.0039351592239908,0.0105759389698505,0.0340557917952537,1.1977072954177856
32,pendigits,10992,large,10,2,13,False,"(128, 64)",0.003,0.0,0.001,0.0198171958327293,0.0342994295060634,0.0038524889324368,0.0122419949620962,0.0367171987891197,1.1273666620254517
32,pendigits,10992,large,10,2,14,False,"(512, 256, 128)",0.0005,0.05,0.0,0.0132767483592033,0.0276872385293245,0.0039105352369496,0.0102842487394809,0.0266679152846336,0.9062769412994384
45,splice,3190,medium,3,0,0,True,"(256, 128)",0.001,0.1,0.0001,0.3749869167804718,0.3583158254623413,0.0259219283158253,0.2117112278938293,0.358251690864563,1.06114661693573
45,splice,3190,medium,3,0,1,False,"(512, 256)",0.0001,0.1,0.001,0.3874344229698181,0.3692442774772644,0.0201680540820523,0.2137903124094009,0.369175523519516,1.0601999759674072
45,splice,3190,medium,3,0,2,False,"(256, 128, 64)",0.0001,0.05,0.0001,0.4056629836559295,0.4220553338527679,0.0310444939130276,0.2437310367822647,0.423203706741333,1.0445222854614258
45,splice,3190,medium,3,0,3,False,"(256, 128)",0.001,0.3,0.001,0.3786934912204742,0.3394155502319336,0.0298599291246388,0.1971216946840286,0.3434188067913055,1.2122771739959717
45,splice,3190,medium,3,0,4,False,"(256, 128)",0.0005,0.3,1e-05,0.3706755638122558,0.3479025363922119,0.0229077397562493,0.2017147541046142,0.3496820330619812,1.1334145069122314
45,splice,3190,medium,3,0,5,False,"(512, 256)",0.0005,0.05,0.001,0.3997754752635956,0.369214802980423,0.0256505813624791,0.2148196846246719,0.3692536950111389,1.1144455671310425
45,splice,3190,medium,3,0,6,False,"(512, 256)",0.0001,0.0,0.001,0.4011250138282776,0.3784776031970978,0.0241124983117871,0.2198548018932342,0.3783756494522095,1.0049670934677124
45,splice,3190,medium,3,0,7,False,"(128, 64)",0.0005,0.3,0.001,0.3543429374694824,0.3455835580825805,0.0304992077336914,0.1968591213226318,0.3565413951873779,1.206310749053955
45,splice,3190,medium,3,0,8,False,"(64, 32)",0.0001,0.1,0.0001,0.597404956817627,0.5518636107444763,0.0450568248049717,0.320793092250824,0.6023876070976257,0.5946918725967407
45,splice,3190,medium,3,0,9,False,"(128, 64)",0.003,0.2,0.001,0.38580983877182,0.3373724818229675,0.0279021685088565,0.1960582584142685,0.3506520390510559,1.3290899991989136
45,splice,3190,medium,3,0,10,False,"(512, 256, 128)",0.0005,0.1,0.001,0.4077323377132416,0.3971863389015198,0.0254172677468107,0.2275395393371582,0.401445209980011,0.8909966945648193
45,splice,3190,medium,3,0,11,False,"(512, 256)",0.003,0.0,0.0001,0.409435510635376,0.3734769523143768,0.0207091006241123,0.2189701348543167,0.3834360539913177,1.3157097101211548
45,splice,3190,medium,3,0,12,False,"(256, 128, 64)",0.001,0.3,0.0,0.3664205074310303,0.3251208364963531,0.0437714287946964,0.1852333694696426,0.3636655509471893,1.449270486831665
45,splice,3190,medium,3,0,13,False,"(128, 64)",0.003,0.0,0.001,0.4200091361999511,0.3811806440353393,0.0460883786934919,0.2184585332870483,0.4001791179180145,1.3282290697097778
45,splice,3190,medium,3,0,14,False,"(512, 256, 128)",0.0005,0.05,0.0,0.4202783703804016,0.4134813249111175,0.0184725054316884,0.2378279417753219,0.4146669805049896,0.9386394023895264
45,splice,3190,medium,3,1,0,True,"(256, 128)",0.001,0.1,0.0001,0.4563975632190704,0.4068603515625,0.0326448615286168,0.2319648712873459,0.4046714901924133,1.076387882232666
45,splice,3190,medium,3,1,1,False,"(512, 256)",0.0001,0.1,0.001,0.4213515222072601,0.407436728477478,0.0255208224556413,0.2347119301557541,0.4111268222332001,1.1461328268051147
45,splice,3190,medium,3,1,2,False,"(256, 128, 64)",0.0001,0.05,0.0001,0.4834877848625183,0.450993925333023,0.040338322364549,0.252152532339096,0.4514746963977813,0.9845147132873536
45,splice,3190,medium,3,1,3,False,"(256, 128)",0.001,0.3,0.001,0.433954656124115,0.3828847706317901,0.0292694022258122,0.2193026691675186,0.3941906988620758,1.2941067218780518
45,splice,3190,medium,3,1,4,False,"(256, 128)",0.0005,0.3,1e-05,0.4250966608524322,0.3762868046760559,0.023782848611147,0.2152085751295089,0.3963944613933563,1.3605457544326782
45,splice,3190,medium,3,1,5,False,"(512, 256)",0.0005,0.05,0.001,0.4308230578899383,0.4124557971954345,0.0265837059810742,0.2379233092069625,0.4140603840351105,1.1193606853485107
45,splice,3190,medium,3,1,6,False,"(512, 256)",0.0001,0.0,0.001,0.4314633905887604,0.4162102937698364,0.0312928536842609,0.2389835566282272,0.4159154593944549,1.048234939575195
45,splice,3190,medium,3,1,7,False,"(128, 64)",0.0005,0.3,0.001,0.4018594026565552,0.4132362306118011,0.0296386761849701,0.2375285029411316,0.4290626645088196,1.2239370346069336
45,splice,3190,medium,3,1,8,False,"(64, 32)",0.0001,0.1,0.0001,0.5970942378044128,0.5417501330375671,0.0363292349200761,0.30987548828125,0.5833987593650818,0.6784374117851257
45,splice,3190,medium,3,1,9,False,"(128, 64)",0.003,0.2,0.001,0.4273867309093475,0.4077945351600647,0.0265861852882797,0.2341431081295013,0.4287178218364715,1.3103969097137451
45,splice,3190,medium,3,1,10,False,"(512, 256, 128)",0.0005,0.1,0.001,0.485664427280426,0.4565255641937256,0.0421702444179678,0.2616713941097259,0.4650131165981293,0.8673747181892395
45,splice,3190,medium,3,1,11,False,"(512, 256)",0.003,0.0,0.0001,0.4551593363285064,0.4326853454113006,0.0315083933910481,0.2452080696821212,0.4388690292835235,1.2117749452590942
45,splice,3190,medium,3,1,12,False,"(256, 128, 64)",0.001,0.3,0.0,0.4488037526607513,0.4083638489246368,0.0349251891378324,0.2282144129276275,0.4585885107517242,1.454014539718628
45,splice,3190,medium,3,1,13,False,"(128, 64)",0.003,0.0,0.001,0.4373536705970764,0.4242272973060608,0.0359125276531171,0.2430471628904342,0.4287650883197784,1.148221492767334
45,splice,3190,medium,3,1,14,False,"(512, 256, 128)",0.0005,0.05,0.0,0.4840166866779327,0.4520032703876495,0.0432496309716375,0.2574516832828522,0.4606585502624511,0.8719584345817566
45,splice,3190,medium,3,2,0,True,"(256, 128)",0.001,0.1,0.0001,0.3813115060329437,0.4168601334095001,0.0344012864206527,0.2417627871036529,0.4296714663505554,1.1723072528839111
45,splice,3190,medium,3,2,1,False,"(512, 256)",0.0001,0.1,0.001,0.3566296696662903,0.3930164575576782,0.038849903327046,0.2286697477102279,0.4011538624763489,1.1357548236846924
45,splice,3190,medium,3,2,2,False,"(256, 128, 64)",0.0001,0.05,0.0001,0.403544157743454,0.4237387776374817,0.0326903180424571,0.2390045523643493,0.4234504401683807,0.9851250052452089
45,splice,3190,medium,3,2,3,False,"(256, 128)",0.001,0.3,0.001,0.3600886762142181,0.3684868514537811,0.0439259167157246,0.2117489129304886,0.4202771782875061,1.4500317573547363
45,splice,3190,medium,3,2,4,False,"(256, 128)",0.0005,0.3,1e-05,0.346924364566803,0.3749175667762756,0.0430304996023108,0.2177940607070922,0.4000150263309479,1.2703839540481567
45,splice,3190,medium,3,2,5,False,"(512, 256)",0.0005,0.05,0.001,0.3607003092765808,0.3992891609668731,0.0386726509160756,0.2333625555038452,0.4051639139652252,1.1122575998306274
45,splice,3190,medium,3,2,6,False,"(512, 256)",0.0001,0.0,0.001,0.3637153208255768,0.4067878723144531,0.0418027524788676,0.2352645993232727,0.408258855342865,1.0352354049682615
45,splice,3190,medium,3,2,7,False,"(128, 64)",0.0005,0.3,0.001,0.3426238596439361,0.3948659002780914,0.0303910387409393,0.2292395532131195,0.397601842880249,1.0521209239959717
45,splice,3190,medium,3,2,8,False,"(64, 32)",0.0001,0.1,0.0001,0.5313448905944824,0.5221097469329834,0.0331380716685591,0.3026474416255951,0.570038914680481,0.5558819770812988
45,splice,3190,medium,3,2,9,False,"(128, 64)",0.003,0.2,0.001,0.3536534905433655,0.3935298323631286,0.0453810858907121,0.227451890707016,0.3985033333301544,1.0897976160049438
45,splice,3190,medium,3,2,10,False,"(512, 256, 128)",0.0005,0.1,0.001,0.36406409740448,0.4252501130104065,0.0477391077962663,0.2432132810354232,0.4519518911838531,1.2265944480895996
45,splice,3190,medium,3,2,11,False,"(512, 256)",0.003,0.0,0.0001,0.3825075030326843,0.4081130027770996,0.0379592418016684,0.2364825755357742,0.4349071681499481,1.289659857749939
45,splice,3190,medium,3,2,12,False,"(256, 128, 64)",0.001,0.3,0.0,0.3526742458343506,0.3959683179855346,0.0354168041061333,0.226605623960495,0.4040229916572571,1.1094359159469604
45,splice,3190,medium,3,2,13,False,"(128, 64)",0.003,0.0,0.001,0.3732232451438904,0.4176122844219208,0.0328215242459856,0.2322167605161667,0.4334147572517395,1.1763747930526731
45,splice,3190,medium,3,2,14,False,"(512, 256, 128)",0.0005,0.05,0.0,0.3820069134235382,0.4337589144706726,0.0467521814685879,0.2484421730041504,0.4356811046600342,0.8131513595581055
49,tic-tac-toe,958,small,2,0,0,True,"(256, 128)",0.001,0.1,0.0001,0.2017963677644729,0.2175482362508773,0.0426413636240694,0.1259425580501556,0.2261840552091598,0.7103429436683655
49,tic-tac-toe,958,small,2,0,1,False,"(512, 256)",0.0001,0.1,0.001,0.3194000124931335,0.3278244733810425,0.0599122973572876,0.2097830921411514,0.3423373997211456,0.6497822403907776
49,tic-tac-toe,958,small,2,0,2,False,"(256, 128, 64)",0.0001,0.05,0.0001,0.344874620437622,0.3159042298793793,0.0481969732791185,0.187376007437706,0.3643529713153839,0.4996291697025299
49,tic-tac-toe,958,small,2,0,3,False,"(256, 128)",0.001,0.3,0.001,0.272564023733139,0.2863756716251373,0.0389330827941497,0.1720184683799743,0.2872116267681122,0.643761157989502
49,tic-tac-toe,958,small,2,0,4,False,"(256, 128)",0.0005,0.3,1e-05,0.3221806287765503,0.3604070842266083,0.0421447989841302,0.2196203917264938,0.3592070639133453,0.7621296048164368
49,tic-tac-toe,958,small,2,0,5,False,"(512, 256)",0.0005,0.05,0.001,0.198352038860321,0.2283602356910705,0.044968985641996,0.1387524753808975,0.2277594208717346,0.9426664113998412
49,tic-tac-toe,958,small,2,0,6,False,"(512, 256)",0.0001,0.0,0.001,0.285327672958374,0.293031096458435,0.0416365379674567,0.185501828789711,0.306946724653244,0.681129515171051
49,tic-tac-toe,958,small,2,0,7,False,"(128, 64)",0.0005,0.3,0.001,0.4192999601364136,0.3996551036834717,0.0390871911206179,0.253690242767334,0.4218052923679352,0.6276868581771851
49,tic-tac-toe,958,small,2,0,8,False,"(64, 32)",0.0001,0.1,0.0001,0.6077523827552795,0.6031283140182495,0.0711833728063437,0.4165178835391998,0.6059569120407104,0.8077124357223511
49,tic-tac-toe,958,small,2,0,9,False,"(128, 64)",0.003,0.2,0.001,0.2288682907819748,0.2575920522212982,0.0503128360336025,0.1455241590738296,0.2566379010677337,0.917680025100708
49,tic-tac-toe,958,small,2,0,10,False,"(512, 256, 128)",0.0005,0.1,0.001,0.1261773109436035,0.0753140673041343,0.027698201748232,0.0416706390678882,0.1095371469855308,0.5995768308639526
49,tic-tac-toe,958,small,2,0,11,False,"(512, 256)",0.003,0.0,0.0001,0.1808135956525802,0.2189730852842331,0.0380769279888934,0.1372456103563308,0.2188920229673385,0.853863000869751
49,tic-tac-toe,958,small,2,0,12,False,"(256, 128, 64)",0.001,0.3,0.0,0.2890872657299042,0.3360923230648041,0.0558526059612631,0.2016840428113937,0.3358744382858276,0.7617902159690857
49,tic-tac-toe,958,small,2,0,13,False,"(128, 64)",0.003,0.0,0.001,0.2346637398004531,0.2093706727027893,0.0388889147175683,0.1230437830090522,0.2094383686780929,0.9948253035545348
49,tic-tac-toe,958,small,2,0,14,False,"(512, 256, 128)",0.0005,0.05,0.0,0.1330182403326034,0.1092857718467712,0.0309525366044706,0.0582541339099407,0.1387159526348114,0.6271758079528809
49,tic-tac-toe,958,small,2,1,0,True,"(256, 128)",0.001,0.1,0.0001,0.2126736640930175,0.2615005373954773,0.0318939841041962,0.1612323522567749,0.2619306147098541,1.0547823905944824
49,tic-tac-toe,958,small,2,1,1,False,"(512, 256)",0.0001,0.1,0.001,0.3111547529697418,0.3001961410045624,0.0340753711967004,0.1867407113313675,0.3317936360836029,0.6393250823020935
49,tic-tac-toe,958,small,2,1,2,False,"(256, 128, 64)",0.0001,0.05,0.0001,0.321502536535263,0.3066355884075165,0.0448708210347427,0.1902401894330978,0.3657406866550445,0.5180409550666809
49,tic-tac-toe,958,small,2,1,3,False,"(256, 128)",0.001,0.3,0.001,0.2611571252346039,0.3066923916339874,0.0488215971531139,0.1939205676317215,0.3104406595230102,0.8560925722122192
49,tic-tac-toe,958,small,2,1,4,False,"(256, 128)",0.0005,0.3,1e-05,0.3060713112354278,0.353186696767807,0.0579618541523814,0.226762056350708,0.3634866774082184,0.7263380289077759
49,tic-tac-toe,958,small,2,1,5,False,"(512, 256)",0.0005,0.05,0.001,0.1651445776224136,0.1814696341753006,0.0401594838541415,0.1068650111556053,0.1940698623657226,0.7545198202133179
49,tic-tac-toe,958,small,2,1,6,False,"(512, 256)",0.0001,0.0,0.001,0.277392715215683,0.2666550874710083,0.0308671685763531,0.1651195436716079,0.2921988070011139,0.6795226335525513
49,tic-tac-toe,958,small,2,1,7,False,"(128, 64)",0.0005,0.3,0.001,0.4139145314693451,0.4430123567581177,0.0491963294852111,0.2895641326904297,0.4647707641124725,0.5273922681808472
49,tic-tac-toe,958,small,2,1,8,False,"(64, 32)",0.0001,0.1,0.0001,0.7360196113586426,0.6993393898010254,0.1711291273434957,0.5061910152435303,0.7337105870246887,5.645163536071777
49,tic-tac-toe,958,small,2,1,9,False,"(128, 64)",0.003,0.2,0.001,0.3288834393024444,0.3697241246700287,0.0482876819248,0.2264323681592941,0.3757790327072143,0.757838785648346
49,tic-tac-toe,958,small,2,1,10,False,"(512, 256, 128)",0.0005,0.1,0.001,0.1789034157991409,0.1641624420881271,0.0339079977323611,0.0944255217909812,0.1783274859189987,0.8173624277114868
49,tic-tac-toe,958,small,2,1,11,False,"(512, 256)",0.003,0.0,0.0001,0.2096611857414245,0.2139735668897628,0.0284032663330435,0.1283007860183715,0.2118423730134964,1.1701396703720093
49,tic-tac-toe,958,small,2,1,12,False,"(256, 128, 64)",0.001,0.3,0.0,0.2497732639312744,0.250187873840332,0.0340098315435979,0.1509214639663696,0.2589458525180816,0.8717716932296753
49,tic-tac-toe,958,small,2,1,13,False,"(128, 64)",0.003,0.0,0.001,0.235909104347229,0.3112946152687073,0.0665136832329962,0.2009432762861251,0.3106354176998138,0.9891074299812316
49,tic-tac-toe,958,small,2,1,14,False,"(512, 256, 128)",0.0005,0.05,0.0,0.1602555364370346,0.1821775883436203,0.0315753955187069,0.1076751872897148,0.1877790242433548,0.8550716638565063
49,tic-tac-toe,958,small,2,2,0,True,"(256, 128)",0.001,0.1,0.0001,0.1786550730466842,0.1923060268163681,0.0198498565910591,0.109351135790348,0.1927484422922134,0.836004912853241
49,tic-tac-toe,958,small,2,2,1,False,"(512, 256)",0.0001,0.1,0.001,0.3596194684505462,0.3290694057941437,0.0524989125422305,0.2090427130460739,0.3525703251361847,0.7061272263526917
49,tic-tac-toe,958,small,2,2,2,False,"(256, 128, 64)",0.0001,0.05,0.0001,0.3751634657382965,0.3335186541080475,0.065494445980423,0.2109607011079788,0.3830245435237884,0.5432579517364502
49,tic-tac-toe,958,small,2,2,3,False,"(256, 128)",0.001,0.3,0.001,0.2635267078876495,0.2660432457923889,0.0352333118725154,0.1620431095361709,0.2703206837177276,0.8322415351867676
49,tic-tac-toe,958,small,2,2,4,False,"(256, 128)",0.0005,0.3,1e-05,0.323069304227829,0.3212199509143829,0.0462228619597024,0.1974072456359863,0.3341340124607086,0.7405912280082703
49,tic-tac-toe,958,small,2,2,5,False,"(512, 256)",0.0005,0.05,0.001,0.2218074351549148,0.221002921462059,0.0357313470707999,0.1396310329437255,0.226649209856987,0.7935515642166138
49,tic-tac-toe,958,small,2,2,6,False,"(512, 256)",0.0001,0.0,0.001,0.324226438999176,0.2874044179916382,0.0401600989409618,0.1804510802030563,0.3097249567508697,0.717128336429596
49,tic-tac-toe,958,small,2,2,7,False,"(128, 64)",0.0005,0.3,0.001,0.4362377822399139,0.4616815149784088,0.0635323998414807,0.2943401932716369,0.469434380531311,0.7594051361083984
49,tic-tac-toe,958,small,2,2,8,False,"(64, 32)",0.0001,0.1,0.0001,0.5799151062965393,0.630206286907196,0.0830506321249736,0.4417703151702881,0.6268913149833679,0.6717838048934937
49,tic-tac-toe,958,small,2,2,9,False,"(128, 64)",0.003,0.2,0.001,0.2635566294193268,0.2878753840923309,0.0363450086572104,0.1852062195539474,0.2874981164932251,0.8892947435379028
49,tic-tac-toe,958,small,2,2,10,False,"(512, 256, 128)",0.0005,0.1,0.001,0.1904045790433883,0.1663124710321426,0.0549096036702394,0.1062926426529884,0.1663123965263366,1.0000064373016355
49,tic-tac-toe,958,small,2,2,11,False,"(512, 256)",0.003,0.0,0.0001,0.2273518294095993,0.2216329574584961,0.0361210813538895,0.1378601640462875,0.2220676392316818,1.1128898859024048
49,tic-tac-toe,958,small,2,2,12,False,"(256, 128, 64)",0.001,0.3,0.0,0.2175170183181762,0.2685733139514923,0.0445823265860477,0.1612699180841446,0.263568252325058,0.7865064740180969
49,tic-tac-toe,958,small,2,2,13,False,"(128, 64)",0.003,0.0,0.001,0.1664258241653442,0.2434031516313552,0.0516047718831234,0.1442255526781082,0.233193889260292,0.8722629547119141
49,tic-tac-toe,958,small,2,2,14,False,"(512, 256, 128)",0.0005,0.05,0.0,0.2134268432855606,0.1697478890419006,0.0476893509427706,0.1050124764442443,0.167307898402214,1.0683553218841553
219,electricity,45312,large,2,0,0,True,"(256, 128)",0.001,0.1,0.0001,0.3785974383354187,0.3876900374889374,0.0067061674485705,0.248060718178749,0.3880856335163116,0.9291268587112428
219,electricity,45312,large,2,0,1,False,"(512, 256)",0.0001,0.1,0.001,0.3874580264091491,0.3987713754177093,0.0119381818350804,0.2548679411411285,0.3990362882614136,0.938242733478546
219,electricity,45312,large,2,0,2,False,"(256, 128, 64)",0.0001,0.05,0.0001,0.3824672102928161,0.3887001574039459,0.0101614820807673,0.2480794191360473,0.3889283239841461,0.9579824805259703
219,electricity,45312,large,2,0,3,False,"(256, 128)",0.001,0.3,0.001,0.3922637104988098,0.3987745940685272,0.0074304247675009,0.2548377811908722,0.3997678160667419,0.9153220057487488
219,electricity,45312,large,2,0,4,False,"(256, 128)",0.0005,0.3,1e-05,0.3969858884811401,0.4056881368160248,0.0106860047589992,0.2596398293972015,0.4062337875366211,0.9299573302268982
219,electricity,45312,large,2,0,5,False,"(512, 256)",0.0005,0.05,0.001,0.3614401519298553,0.3696462512016296,0.0078156807514799,0.2344180792570114,0.3696462512016296,1.0000022649765017
219,electricity,45312,large,2,0,6,False,"(512, 256)",0.0001,0.0,0.001,0.3672356009483337,0.3745286166667938,0.0083210475943132,0.2381568700075149,0.3746827244758606,1.0235605239868164
219,electricity,45312,large,2,0,7,False,"(128, 64)",0.0005,0.3,0.001,0.4127197265625,0.4194372594356537,0.0094628096955324,0.2696623802185058,0.4210859537124634,0.8873613476753235
219,electricity,45312,large,2,0,8,False,"(64, 32)",0.0001,0.1,0.0001,0.429234892129898,0.4368405640125274,0.0092439659468988,0.2818028330802917,0.4377982318401336,0.8965691924095154
219,electricity,45312,large,2,0,9,False,"(128, 64)",0.003,0.2,0.001,0.38077113032341,0.3848905265331268,0.01116797576485,0.2464994341135025,0.3871858417987823,0.8710464835166931
219,electricity,45312,large,2,0,10,False,"(512, 256, 128)",0.0005,0.1,0.001,0.3654831051826477,0.3741182684898376,0.0062216586164151,0.2382048517465591,0.3741887211799621,0.9598947167396544
219,electricity,45312,large,2,0,11,False,"(512, 256)",0.003,0.0,0.0001,0.3690338730812073,0.3721620440483093,0.0078798544937849,0.2357845604419708,0.3732252418994903,1.0737968683242798
219,electricity,45312,large,2,0,12,False,"(256, 128, 64)",0.001,0.3,0.0,0.3894796371459961,0.3936973512172699,0.0048296075052448,0.2540537714958191,0.3952107727527618,0.8920280337333679
219,electricity,45312,large,2,0,13,False,"(128, 64)",0.003,0.0,0.001,0.3805313408374786,0.3905810415744781,0.009904024233915,0.249727115035057,0.3905663192272186,0.9884744882583618
219,electricity,45312,large,2,0,14,False,"(512, 256, 128)",0.0005,0.05,0.0,0.3601000010967254,0.3649816513061523,0.0079661524919716,0.2316167503595352,0.365034818649292,1.0099865198135376
219,electricity,45312,large,2,1,0,True,"(256, 128)",0.001,0.1,0.0001,0.3664808869361877,0.3808373510837555,0.0085278437050703,0.242948368191719,0.381035178899765,0.9208559393882751
219,electricity,45312,large,2,1,1,False,"(512, 256)",0.0001,0.1,0.001,0.3873754441738128,0.3969096839427948,0.0104321243132571,0.2537468373775482,0.3969036638736725,0.9408615231513976
219,electricity,45312,large,2,1,2,False,"(256, 128, 64)",0.0001,0.05,0.0001,0.3783529996871948,0.3884424567222595,0.0066146853786598,0.2476495057344436,0.3883984386920929,0.9668811559677124
219,electricity,45312,large,2,1,3,False,"(256, 128)",0.001,0.3,0.001,0.3890027403831482,0.3981092572212219,0.0118530963351014,0.254553735256195,0.3994073867797851,0.8888265490531921
219,electricity,45312,large,2,1,4,False,"(256, 128)",0.0005,0.3,1e-05,0.4022127687931061,0.410571426153183,0.0126066256838323,0.2630316913127899,0.4110143184661865,0.9162869453430176
219,electricity,45312,large,2,1,5,False,"(512, 256)",0.0005,0.05,0.001,0.3564700484275818,0.3695754408836365,0.007148450518975,0.2348412722349167,0.3695173263549804,0.990734040737152
219,electricity,45312,large,2,1,6,False,"(512, 256)",0.0001,0.0,0.001,0.362984299659729,0.3744109570980072,0.0082255334715401,0.2381732612848281,0.3744107186794281,0.9999639987945556
219,electricity,45312,large,2,1,7,False,"(128, 64)",0.0005,0.3,0.001,0.4141196608543396,0.421423852443695,0.0075064544587589,0.2700830101966858,0.4222075641155243,0.9099003076553344
219,electricity,45312,large,2,1,8,False,"(64, 32)",0.0001,0.1,0.0001,0.4376636445522308,0.4429249763488769,0.0090180768367405,0.285766065120697,0.4433736801147461,0.9279502630233764
219,electricity,45312,large,2,1,9,False,"(128, 64)",0.003,0.2,0.001,0.3811698853969574,0.3914776146411896,0.0072139078755522,0.2503654956817627,0.3920717537403106,0.9111433029174804
219,electricity,45312,large,2,1,10,False,"(512, 256, 128)",0.0005,0.1,0.001,0.3467518985271454,0.3543634414672851,0.0066997134464977,0.2267560213804245,0.3548065423965454,1.0373303890228271
219,electricity,45312,large,2,1,11,False,"(512, 256)",0.003,0.0,0.0001,0.3565142750740051,0.3664678037166595,0.0147289630901011,0.2335187494754791,0.3731509745121002,1.1700598001480105
219,electricity,45312,large,2,1,12,False,"(256, 128, 64)",0.001,0.3,0.0,0.384817361831665,0.393930047750473,0.0095307182786025,0.2539834082126617,0.394017606973648,0.9391465187072754
219,electricity,45312,large,2,1,13,False,"(128, 64)",0.003,0.0,0.001,0.3624273836612701,0.3759493231773376,0.010069286083613,0.240970104932785,0.3764805197715759,1.0294188261032104
219,electricity,45312,large,2,1,14,False,"(512, 256, 128)",0.0005,0.05,0.0,0.3382998704910278,0.3504247665405273,0.0074885991507163,0.2211077958345413,0.352874755859375,1.1013686656951904
219,electricity,45312,large,2,2,0,True,"(256, 128)",0.001,0.1,0.0001,0.3780306577682495,0.3671770393848419,0.0103641159331278,0.2328710407018661,0.3677559792995453,0.9607779383659364
219,electricity,45312,large,2,2,1,False,"(512, 256)",0.0001,0.1,0.001,0.4019041955471039,0.3927137851715088,0.011313767849077,0.2507939040660858,0.3932467699050903,0.9581507444381714
219,electricity,45312,large,2,2,2,False,"(256, 128, 64)",0.0001,0.05,0.0001,0.3903164267539978,0.3791956603527069,0.0087045290527208,0.2417714595794677,0.3796627223491668,0.9665349125862122
219,electricity,45312,large,2,2,3,False,"(256, 128)",0.001,0.3,0.001,0.3975578546524048,0.3866515159606933,0.0101678003528767,0.2467192560434341,0.3890938460826874,0.9005966782569885
219,electricity,45312,large,2,2,4,False,"(256, 128)",0.0005,0.3,1e-05,0.4075961709022522,0.3993997871875763,0.0127074002031413,0.2553696632385254,0.4007390737533569,0.9251878261566162
219,electricity,45312,large,2,2,5,False,"(512, 256)",0.0005,0.05,0.001,0.370885968208313,0.3593587577342987,0.0085689369391104,0.2274513244628906,0.3592790365219116,1.0168814659118652
219,electricity,45312,large,2,2,6,False,"(512, 256)",0.0001,0.0,0.001,0.3778718709945678,0.3672370910644531,0.0087658798314477,0.2325988113880157,0.3672089576721191,1.006987452507019
219,electricity,45312,large,2,2,7,False,"(128, 64)",0.0005,0.3,0.001,0.4220240712165832,0.4145965874195099,0.0108270577006974,0.2661198079586029,0.4162957966327667,0.9122030735015868
219,electricity,45312,large,2,2,8,False,"(64, 32)",0.0001,0.1,0.0001,0.4408778250217438,0.4375857412815094,0.0143193609840166,0.2827684283256531,0.4380358457565307,0.9538015723228456
219,electricity,45312,large,2,2,9,False,"(128, 64)",0.003,0.2,0.001,0.3964409530162811,0.3839469850063324,0.0131481640226392,0.244987204670906,0.3869372308254242,0.8917608261108398
219,electricity,45312,large,2,2,10,False,"(512, 256, 128)",0.0005,0.1,0.001,0.3691071271896362,0.3575834035873413,0.0080766811955386,0.2266145497560501,0.3575089275836944,1.049086332321167
219,electricity,45312,large,2,2,11,False,"(512, 256)",0.003,0.0,0.0001,0.372102290391922,0.3587932288646698,0.0072279604975782,0.2280074954032898,0.3612719178199768,1.1521782875061035
219,electricity,45312,large,2,2,12,False,"(256, 128, 64)",0.001,0.3,0.0,0.3953146040439605,0.3878063559532165,0.0115759360895041,0.2479936182498932,0.3893891274929046,0.916095495223999
219,electricity,45312,large,2,2,13,False,"(128, 64)",0.003,0.0,0.001,0.3786626160144806,0.3708077073097229,0.0070693023291002,0.235633447766304,0.3710712194442749,1.05534029006958
219,electricity,45312,large,2,2,14,False,"(512, 256, 128)",0.0005,0.05,0.0,0.3644509315490722,0.3516128659248352,0.0092032355341293,0.2217910587787628,0.3518900275230407,1.0796971321105957
2074,satimage,6430,medium,6,0,0,True,"(256, 128)",0.001,0.1,0.0001,0.2522170543670654,0.2545569539070129,0.0112353662881534,0.1414357721805572,0.2545512020587921,1.00568425655365
2074,satimage,6430,medium,6,0,1,False,"(512, 256)",0.0001,0.1,0.001,0.2529768645763397,0.2533763647079468,0.0192700174881919,0.1441308408975601,0.2533901929855346,0.996612787246704
2074,satimage,6430,medium,6,0,2,False,"(256, 128, 64)",0.0001,0.05,0.0001,0.259490966796875,0.2617905735969543,0.0227132537100461,0.1422992944717407,0.2631001472473144,0.9370745420455932
2074,satimage,6430,medium,6,0,3,False,"(256, 128)",0.001,0.3,0.001,0.2567233145236969,0.2462819516658783,0.0172808123120005,0.1374014616012573,0.2485109269618988,1.1336151361465454
2074,satimage,6430,medium,6,0,4,False,"(256, 128)",0.0005,0.3,1e-05,0.2552197873592376,0.2554235756397247,0.0167924512183499,0.1448986679315567,0.2559969127178192,1.0580586194992063
2074,satimage,6430,medium,6,0,5,False,"(512, 256)",0.0005,0.05,0.001,0.2557709217071533,0.2612798511981964,0.019377726070803,0.1505741626024246,0.2612719237804413,0.9970422387123108
2074,satimage,6430,medium,6,0,6,False,"(512, 256)",0.0001,0.0,0.001,0.2612501382827759,0.2618668377399444,0.0187319478434315,0.1474549174308776,0.2630950212478637,0.939716100692749
2074,satimage,6430,medium,6,0,7,False,"(128, 64)",0.0005,0.3,0.001,0.2673064172267914,0.2767263352870941,0.0231208081394356,0.1583709716796875,0.2776715755462646,1.0443216562271118
2074,satimage,6430,medium,6,0,8,False,"(64, 32)",0.0001,0.1,0.0001,0.3900650441646576,0.3908509612083435,0.0407929175671918,0.2157981246709823,0.4259640574455261,0.694888174533844
2074,satimage,6430,medium,6,0,9,False,"(128, 64)",0.003,0.2,0.001,0.2584409415721893,0.2603493630886078,0.0191073387227817,0.1448524594306945,0.2681674361228943,1.1897507905960083
2074,satimage,6430,medium,6,0,10,False,"(512, 256, 128)",0.0005,0.1,0.001,0.2432364225387573,0.2525412738323211,0.0217090514486104,0.1373117119073867,0.2571153342723846,1.1119815111160278
2074,satimage,6430,medium,6,0,11,False,"(512, 256)",0.003,0.0,0.0001,0.2512722611427307,0.2673708498477936,0.0246682547036695,0.1518346071243286,0.2706608176231384,1.0967376232147217
2074,satimage,6430,medium,6,0,12,False,"(256, 128, 64)",0.001,0.3,0.0,0.2599371969699859,0.2529693841934204,0.0172751238690317,0.1396240144968032,0.2588963508605957,1.169389009475708
2074,satimage,6430,medium,6,0,13,False,"(128, 64)",0.003,0.0,0.001,0.2663206458091736,0.2640556395053863,0.0150495340874801,0.1486871242523193,0.2670327126979828,1.1273672580718994
2074,satimage,6430,medium,6,0,14,False,"(512, 256, 128)",0.0005,0.05,0.0,0.2445896118879318,0.2480441182851791,0.0211603062689891,0.1375995427370071,0.2481657862663269,0.984297811985016
2074,satimage,6430,medium,6,1,0,True,"(256, 128)",0.001,0.1,0.0001,0.2725006639957428,0.237656369805336,0.0177967792165409,0.1304542273283004,0.252480149269104,1.3109720945358276
2074,satimage,6430,medium,6,1,1,False,"(512, 256)",0.0001,0.1,0.001,0.2438012361526489,0.2286790311336517,0.0143342064012821,0.1248526126146316,0.2287916094064712,1.0345423221588137
2074,satimage,6430,medium,6,1,2,False,"(256, 128, 64)",0.0001,0.05,0.0001,0.2486181706190109,0.2363964766263961,0.0165753192299693,0.1262076795101165,0.2391047924757003,0.908780574798584
2074,satimage,6430,medium,6,1,3,False,"(256, 128)",0.001,0.3,0.001,0.2401566803455352,0.2178734391927719,0.0160171433611198,0.1228537410497665,0.2187384217977523,1.125218629837036
2074,satimage,6430,medium,6,1,4,False,"(256, 128)",0.0005,0.3,1e-05,0.236193910241127,0.2179361879825592,0.0154858788580644,0.1221314445137977,0.2189690321683883,1.1059101819992063
2074,satimage,6430,medium,6,1,5,False,"(512, 256)",0.0005,0.05,0.001,0.257383644580841,0.2413751482963562,0.0198339592953183,0.128528356552124,0.253386378288269,1.2383254766464231
2074,satimage,6430,medium,6,1,6,False,"(512, 256)",0.0001,0.0,0.001,0.2525024116039276,0.2372331172227859,0.0191095522520392,0.126400887966156,0.2379196137189865,1.059967279434204
2074,satimage,6430,medium,6,1,7,False,"(128, 64)",0.0005,0.3,0.001,0.249340146780014,0.2346933633089065,0.0135387567472062,0.1316443830728531,0.2346675544977188,1.0036269426345823
2074,satimage,6430,medium,6,1,8,False,"(64, 32)",0.0001,0.1,0.0001,0.3834508061408996,0.3151507973670959,0.0237809251346941,0.1716048568487167,0.368367850780487,0.6911696195602417
2074,satimage,6430,medium,6,1,9,False,"(128, 64)",0.003,0.2,0.001,0.2496236264705658,0.2226877212524414,0.022744937317553,0.1235109716653823,0.2271935194730758,1.2276127338409424
2074,satimage,6430,medium,6,1,10,False,"(512, 256, 128)",0.0005,0.1,0.001,0.2497187256813049,0.2213471680879593,0.0221456056388318,0.1224673762917518,0.2325845211744308,1.2409143447875977
2074,satimage,6430,medium,6,1,11,False,"(512, 256)",0.003,0.0,0.0001,0.268477201461792,0.224944069981575,0.0115305474534932,0.1246548891067504,0.2380600124597549,1.3509376049041748
2074,satimage,6430,medium,6,1,12,False,"(256, 128, 64)",0.001,0.3,0.0,0.2456306517124176,0.2111177593469619,0.0180532761176921,0.1156814619898796,0.2245111465454101,1.3171266317367554
2074,satimage,6430,medium,6,1,13,False,"(128, 64)",0.003,0.0,0.001,0.266246885061264,0.2387491762638092,0.0158305773622573,0.1335871815681457,0.2416673004627227,1.1531832218170166
2074,satimage,6430,medium,6,1,14,False,"(512, 256, 128)",0.0005,0.05,0.0,0.2466653734445572,0.2343058437108993,0.0205953488500084,0.1288913637399673,0.2399169504642486,1.1418622732162476
2074,satimage,6430,medium,6,2,0,True,"(256, 128)",0.001,0.1,0.0001,0.2212539613246917,0.2483876049518585,0.0170374248561122,0.1309267878532409,0.2532757520675659,1.1073617935180664
2074,satimage,6430,medium,6,2,1,False,"(512, 256)",0.0001,0.1,0.001,0.2144832611083984,0.2302192151546478,0.0165135834024259,0.1250813156366348,0.2299157381057739,0.9741972088813782
2074,satimage,6430,medium,6,2,2,False,"(256, 128, 64)",0.0001,0.05,0.0001,0.2335782498121261,0.2429430335760116,0.0198963369542666,0.1278671324253082,0.2449449300765991,0.904271960258484
2074,satimage,6430,medium,6,2,3,False,"(256, 128)",0.001,0.3,0.001,0.2349709719419479,0.2394144386053085,0.011995808526047,0.1283814758062362,0.2496456056833267,1.2154752016067505
2074,satimage,6430,medium,6,2,4,False,"(256, 128)",0.0005,0.3,1e-05,0.2379382401704788,0.2386838644742965,0.0118736761060633,0.1301699727773666,0.2399024963378906,1.0752670764923096
2074,satimage,6430,medium,6,2,5,False,"(512, 256)",0.0005,0.05,0.001,0.2339828759431839,0.2506947219371795,0.0152198769009255,0.1347255855798721,0.2556410729885101,1.1132264137268066
2074,satimage,6430,medium,6,2,6,False,"(512, 256)",0.0001,0.0,0.001,0.2202307730913162,0.2414210438728332,0.0186872934046775,0.1297030746936798,0.2428556531667709,1.0408059358596802
2074,satimage,6430,medium,6,2,7,False,"(128, 64)",0.0005,0.3,0.001,0.2483044415712356,0.2477366030216217,0.0138524682055859,0.1363871842622757,0.2477161139249801,1.0269298553466797
2074,satimage,6430,medium,6,2,8,False,"(64, 32)",0.0001,0.1,0.0001,0.378133624792099,0.3520330190658569,0.0202399492959026,0.189376875758171,0.3910391330718994,0.7200238108634949
2074,satimage,6430,medium,6,2,9,False,"(128, 64)",0.003,0.2,0.001,0.2238478362560272,0.2403212040662765,0.0201900578367085,0.1290687024593353,0.2564166486263275,1.2689204216003418
2074,satimage,6430,medium,6,2,10,False,"(512, 256, 128)",0.0005,0.1,0.001,0.246012806892395,0.2506448328495025,0.0259437712055219,0.1302599608898162,0.2719805836677551,1.2718063592910769
2074,satimage,6430,medium,6,2,11,False,"(512, 256)",0.003,0.0,0.0001,0.2327983677387237,0.2380582839250564,0.0178185616088321,0.1271435320377349,0.2636869847774505,1.3533397912979126
2074,satimage,6430,medium,6,2,12,False,"(256, 128, 64)",0.001,0.3,0.0,0.2221967726945877,0.2442235946655273,0.0180706688781795,0.1296181380748748,0.2562708556652069,1.1924619674682615
2074,satimage,6430,medium,6,2,13,False,"(128, 64)",0.003,0.0,0.001,0.2600167691707611,0.2634788453578949,0.0224459423124017,0.1396640539169311,0.299866259098053,1.4283572435379028
2074,satimage,6430,medium,6,2,14,False,"(512, 256, 128)",0.0005,0.05,0.0,0.2522487044334411,0.2701825499534607,0.0241513159560563,0.1346918493509292,0.2978715002536773,1.2802194356918335
2079,eucalyptus,736,small,5,0,0,True,"(256, 128)",0.001,0.1,0.0001,1.1438827514648438,1.0774601697921753,0.0826485123787377,0.5736886858940125,1.17240571975708,0.4928845465183258
2079,eucalyptus,736,small,5,0,1,False,"(512, 256)",0.0001,0.1,0.001,0.7976827621459961,0.9230469465255736,0.1048495793664777,0.5106560587882996,0.9186260104179382,0.7544775605201721
2079,eucalyptus,736,small,5,0,2,False,"(256, 128, 64)",0.0001,0.05,0.0001,0.8898172378540039,0.939045250415802,0.1055953435532681,0.5291654467582703,0.9634594321250916,0.6760553121566772
2079,eucalyptus,736,small,5,0,3,False,"(256, 128)",0.001,0.3,0.001,0.907730519771576,0.9432451128959656,0.0770748783205006,0.5186960101127625,0.9698306918144226,0.6905234456062317
2079,eucalyptus,736,small,5,0,4,False,"(256, 128)",0.0005,0.3,1e-05,0.8575406670570374,0.9198420643806458,0.1174462863185384,0.5063220858573914,0.9346758127212524,0.7183839082717896
2079,eucalyptus,736,small,5,0,5,False,"(512, 256)",0.0005,0.05,0.001,0.7747945189476013,0.9064304232597352,0.1549056380450188,0.5072357654571533,0.9395843744277954,1.172186017036438
2079,eucalyptus,736,small,5,0,6,False,"(512, 256)",0.0001,0.0,0.001,0.7604098320007324,0.9129241704940796,0.1380266234412923,0.5104440450668335,0.9069010615348816,0.9454595446586608
2079,eucalyptus,736,small,5,0,7,False,"(128, 64)",0.0005,0.3,0.001,1.3178778886795044,6.954806804656982,0.43573102516097,0.8740718960762024,1.3377439975738523,0.0109092826023697
2079,eucalyptus,736,small,5,0,8,False,"(64, 32)",0.0001,0.1,0.0001,1.644288182258606,1.6142433881759644,0.0130464160764539,0.8019375801086426,1.6395410299301147,4.449689865112305
2079,eucalyptus,736,small,5,0,9,False,"(128, 64)",0.003,0.2,0.001,1.2152776718139648,8.090176582336426,0.4387798601979607,0.8776300549507141,1.2297552824020386,0.0004439904587343
2079,eucalyptus,736,small,5,0,10,False,"(512, 256, 128)",0.0005,0.1,0.001,0.8314666748046875,0.8966025114059448,0.1311510771781474,0.4944299161434173,0.9073024392127992,1.1234216690063477
2079,eucalyptus,736,small,5,0,11,False,"(512, 256)",0.003,0.0,0.0001,0.9769548773765564,1.0478845834732056,0.1178287874470959,0.5711027383804321,1.0513700246810913,0.7608615756034851
2079,eucalyptus,736,small,5,0,12,False,"(256, 128, 64)",0.001,0.3,0.0,0.7005119919776917,0.8287652730941772,0.0883121206550984,0.4747765958309173,0.8216259479522705,0.9050752520561218
2079,eucalyptus,736,small,5,0,13,False,"(128, 64)",0.003,0.0,0.001,1.4015597105026243,1.3278262615203855,0.2839918925619877,0.6773690581321716,1.4081209897994995,0.6663981080055237
2079,eucalyptus,736,small,5,0,14,False,"(512, 256, 128)",0.0005,0.05,0.0,0.8500170707702637,0.935322105884552,0.1256550249752697,0.5068255662918091,0.9440443515777588,1.0908490419387815
2079,eucalyptus,736,small,5,1,0,True,"(256, 128)",0.001,0.1,0.0001,0.8351444602012634,0.8455881476402283,0.1089727369783161,0.4654520452022552,0.8455895781517029,0.9999567866325378
2079,eucalyptus,736,small,5,1,1,False,"(512, 256)",0.0001,0.1,0.001,0.8465691804885864,0.8730887174606323,0.1020388029314376,0.4757628440856933,0.8809190988540649,0.8808018565177917
2079,eucalyptus,736,small,5,1,2,False,"(256, 128, 64)",0.0001,0.05,0.0001,0.952675461769104,0.9869096279144288,0.0921661488644711,0.5115827322006226,1.0241481065750122,0.7106860876083374
2079,eucalyptus,736,small,5,1,3,False,"(256, 128)",0.001,0.3,0.001,0.8034348487854004,0.8219471573829651,0.0802452352804106,0.4580810070037842,0.8214685320854187,1.0238726139068604
2079,eucalyptus,736,small,5,1,4,False,"(256, 128)",0.0005,0.3,1e-05,0.8087730407714844,0.8317645788192749,0.1095111274772936,0.4588744640350342,0.8435604572296143,0.8491156697273254
2079,eucalyptus,736,small,5,1,5,False,"(512, 256)",0.0005,0.05,0.001,0.860252857208252,0.8814346790313721,0.0780126718250481,0.4813635945320129,0.8814409375190735,0.9997762441635132
2079,eucalyptus,736,small,5,1,6,False,"(512, 256)",0.0001,0.0,0.001,0.8606526851654053,0.8723728060722351,0.1000420200797888,0.474224179983139,0.8805676102638245,0.8865652084350586
2079,eucalyptus,736,small,5,1,7,False,"(128, 64)",0.0005,0.3,0.001,0.7959170341491699,0.8424821496009827,0.0779090031041755,0.4716832935810089,0.8528457283973694,0.8153539896011353
2079,eucalyptus,736,small,5,1,8,False,"(64, 32)",0.0001,0.1,0.0001,1.242625713348389,1.2016093730926514,0.0897691648554157,0.6179417967796326,1.2878520488739014,0.5122950077056885
2079,eucalyptus,736,small,5,1,9,False,"(128, 64)",0.003,0.2,0.001,0.8283209204673767,0.8512969017028809,0.0905337482019587,0.4769063293933868,0.8510030508041382,1.0403004884719849
2079,eucalyptus,736,small,5,1,10,False,"(512, 256, 128)",0.0005,0.1,0.001,0.876293957233429,0.9123982787132264,0.0926898394350533,0.4808409810066223,0.928841471672058,0.7995083928108215
2079,eucalyptus,736,small,5,1,11,False,"(512, 256)",0.003,0.0,0.0001,0.9582083821296692,0.8947274684906006,0.1131167150698266,0.4961896240711212,0.9362342357635498,1.468324899673462
2079,eucalyptus,736,small,5,1,12,False,"(256, 128, 64)",0.001,0.3,0.0,0.7699068784713745,0.8163332343101501,0.1269296929240226,0.4632616937160492,0.81678307056427,0.958087682723999
2079,eucalyptus,736,small,5,1,13,False,"(128, 64)",0.003,0.0,0.001,0.8666433691978455,0.8992717862129211,0.0826968014374509,0.4929165244102478,0.8993628025054932,0.9917172193527222
2079,eucalyptus,736,small,5,1,14,False,"(512, 256, 128)",0.0005,0.05,0.0,0.8885930776596069,0.9142006635665894,0.0951685406066276,0.4812104403972626,0.9395452737808228,0.7615529894828796
2079,eucalyptus,736,small,5,2,0,True,"(256, 128)",0.001,0.1,0.0001,0.8584417104721069,0.9515684843063354,0.0847309241155246,0.5154680013656616,0.9501525163650512,0.9878709316253662
2079,eucalyptus,736,small,5,2,1,False,"(512, 256)",0.0001,0.1,0.001,0.9112693071365356,1.010810613632202,0.1211295400385384,0.5443561673164368,1.0067217350006104,0.9709530472755432
2079,eucalyptus,736,small,5,2,2,False,"(256, 128, 64)",0.0001,0.05,0.0001,0.9970040917396544,0.9561324119567872,0.1050259284339509,0.512507438659668,0.9796515703201294,0.7162490487098694
2079,eucalyptus,736,small,5,2,3,False,"(256, 128)",0.001,0.3,0.001,0.8268892168998718,0.9326859712600708,0.1027704326956122,0.507942795753479,0.9311422109603882,0.9881765246391296
2079,eucalyptus,736,small,5,2,4,False,"(256, 128)",0.0005,0.3,1e-05,0.8378623127937317,0.9378601312637328,0.0869569403899682,0.5110794305801392,0.9292212724685668,0.9153473377227784
2079,eucalyptus,736,small,5,2,5,False,"(512, 256)",0.0005,0.05,0.001,0.8988180160522461,0.9830716848373412,0.0970024089958216,0.5337716341018677,0.978064239025116,0.954051673412323
2079,eucalyptus,736,small,5,2,6,False,"(512, 256)",0.0001,0.0,0.001,0.937459409236908,1.0313215255737305,0.1275396473907135,0.555040717124939,1.0215848684310913,0.9092909693717957
2079,eucalyptus,736,small,5,2,7,False,"(128, 64)",0.0005,0.3,0.001,0.8385137319564819,0.8960554599761963,0.0988616946715492,0.4971989691257477,0.8940743207931519,0.7635775804519653
2079,eucalyptus,736,small,5,2,8,False,"(64, 32)",0.0001,0.1,0.0001,1.3298060894012451,1.9979052543640137,0.23988125419563,0.6572162508964539,1.332256555557251,0.1181067898869514
2079,eucalyptus,736,small,5,2,9,False,"(128, 64)",0.003,0.2,0.001,0.8381781578063965,0.8851252198219299,0.1015607773049457,0.4922565817832947,0.9094251394271852,1.1662347316741943
2079,eucalyptus,736,small,5,2,10,False,"(512, 256, 128)",0.0005,0.1,0.001,0.9128710627555848,0.9936158657073976,0.1082171650754438,0.5366533398628235,0.9866281747817992,0.9022365808486938
2079,eucalyptus,736,small,5,2,11,False,"(512, 256)",0.003,0.0,0.0001,0.9003698825836182,0.9465977549552916,0.0888858571111618,0.5202096700668335,0.9582841396331788,1.108421802520752
2079,eucalyptus,736,small,5,2,12,False,"(256, 128, 64)",0.001,0.3,0.0,0.8111599087715149,0.8944308161735535,0.11809232622922,0.4971432089805603,0.8912046551704407,0.9703145027160645
2079,eucalyptus,736,small,5,2,13,False,"(128, 64)",0.003,0.0,0.001,0.8960608839988708,0.9616413712501526,0.1209468183753726,0.5290120840072632,0.9881185293197632,1.1547863483428955
2079,eucalyptus,736,small,5,2,14,False,"(512, 256, 128)",0.0005,0.05,0.0,0.944682240486145,1.0287615060806274,0.1085973881386422,0.5508463382720947,1.0284061431884766,0.996650457382202
3021,sick,3772,medium,2,0,0,True,"(256, 128)",0.001,0.1,0.0001,0.0826337561011314,0.0836416855454444,0.0104036993538306,0.044900357723236,0.0841293707489967,0.90867280960083
3021,sick,3772,medium,2,0,1,False,"(512, 256)",0.0001,0.1,0.001,0.0794311985373497,0.0816117525100708,0.0173770637701678,0.0407869406044483,0.0818260684609413,0.9466843008995056
3021,sick,3772,medium,2,0,2,False,"(256, 128, 64)",0.0001,0.05,0.0001,0.0937929451465606,0.0796853452920913,0.0164394944972023,0.0395524986088275,0.0931722372770309,0.7480631470680237
3021,sick,3772,medium,2,0,3,False,"(256, 128)",0.001,0.3,0.001,0.0768110826611518,0.0854391008615493,0.0102451146569999,0.0456913560628891,0.0851647704839706,0.9540106058120728
3021,sick,3772,medium,2,0,4,False,"(256, 128)",0.0005,0.3,1e-05,0.0796892270445823,0.0830063000321388,0.0119335030351516,0.0441636331379413,0.0836653858423233,0.8947373628616333
3021,sick,3772,medium,2,0,5,False,"(512, 256)",0.0005,0.05,0.001,0.0825320705771446,0.0784974694252014,0.0150238226054783,0.0398058146238327,0.0790634229779243,0.9406750798225404
3021,sick,3772,medium,2,0,6,False,"(512, 256)",0.0001,0.0,0.001,0.080803781747818,0.0845800787210464,0.0122692533413042,0.0416190437972545,0.0851475670933723,0.9230950474739076
3021,sick,3772,medium,2,0,7,False,"(128, 64)",0.0005,0.3,0.001,0.0751339569687843,0.0759746506810188,0.0103374684883269,0.0417566075921058,0.0760084986686706,0.964356005191803
3021,sick,3772,medium,2,0,8,False,"(64, 32)",0.0001,0.1,0.0001,0.1697465628385543,0.1213934868574142,0.0171600241271602,0.0675700679421424,0.172855257987976,0.5276320576667786
3021,sick,3772,medium,2,0,9,False,"(128, 64)",0.003,0.2,0.001,0.0817503705620765,0.0879101008176803,0.0108075200064029,0.0473668090999126,0.0879230201244354,1.001404047012329
3021,sick,3772,medium,2,0,10,False,"(512, 256, 128)",0.0005,0.1,0.001,0.0758150666952133,0.0811646804213523,0.008886247991726,0.0413819812238216,0.0817010551691055,0.9330480098724364
3021,sick,3772,medium,2,0,11,False,"(512, 256)",0.003,0.0,0.0001,0.091246873140335,0.1228868588805198,0.0150112847355554,0.0603618286550045,0.1199050992727279,0.9191799759864808
3021,sick,3772,medium,2,0,12,False,"(256, 128, 64)",0.001,0.3,0.0,0.0776750966906547,0.0800217613577842,0.009158401194524,0.0409634225070476,0.0802042186260223,0.9302480816841124
3021,sick,3772,medium,2,0,13,False,"(128, 64)",0.003,0.0,0.001,0.0737081840634346,0.0758318230509758,0.0130664678598871,0.0384740903973579,0.0770693942904472,1.11341655254364
3021,sick,3772,medium,2,0,14,False,"(512, 256, 128)",0.0005,0.05,0.0,0.0736333727836608,0.0790868327021598,0.0109713786748334,0.0379983894526958,0.0793689861893653,1.0465720891952517
3021,sick,3772,medium,2,1,0,True,"(256, 128)",0.001,0.1,0.0001,0.0720183476805687,0.0638444721698761,0.0107625695253839,0.03914625197649,0.0643335431814193,0.9574483633041382
3021,sick,3772,medium,2,1,1,False,"(512, 256)",0.0001,0.1,0.001,0.0771226286888122,0.0667316988110542,0.0075484299501835,0.0400857925415039,0.0707483738660812,0.8254945278167725
3021,sick,3772,medium,2,1,2,False,"(256, 128, 64)",0.0001,0.05,0.0001,0.0923783779144287,0.0756184831261634,0.0139455984759804,0.0441076010465621,0.0920332670211792,0.689673900604248
3021,sick,3772,medium,2,1,3,False,"(256, 128)",0.001,0.3,0.001,0.0718356892466545,0.0694970414042472,0.0082486236332267,0.0411004796624183,0.0703271552920341,0.8746545314788818
3021,sick,3772,medium,2,1,4,False,"(256, 128)",0.0005,0.3,1e-05,0.0705803111195564,0.0657397359609603,0.0080234459957013,0.0390495546162128,0.0666043013334274,0.9059299826622008
3021,sick,3772,medium,2,1,5,False,"(512, 256)",0.0005,0.05,0.001,0.0748649537563324,0.0657955333590507,0.0103128857170509,0.0396620333194732,0.0658405870199203,0.9960054159164428
3021,sick,3772,medium,2,1,6,False,"(512, 256)",0.0001,0.0,0.001,0.0753712505102157,0.0634246543049812,0.0105365107654209,0.0383964553475379,0.0634882152080535,0.9960249662399292
3021,sick,3772,medium,2,1,7,False,"(128, 64)",0.0005,0.3,0.001,0.0715615227818489,0.0687246695160865,0.0072796387125061,0.040617749094963,0.0702027454972267,0.852849006652832
3021,sick,3772,medium,2,1,8,False,"(64, 32)",0.0001,0.1,0.0001,0.1718118041753769,0.1227800548076629,0.0177376641342971,0.070917896926403,0.1746491342782974,0.5248053669929504
3021,sick,3772,medium,2,1,9,False,"(128, 64)",0.003,0.2,0.001,0.0775469541549682,0.0761998370289802,0.0104625913481049,0.0458348765969276,0.0767388939857482,0.8989025354385376
3021,sick,3772,medium,2,1,10,False,"(512, 256, 128)",0.0005,0.1,0.001,0.0734302029013633,0.0760401934385299,0.0150198787779734,0.0467440374195575,0.0763790234923362,1.052834153175354
3021,sick,3772,medium,2,1,11,False,"(512, 256)",0.003,0.0,0.0001,0.0776117816567421,0.0739345848560333,0.012479453292114,0.0430351644754409,0.074013166129589,0.9551525712013244
3021,sick,3772,medium,2,1,12,False,"(256, 128, 64)",0.001,0.3,0.0,0.0728641375899314,0.0743748173117637,0.0107231581447929,0.0439403392374515,0.075953371822834,0.8405892848968506
3021,sick,3772,medium,2,1,13,False,"(128, 64)",0.003,0.0,0.001,0.0756482705473899,0.0659354031085968,0.0072970573212663,0.0395857132971286,0.0672835782170295,0.8987616300582886
3021,sick,3772,medium,2,1,14,False,"(512, 256, 128)",0.0005,0.05,0.0,0.0729659423232078,0.0716263353824615,0.0082815988174337,0.0428955778479576,0.0715878903865814,1.0471830368041992
3021,sick,3772,medium,2,2,0,True,"(256, 128)",0.001,0.1,0.0001,0.0612374953925609,0.0631809681653976,0.0096796503393328,0.0321845188736915,0.066641129553318,1.227076768875122
3021,sick,3772,medium,2,2,1,False,"(512, 256)",0.0001,0.1,0.001,0.0727185532450676,0.0753956586122512,0.0117435425322576,0.0404374487698078,0.0775720924139022,0.8443082571029663
3021,sick,3772,medium,2,2,2,False,"(256, 128, 64)",0.0001,0.05,0.0001,0.08680459856987,0.0774432122707367,0.0076857347625243,0.0400723963975906,0.0910139307379722,0.7294823527336121
3021,sick,3772,medium,2,2,3,False,"(256, 128)",0.001,0.3,0.001,0.0628869831562042,0.0633917823433876,0.0115401184585183,0.0330553352832794,0.0650267079472541,1.1669917106628418
3021,sick,3772,medium,2,2,4,False,"(256, 128)",0.0005,0.3,1e-05,0.0618703067302703,0.0671980455517768,0.0128748778212675,0.0350924283266067,0.0680998638272285,1.0859956741333008
3021,sick,3772,medium,2,2,5,False,"(512, 256)",0.0005,0.05,0.001,0.063665859401226,0.0696862190961837,0.0101111169156122,0.0349799431860446,0.0706762745976448,1.081639528274536
3021,sick,3772,medium,2,2,6,False,"(512, 256)",0.0001,0.0,0.001,0.068148598074913,0.0749077573418617,0.0110764323480871,0.0391320399940013,0.0752227082848548,1.0360820293426514
3021,sick,3772,medium,2,2,7,False,"(128, 64)",0.0005,0.3,0.001,0.0707976669073104,0.0702037364244461,0.0093074978845272,0.0376977697014808,0.0712116807699203,0.9079720377922058
3021,sick,3772,medium,2,2,8,False,"(64, 32)",0.0001,0.1,0.0001,0.1574926227331161,0.1121079102158546,0.0204835108310707,0.0617380999028682,0.1528353095054626,0.6220124363899231
3021,sick,3772,medium,2,2,9,False,"(128, 64)",0.003,0.2,0.001,0.0684833228588104,0.0695273354649543,0.0095284488553769,0.035891056060791,0.0695312023162841,1.0028594732284546
3021,sick,3772,medium,2,2,10,False,"(512, 256, 128)",0.0005,0.1,0.001,0.0703533068299293,0.0707358717918396,0.011681566991027,0.0341789536178112,0.0733137130737304,1.153830647468567
3021,sick,3772,medium,2,2,11,False,"(512, 256)",0.003,0.0,0.0001,0.084104374051094,0.0672048032283783,0.0096025854283347,0.0340857692062854,0.0839175805449485,1.743793487548828
3021,sick,3772,medium,2,2,12,False,"(256, 128, 64)",0.001,0.3,0.0,0.0669262483716011,0.0650195181369781,0.007234093290291,0.036229982972145,0.0652446076273918,1.061809539794922
3021,sick,3772,medium,2,2,13,False,"(128, 64)",0.003,0.0,0.001,0.0869384557008743,0.0689330920577049,0.014117662006656,0.0321345813572406,0.0834347680211067,1.5927118062973022
3021,sick,3772,medium,2,2,14,False,"(512, 256, 128)",0.0005,0.05,0.0,0.0667061507701873,0.0731708854436874,0.009732687368035,0.0328257270157337,0.0755501836538314,1.1189693212509155
3022,vowel,990,small,11,0,0,True,"(256, 128)",0.001,0.1,0.0001,0.1596851199865341,0.1277885288000106,0.0440517916823878,0.0723621174693107,0.1779061108827591,0.6060372591018677
3022,vowel,990,small,11,0,1,False,"(512, 256)",0.0001,0.1,0.001,0.5224675536155701,0.2257403433322906,0.0377910913843097,0.1163121834397316,0.4903374910354614,0.4248420000076294
3022,vowel,990,small,11,0,2,False,"(256, 128, 64)",0.0001,0.05,0.0001,1.0696872472763062,0.4021177291870117,0.0522724748761565,0.2182111591100692,1.0383148193359375,0.2787279188632965
3022,vowel,990,small,11,0,3,False,"(256, 128)",0.001,0.3,0.001,0.2176082134246826,0.1411351859569549,0.0456713760641689,0.0793640986084938,0.2147949635982513,0.5873927474021912
3022,vowel,990,small,11,0,4,False,"(256, 128)",0.0005,0.3,1e-05,0.3764704167842865,0.1941784173250198,0.053604674108502,0.1075866222381591,0.3550175130367279,0.5022895336151123
3022,vowel,990,small,11,0,5,False,"(512, 256)",0.0005,0.05,0.001,0.1624913811683654,0.1989383548498153,0.0409180869157065,0.1023825258016586,0.2034379988908767,0.6917940378189087
3022,vowel,990,small,11,0,6,False,"(512, 256)",0.0001,0.0,0.001,0.4213735461235046,0.2100409269332885,0.0413084055739219,0.1081150323152542,0.4143262803554535,0.4580985307693481
3022,vowel,990,small,11,0,7,False,"(128, 64)",0.0005,0.3,0.001,0.7731195092201233,0.3804509341716766,0.0759623784709859,0.1980783939361572,0.7448599338531494,0.3674591183662414
3022,vowel,990,small,11,0,8,False,"(64, 32)",0.0001,0.1,0.0001,2.017860412597656,10.326746940612791,0.5606060606060606,1.121212124824524,1.9762576818466189,2.0915991242589568e-14
3022,vowel,990,small,11,0,9,False,"(128, 64)",0.003,0.2,0.001,0.1603871285915374,0.1443467289209365,0.0274517784014294,0.0749982073903083,0.1658387929201126,0.6860846281051636
3022,vowel,990,small,11,0,10,False,"(512, 256, 128)",0.0005,0.1,0.001,0.1674758493900299,0.1835547387599945,0.05917899614131,0.1073452904820442,0.1973723620176315,0.7779300808906555
3022,vowel,990,small,11,0,11,False,"(512, 256)",0.003,0.0,0.0001,0.15910504758358,0.2000168859958648,0.0245793244553736,0.0980188995599746,0.1996055394411087,0.8184543251991272
3022,vowel,990,small,11,0,12,False,"(256, 128, 64)",0.001,0.3,0.0,0.1944170147180557,0.0845625698566436,0.026644791818227,0.0462951362133026,0.1751604527235031,0.5435841679573059
3022,vowel,990,small,11,0,13,False,"(128, 64)",0.003,0.0,0.001,0.2212687730789184,0.2007245868444442,0.0406114921626017,0.0949348956346511,0.2212505340576172,0.8120627999305725
3022,vowel,990,small,11,0,14,False,"(512, 256, 128)",0.0005,0.05,0.0,0.1587946116924286,0.1729993671178817,0.02921140811058,0.0905193239450454,0.1867567151784896,0.8054929971694946
3022,vowel,990,small,11,1,0,True,"(256, 128)",0.001,0.1,0.0001,0.3234670758247375,0.327394425868988,0.0342978578725647,0.1444055140018463,0.3392256498336792,0.8488529920578003
3022,vowel,990,small,11,1,1,False,"(512, 256)",0.0001,0.1,0.001,0.5957120060920715,0.4192107915878296,0.08475561595525,0.1927121877670288,0.6032214760780334,0.5458091497421265
3022,vowel,990,small,11,1,2,False,"(256, 128, 64)",0.0001,0.05,0.0001,1.078870415687561,0.5142582654953003,0.050479391357714,0.2513515055179596,1.0913827419281006,0.324943482875824
3022,vowel,990,small,11,1,3,False,"(256, 128)",0.001,0.3,0.001,0.2997895777225494,0.2862703800201416,0.0423435322965435,0.1250762194395065,0.3094297647476196,0.7822571396827698
3022,vowel,990,small,11,1,4,False,"(256, 128)",0.0005,0.3,1e-05,0.4655728936195373,0.3602630794048309,0.0527161040691414,0.1729686856269836,0.4615171551704407,0.6088767051696777
3022,vowel,990,small,11,1,5,False,"(512, 256)",0.0005,0.05,0.001,0.341587483882904,0.3469736874103546,0.0480717614744648,0.1502055674791336,0.3601342439651489,0.8388258218765259
3022,vowel,990,small,11,1,6,False,"(512, 256)",0.0001,0.0,0.001,0.5038421154022217,0.3746514320373535,0.068979840286653,0.1634438633918762,0.513151228427887,0.5985201597213745
3022,vowel,990,small,11,1,7,False,"(128, 64)",0.0005,0.3,0.001,0.8001968860626221,0.5538290143013,0.0803192194664117,0.3017071187496185,0.8083900809288025,0.4588604867458343
3022,vowel,990,small,11,1,8,False,"(64, 32)",0.0001,0.1,0.0001,2.0287535190582275,2.3649933338165283,0.3620254069767415,0.9780543446540833,2.0246527194976807,0.1471823900938034
3022,vowel,990,small,11,1,9,False,"(128, 64)",0.003,0.2,0.001,0.2496157139539718,0.2564708292484283,0.0374151768808814,0.1159336566925048,0.2580828666687011,0.9125417470932008
3022,vowel,990,small,11,1,10,False,"(512, 256, 128)",0.0005,0.1,0.001,0.3008924424648285,0.2644014954566955,0.0382353754758032,0.1114385947585105,0.2920601665973663,0.8161907196044922
3022,vowel,990,small,11,1,11,False,"(512, 256)",0.003,0.0,0.0001,0.2302202582359314,0.2223629355430603,0.0323340289219461,0.1028926149010658,0.2214209884405136,1.0317202806472778
3022,vowel,990,small,11,1,12,False,"(256, 128, 64)",0.001,0.3,0.0,0.3292343318462372,0.2689664363861084,0.0384684187996668,0.1242745742201805,0.3071438670158386,0.7373705506324768
3022,vowel,990,small,11,1,13,False,"(128, 64)",0.003,0.0,0.001,0.3239842057228088,0.3236217200756073,0.033580225274619,0.1458708941936493,0.3253874480724334,0.9217290282249452
3022,vowel,990,small,11,1,14,False,"(512, 256, 128)",0.0005,0.05,0.0,0.2939085662364959,0.2638750672340393,0.0304491006665759,0.1137482225894928,0.2871946096420288,0.8357007503509521
3022,vowel,990,small,11,2,0,True,"(256, 128)",0.001,0.1,0.0001,0.1689497977495193,0.1557125747203827,0.0344538674109712,0.0884267911314964,0.1826688945293426,0.6364036202430725
3022,vowel,990,small,11,2,1,False,"(512, 256)",0.0001,0.1,0.001,0.5645818710327148,0.3794321715831756,0.0556784339424737,0.2014411836862564,0.5592514872550964,0.5129812955856323
3022,vowel,990,small,11,2,2,False,"(256, 128, 64)",0.0001,0.05,0.0001,1.0557727813720703,0.5778317451477051,0.0743435387709726,0.3085007071495056,1.0814896821975708,0.3369708657264709
3022,vowel,990,small,11,2,3,False,"(256, 128)",0.001,0.3,0.001,0.2517047822475433,0.2096396386623382,0.033708419462647,0.1203822642564773,0.2451833486557006,0.6638310551643372
3022,vowel,990,small,11,2,4,False,"(256, 128)",0.0005,0.3,1e-05,0.4783232808113098,0.3612716495990753,0.0617070623018123,0.1931508034467697,0.4589846134185791,0.6070857644081116
3022,vowel,990,small,11,2,5,False,"(512, 256)",0.0005,0.05,0.001,0.1582439243793487,0.1445445418357849,0.0242920159691511,0.0815568789839744,0.1717291325330734,0.6003690958023071
3022,vowel,990,small,11,2,6,False,"(512, 256)",0.0001,0.0,0.001,0.4264479875564575,0.2649303376674652,0.0350477461160634,0.1415965855121612,0.4297357499599457,0.5012218952178955
3022,vowel,990,small,11,2,7,False,"(128, 64)",0.0005,0.3,0.001,0.8488233089447021,0.6044389009475708,0.0500746701502238,0.3322890400886535,0.8493281006813049,0.4582051038742065
3022,vowel,990,small,11,2,8,False,"(64, 32)",0.0001,0.1,0.0001,2.016397714614868,1.9577741622924805,0.1297275209266328,0.8051773309707642,2.034667015075684,0.2605383396148681
3022,vowel,990,small,11,2,9,False,"(128, 64)",0.003,0.2,0.001,0.1763982325792312,0.1369822025299072,0.0350891755084798,0.0819700136780738,0.1777566820383072,0.5871471166610718
3022,vowel,990,small,11,2,10,False,"(512, 256, 128)",0.0005,0.1,0.001,0.1513475775718689,0.1290488988161087,0.0348370941700758,0.0825631394982338,0.1742544025182724,0.604590892791748
3022,vowel,990,small,11,2,11,False,"(512, 256)",0.003,0.0,0.0001,0.179171085357666,0.1965506225824356,0.0344934401789096,0.1156529486179351,0.197647213935852,0.9205999970436096
3022,vowel,990,small,11,2,12,False,"(256, 128, 64)",0.001,0.3,0.0,0.2456942349672317,0.2392313033342361,0.0338238148075161,0.1286372393369674,0.2597759962081909,0.7305960059165955
3022,vowel,990,small,11,2,13,False,"(128, 64)",0.003,0.0,0.001,0.182591363787651,0.1856157183647155,0.0301672148483771,0.1067029312252998,0.2099929600954055,0.6452309489250183
3022,vowel,990,small,11,2,14,False,"(512, 256, 128)",0.0005,0.05,0.0,0.1573003083467483,0.1380669176578521,0.0343623297784464,0.0787092745304107,0.1815760135650634,0.5521689057350159
3549,analcatdata_authorship,841,small,4,0,0,True,"(256, 128)",0.001,0.1,0.0001,0.0255849193781614,0.0081544313579797,0.0076045810118229,0.0016861312324181,0.0092630675062537,0.9593716859817504
3549,analcatdata_authorship,841,small,4,0,1,False,"(512, 256)",0.0001,0.1,0.001,0.0388434715569019,0.0115461014211177,0.010268523730705,0.0034707470331341,0.0341700389981269,0.6798418164253235
3549,analcatdata_authorship,841,small,4,0,2,False,"(256, 128, 64)",0.0001,0.05,0.0001,0.1711562424898147,0.032778576016426,0.0279121236688286,0.010199325159192,0.1781767159700393,0.4919275641441345
3549,analcatdata_authorship,841,small,4,0,3,False,"(256, 128)",0.001,0.3,0.001,0.0264510605484247,0.0085859689861536,0.0079259277565709,0.0019695169758051,0.0085924267768859,0.9997471570968628
3549,analcatdata_authorship,841,small,4,0,4,False,"(256, 128)",0.0005,0.3,1e-05,0.0294189006090164,0.0095513807609677,0.0089093019976418,0.0019146197009831,0.0167651735246181,0.8363099694252014
3549,analcatdata_authorship,841,small,4,0,5,False,"(512, 256)",0.0005,0.05,0.001,0.019200149923563,0.0082464106380939,0.0069102254609854,0.0035017824266105,0.011167973279953,0.8613380193710327
3549,analcatdata_authorship,841,small,4,0,6,False,"(512, 256)",0.0001,0.0,0.001,0.0382313802838325,0.0115062482655048,0.0101531800433728,0.0036233582068234,0.0337456539273262,0.6799150109291077
3549,analcatdata_authorship,841,small,4,0,7,False,"(128, 64)",0.0005,0.3,0.001,0.0494735166430473,0.0101105002686381,0.0095674242728795,0.0014867791905999,0.0350202247500419,0.6968069076538086
3549,analcatdata_authorship,841,small,4,0,8,False,"(64, 32)",0.0001,0.1,0.0001,0.5839175581932068,0.1243134662508964,0.0333941203837799,0.0623323805630207,0.5754106640815735,0.2343809902667999
3549,analcatdata_authorship,841,small,4,0,9,False,"(128, 64)",0.003,0.2,0.001,0.0249447990208864,0.0052326498553156,0.0049697688580499,0.0008518088143318,0.0051410612650215,1.005323886871338
3549,analcatdata_authorship,841,small,4,0,10,False,"(512, 256, 128)",0.0005,0.1,0.001,0.0232448149472475,0.0066065061837434,0.0060457374452368,0.001660632668063,0.0114328982308506,0.8453708291053772
3549,analcatdata_authorship,841,small,4,0,11,False,"(512, 256)",0.003,0.0,0.0001,0.0159089751541614,0.0053409109823405,0.0043696806981013,0.0026461039669811,0.0052845012396574,1.008514404296875
3549,analcatdata_authorship,841,small,4,0,12,False,"(256, 128, 64)",0.001,0.3,0.0,0.0289637353271245,0.0066474582999944,0.0063976030613073,0.0007399998721666,0.0091271046549081,0.9280057549476624
3549,analcatdata_authorship,841,small,4,0,13,False,"(128, 64)",0.003,0.0,0.001,0.0216219797730445,0.0046586417593061,0.004431263347114,0.0007354150875471,0.0053592389449477,0.9604911208152772
3549,analcatdata_authorship,841,small,4,0,14,False,"(512, 256, 128)",0.0005,0.05,0.0,0.0230196751654148,0.0065265423618257,0.005996369045867,0.0015741138486191,0.0116059482097625,0.8412886261940002
3549,analcatdata_authorship,841,small,4,1,0,True,"(256, 128)",0.001,0.1,0.0001,0.0084136072546243,0.0039451727643609,0.0030598344182121,0.0023146755993366,0.0113345850259065,0.5119937062263489
3549,analcatdata_authorship,841,small,4,1,1,False,"(512, 256)",0.0001,0.1,0.001,0.0333665087819099,0.0028680327814072,0.0028013317777795,0.0002037940139416,0.0328765921294689,0.5273957848548889
3549,analcatdata_authorship,841,small,4,1,2,False,"(256, 128, 64)",0.0001,0.05,0.0001,0.1814171075820922,0.0302936881780624,0.0181344126808572,0.0096342815086245,0.1958212554454803,0.4518042206764221
3549,analcatdata_authorship,841,small,4,1,3,False,"(256, 128)",0.001,0.3,0.001,0.0076370961032807,0.0026916088536381,0.002283311454502,0.001166823785752,0.010022853501141,0.502632737159729
3549,analcatdata_authorship,841,small,4,1,4,False,"(256, 128)",0.0005,0.3,1e-05,0.0158907677978277,0.0044600083492696,0.0038040625978503,0.0016776226693764,0.0185463745146989,0.581422746181488
3549,analcatdata_authorship,841,small,4,1,5,False,"(512, 256)",0.0005,0.05,0.001,0.0091795222833752,0.0001167937807622,0.0001162886619567,1.4887637007632293e-06,0.0070262746885418,0.4062182009220123
3549,analcatdata_authorship,841,small,4,1,6,False,"(512, 256)",0.0001,0.0,0.001,0.0332558266818523,0.0027803899720311,0.0027158441393097,0.0001992600446101,0.0322756059467792,0.5262438654899597
3549,analcatdata_authorship,841,small,4,1,7,False,"(128, 64)",0.0005,0.3,0.001,0.0342842265963554,0.0055057061836123,0.0051922311444254,0.0008245517965406,0.0399942472577095,0.5640450716018677
3549,analcatdata_authorship,841,small,4,1,8,False,"(64, 32)",0.0001,0.1,0.0001,0.5453255772590637,0.1031885743141174,0.0343400658470168,0.0500656776130199,0.5502917766571045,0.2222588807344436
3549,analcatdata_authorship,841,small,4,1,9,False,"(128, 64)",0.003,0.2,0.001,0.0047071697190403,0.0003166508686263,0.0003125071525573,1.2358698768366594e-05,0.0054731629788875,0.46348837018013
3549,analcatdata_authorship,841,small,4,1,10,False,"(512, 256, 128)",0.0005,0.1,0.001,0.0092604085803031,0.0010219744872301,0.0009863496532101,0.0001248595799552,0.0088498834520578,0.6186079382896423
3549,analcatdata_authorship,841,small,4,1,11,False,"(512, 256)",0.003,0.0,0.0001,0.0037527254316955,0.0025591657031327,0.0023314462610955,0.0006290389574132,0.0026481815148144,0.9877324104309082
3549,analcatdata_authorship,841,small,4,1,12,False,"(256, 128, 64)",0.001,0.3,0.0,0.011707822792232,0.0011419793590903,0.0011132042083514,8.304185757879168e-05,0.0096777500584721,0.6086127161979675
3549,analcatdata_authorship,841,small,4,1,13,False,"(128, 64)",0.003,0.0,0.001,0.0048147188499569,0.0013370558153837,0.0012808868870932,0.0001638979010749,0.0082028331235051,0.5302090048789978
3549,analcatdata_authorship,841,small,4,1,14,False,"(512, 256, 128)",0.0005,0.05,0.0,0.0099975569173693,0.0010134732583537,0.0009815341387039,0.0001105653136619,0.0093772457912564,0.6125934720039368
3549,analcatdata_authorship,841,small,4,2,0,True,"(256, 128)",0.001,0.1,0.0001,0.0127114998176693,0.018441766500473,0.0124060609166673,0.0095861554145812,0.0238724574446678,0.8070977330207825
3549,analcatdata_authorship,841,small,4,2,1,False,"(512, 256)",0.0001,0.1,0.001,0.0323488637804985,0.0289388410747051,0.0173987324773912,0.012981267645955,0.0528082996606826,0.644948422908783
3549,analcatdata_authorship,841,small,4,2,2,False,"(256, 128, 64)",0.0001,0.05,0.0001,0.1559441834688186,0.0385812222957611,0.0294136922857935,0.0139730665832757,0.1831827461719513,0.4688130617141723
3549,analcatdata_authorship,841,small,4,2,3,False,"(256, 128)",0.001,0.3,0.001,0.0121453208848834,0.015564183704555,0.0128575882027605,0.0072905835695564,0.0208975505083799,0.8057569265365601
3549,analcatdata_authorship,841,small,4,2,4,False,"(256, 128)",0.0005,0.3,1e-05,0.0185747891664505,0.0194132961332798,0.0156812038882479,0.0092573296278715,0.0317772515118122,0.720516562461853
3549,analcatdata_authorship,841,small,4,2,5,False,"(512, 256)",0.0005,0.05,0.001,0.0125369457527995,0.0212793201208114,0.0116489879948617,0.0114192543551325,0.0252903457731008,0.7831895351409912
3549,analcatdata_authorship,841,small,4,2,6,False,"(512, 256)",0.0001,0.0,0.001,0.0325076691806316,0.0290614888072013,0.0174047307972842,0.0132006667554378,0.0524893142282962,0.65069580078125
3549,analcatdata_authorship,841,small,4,2,7,False,"(128, 64)",0.0005,0.3,0.001,0.0383204631507396,0.0287708863615989,0.0123835563424541,0.0161529965698719,0.0568464510142803,0.614051342010498
3549,analcatdata_authorship,841,small,4,2,8,False,"(64, 32)",0.0001,0.1,0.0001,0.4648067057132721,0.0897932574152946,0.0423494689680885,0.0436570420861244,0.4951986670494079,0.2500246465206146
3549,analcatdata_authorship,841,small,4,2,9,False,"(128, 64)",0.003,0.2,0.001,0.0115955546498298,0.0154436426237225,0.0125541850424847,0.008051685988903,0.018246229737997,0.8439374566078186
3549,analcatdata_authorship,841,small,4,2,10,False,"(512, 256, 128)",0.0005,0.1,0.001,0.0124622927978634,0.0179925691336393,0.0103543713483114,0.0103403748944401,0.022455858066678,0.7954807281494141
3549,analcatdata_authorship,841,small,4,2,11,False,"(512, 256)",0.003,0.0,0.0001,0.0039436137303709,0.0180695466697216,0.0095630672556408,0.0118053210899233,0.0180801972746849,0.99104243516922
3549,analcatdata_authorship,841,small,4,2,12,False,"(256, 128, 64)",0.001,0.3,0.0,0.0198117531836032,0.0179039817303419,0.0130626411715437,0.0089547894895076,0.0215077772736549,0.8884502053260803
3549,analcatdata_authorship,841,small,4,2,13,False,"(128, 64)",0.003,0.0,0.001,0.0129981180652976,0.018263678997755,0.0083707254784111,0.0107386903837323,0.0212108790874481,0.8325982093811035
3549,analcatdata_authorship,841,small,4,2,14,False,"(512, 256, 128)",0.0005,0.05,0.0,0.013213874772191,0.0200447086244821,0.0125397875229047,0.0118660377338528,0.0243238806724548,0.800026535987854
3560,analcatdata_dmft,797,small,6,0,0,True,"(256, 128)",0.001,0.1,0.0001,1.7552965879440308,1.7781966924667358,0.0482061231508851,0.8291608691215515,1.7781965732574463,0.9999899864196776
3560,analcatdata_dmft,797,small,6,0,1,False,"(512, 256)",0.0001,0.1,0.001,1.7429752349853516,1.7712299823760986,0.037316044482092,0.8272067904472351,1.7681652307510376,0.849096417427063
3560,analcatdata_dmft,797,small,6,0,2,False,"(256, 128, 64)",0.0001,0.05,0.0001,1.7872387170791626,1.8024141788482664,0.0415851321071386,0.8369736671447754,1.8024171590805051,1.0001580715179443
3560,analcatdata_dmft,797,small,6,0,3,False,"(256, 128)",0.001,0.3,0.001,1.7518115043640137,1.7767322063446045,0.0518955251201987,0.8293378949165344,1.7748228311538696,0.9123848080635072
3560,analcatdata_dmft,797,small,6,0,4,False,"(256, 128)",0.0005,0.3,1e-05,1.753489375114441,1.7811610698699951,0.0549081341984371,0.8311908841133118,1.7839285135269165,1.0811264514923096
3560,analcatdata_dmft,797,small,6,0,5,False,"(512, 256)",0.0005,0.05,0.001,1.7466752529144287,1.7859108448028564,0.0364978254151841,0.8307124972343445,1.7770847082138062,0.6378408074378967
3560,analcatdata_dmft,797,small,6,0,6,False,"(512, 256)",0.0001,0.0,0.001,1.7472018003463743,1.7762858867645264,0.0342571824168165,0.8288814425468445,1.7719690799713137,0.7794271111488342
3560,analcatdata_dmft,797,small,6,0,7,False,"(128, 64)",0.0005,0.3,0.001,1.7628811597824097,1.7996482849121094,0.0482056834114094,0.8361936807632446,1.8147252798080444,1.2690662145614624
3560,analcatdata_dmft,797,small,6,0,8,False,"(64, 32)",0.0001,0.1,0.0001,1.798183560371399,1.7939106225967407,0.005706375837326,0.8339673280715942,1.804771065711975,2.018807411193848
3560,analcatdata_dmft,797,small,6,0,9,False,"(128, 64)",0.003,0.2,0.001,1.7693837881088257,1.7910549640655518,0.0676228663884103,0.8328617215156555,1.8096554279327397,1.38285493850708
3560,analcatdata_dmft,797,small,6,0,10,False,"(512, 256, 128)",0.0005,0.1,0.001,1.7595723867416382,1.7794029712677002,0.0178656080116828,0.8297589421272278,1.774816870689392,0.6378371119499207
3560,analcatdata_dmft,797,small,6,0,11,False,"(512, 256)",0.003,0.0,0.0001,1.7402554750442505,1.797425627708435,0.0453884652815759,0.8330081701278687,1.797422170639038,0.9999395608901978
3560,analcatdata_dmft,797,small,6,0,12,False,"(256, 128, 64)",0.001,0.3,0.0,1.758312106132507,1.8040920495986936,0.0375115089739362,0.8370281457901001,1.794297456741333,0.7614918947219849
3560,analcatdata_dmft,797,small,6,0,13,False,"(128, 64)",0.003,0.0,0.001,1.7590030431747437,1.795243501663208,0.0501615383662283,0.8339994549751282,1.7921009063720703,0.9079811573028564
3560,analcatdata_dmft,797,small,6,0,14,False,"(512, 256, 128)",0.0005,0.05,0.0,1.7703150510787964,1.7766249179840088,0.0098238055904706,0.8284865617752075,1.7765700817108154,0.6537596583366394
3560,analcatdata_dmft,797,small,6,1,0,True,"(256, 128)",0.001,0.1,0.0001,1.7989463806152344,1.760377287864685,0.0255816148594021,0.8232589960098267,1.759200096130371,1.7714886665344238
3560,analcatdata_dmft,797,small,6,1,1,False,"(512, 256)",0.0001,0.1,0.001,1.7867443561553955,1.774901032447815,0.065925121307373,0.8282852172851562,1.774928092956543,1.502841830253601
3560,analcatdata_dmft,797,small,6,1,2,False,"(256, 128, 64)",0.0001,0.05,0.0001,1.7927695512771606,1.7944084405899048,0.0449857980012893,0.8340967297554016,1.7944090366363523,1.000115156173706
3560,analcatdata_dmft,797,small,6,1,3,False,"(256, 128)",0.001,0.3,0.001,1.7796924114227295,1.7806711196899414,0.0036677006632089,0.8297020196914673,1.7806713581085205,0.9999751448631288
3560,analcatdata_dmft,797,small,6,1,4,False,"(256, 128)",0.0005,0.3,1e-05,1.7804805040359497,1.7780311107635498,0.0370747730135917,0.8290354013442993,1.7780311107635498,1.0000678300857544
3560,analcatdata_dmft,797,small,6,1,5,False,"(512, 256)",0.0005,0.05,0.001,1.804495930671692,1.7716697454452517,0.0446981437504291,0.8270799517631531,1.7731781005859375,1.937995433807373
3560,analcatdata_dmft,797,small,6,1,6,False,"(512, 256)",0.0001,0.0,0.001,1.7952075004577637,1.772433519363403,0.0225749492645263,0.8275513648986816,1.774746656417847,1.738458514213562
3560,analcatdata_dmft,797,small,6,1,7,False,"(128, 64)",0.0005,0.3,0.001,1.8069716691970823,1.7972310781478882,0.0303856337442994,0.8351567983627319,1.81519627571106,2.996488094329834
3560,analcatdata_dmft,797,small,6,1,8,False,"(64, 32)",0.0001,0.1,0.0001,1.8170100450515747,1.7759557962417605,0.0562003511004149,0.8280267715454102,1.7839946746826172,2.11413049697876
3560,analcatdata_dmft,797,small,6,1,9,False,"(128, 64)",0.003,0.2,0.001,1.8176745176315308,1.7622381448745728,0.0661470184102654,0.8239304423332214,1.7650699615478516,2.042377471923828
3560,analcatdata_dmft,797,small,6,1,10,False,"(512, 256, 128)",0.0005,0.1,0.001,1.7906010150909424,1.778437256813049,0.0393357317894697,0.8290279507637024,1.7754932641983032,1.5672895908355713
3560,analcatdata_dmft,797,small,6,1,11,False,"(512, 256)",0.003,0.0,0.0001,1.8592333793640137,1.777679443359375,0.0452198212655882,0.8294005393981934,1.81171190738678,2.4014229774475098
3560,analcatdata_dmft,797,small,6,1,12,False,"(256, 128, 64)",0.001,0.3,0.0,1.7954343557357788,1.7727159261703491,0.0578562371432781,0.8271125555038452,1.7699352502822876,1.7591273784637451
3560,analcatdata_dmft,797,small,6,1,13,False,"(128, 64)",0.003,0.0,0.001,1.8111722469329836,1.7686878442764282,0.0467295716516673,0.8257444500923157,1.7735888957977295,1.985276222229004
3560,analcatdata_dmft,797,small,6,1,14,False,"(512, 256, 128)",0.0005,0.05,0.0,1.8039647340774536,1.7727123498916626,0.0341834994964301,0.8271135091781616,1.7715275287628174,1.9817575216293333
3560,analcatdata_dmft,797,small,6,2,0,True,"(256, 128)",0.001,0.1,0.0001,1.817607045173645,1.749595046043396,0.0198591301838556,0.8195500373840332,1.773318886756897,1.868359088897705
3560,analcatdata_dmft,797,small,6,2,1,False,"(512, 256)",0.0001,0.1,0.001,1.7948170900344849,1.7517391443252563,0.0641666737074653,0.821016788482666,1.752719521522522,1.6876929998397827
3560,analcatdata_dmft,797,small,6,2,2,False,"(256, 128, 64)",0.0001,0.05,0.0001,1.7723184823989868,1.76460862159729,0.0653902273935576,0.826285183429718,1.774693250656128,1.4531195163726809
3560,analcatdata_dmft,797,small,6,2,3,False,"(256, 128)",0.001,0.3,0.001,1.7745506763458252,1.7483460903167725,0.0624412486640115,0.819688618183136,1.7447211742401123,1.3547894954681396
3560,analcatdata_dmft,797,small,6,2,4,False,"(256, 128)",0.0005,0.3,1e-05,1.7826229333877563,1.7492778301239014,0.057291425888737,0.8197683095932007,1.7454416751861572,1.50555157661438
3560,analcatdata_dmft,797,small,6,2,5,False,"(512, 256)",0.0005,0.05,0.001,1.8072659969329836,1.7458865642547607,0.0343819645233452,0.8189380764961243,1.7555835247039795,1.8110984563827517
3560,analcatdata_dmft,797,small,6,2,6,False,"(512, 256)",0.0001,0.0,0.001,1.7973947525024414,1.7403301000595093,0.0411252557610472,0.8171743154525757,1.7459814548492432,1.7136144638061523
3560,analcatdata_dmft,797,small,6,2,7,False,"(128, 64)",0.0005,0.3,0.001,1.7732118368148804,1.7549928426742554,0.0823004438231388,0.822215735912323,1.7595096826553345,1.4343069791793823
3560,analcatdata_dmft,797,small,6,2,8,False,"(64, 32)",0.0001,0.1,0.0001,1.8050819635391235,1.794532060623169,0.0289095163345337,0.8342529535293579,1.8072092533111568,4.300451755523682
3560,analcatdata_dmft,797,small,6,2,9,False,"(128, 64)",0.003,0.2,0.001,1.7883741855621338,1.7466157674789429,0.0284875063846508,0.8183721303939819,1.7627055644989014,1.6480265855789185
3560,analcatdata_dmft,797,small,6,2,10,False,"(512, 256, 128)",0.0005,0.1,0.001,1.830990195274353,1.746533989906311,0.0234380691622694,0.8179734945297241,1.7714439630508425,1.940682053565979
3560,analcatdata_dmft,797,small,6,2,11,False,"(512, 256)",0.003,0.0,0.0001,1.8022218942642207,1.7417348623275757,0.0385253492121895,0.816655158996582,1.759882926940918,1.745815396308899
3560,analcatdata_dmft,797,small,6,2,12,False,"(256, 128, 64)",0.001,0.3,0.0,1.8075872659683228,1.7596499919891355,0.0416792109298209,0.8228563070297241,1.7887531518936155,1.792119383811951
3560,analcatdata_dmft,797,small,6,2,13,False,"(128, 64)",0.003,0.0,0.001,1.8196802139282229,1.7534682750701904,0.025356385918955,0.8190633058547974,1.8036234378814695,1.8521201610565183
3560,analcatdata_dmft,797,small,6,2,14,False,"(512, 256, 128)",0.0005,0.05,0.0,1.8290228843688965,1.7484687566757202,0.0300757746522625,0.8189366459846497,1.773901343345642,1.934720993041992
3573,mnist_784,70000,large,10,0,0,True,"(256, 128)",0.001,0.1,0.0001,0.1064953804016113,0.0873702242970466,0.0027693698399123,0.0381312519311904,0.0935538783669471,1.3163409233093262
3573,mnist_784,70000,large,10,0,1,False,"(512, 256)",0.0001,0.1,0.001,0.0971776843070983,0.0882409811019897,0.0027951040204082,0.0379482768476009,0.091446042060852,1.199870467185974
3573,mnist_784,70000,large,10,0,2,False,"(256, 128, 64)",0.0001,0.05,0.0001,0.1020108982920646,0.0945836529135704,0.0036446597430677,0.0406968481838703,0.095119684934616,1.0797499418258667
3573,mnist_784,70000,large,10,0,3,False,"(256, 128)",0.001,0.3,0.001,0.098941683769226,0.0819535925984382,0.0019809184996854,0.0362887680530548,0.0903518572449684,1.3715167045593262
3573,mnist_784,70000,large,10,0,4,False,"(256, 128)",0.0005,0.3,1e-05,0.0965500697493553,0.0885988175868988,0.0026803445390292,0.0386399812996387,0.0932962149381637,1.237805962562561
3573,mnist_784,70000,large,10,0,5,False,"(512, 256)",0.0005,0.05,0.001,0.1005230471491813,0.0893701314926147,0.00373641354839,0.0392077714204788,0.0940301716327667,1.2439477443695068
3573,mnist_784,70000,large,10,0,6,False,"(512, 256)",0.0001,0.0,0.001,0.1031581684947013,0.0928515791893005,0.0025978263999734,0.0392675660550594,0.0985946580767631,1.2487480640411377
3573,mnist_784,70000,large,10,0,7,False,"(128, 64)",0.0005,0.3,0.001,0.107441209256649,0.0971724018454551,0.0024855978669864,0.0427718348801136,0.1038891971111297,1.2764540910720823
3573,mnist_784,70000,large,10,0,8,False,"(64, 32)",0.0001,0.1,0.0001,0.1218810081481933,0.1205438077449798,0.0043659408298276,0.050793882459402,0.1216599941253662,1.081332802772522
3573,mnist_784,70000,large,10,0,9,False,"(128, 64)",0.003,0.2,0.001,0.111594021320343,0.1033026650547981,0.0025528072700613,0.0459197200834751,0.1066361367702484,1.1791400909423828
3573,mnist_784,70000,large,10,0,10,False,"(512, 256, 128)",0.0005,0.1,0.001,0.1034069284796714,0.0869279727339744,0.003945521945045,0.0377654172480106,0.0984290838241577,1.373024821281433
3573,mnist_784,70000,large,10,0,11,False,"(512, 256)",0.003,0.0,0.0001,0.1029818654060363,0.0886146053671836,0.0024254346269936,0.0394562929868698,0.1069075986742973,1.5254511833190918
3573,mnist_784,70000,large,10,0,12,False,"(256, 128, 64)",0.001,0.3,0.0,0.0979417636990547,0.0867904424667358,0.0034564152494782,0.0371558256447315,0.0945268124341964,1.2936503887176514
3573,mnist_784,70000,large,10,0,13,False,"(128, 64)",0.003,0.0,0.001,0.1127733364701271,0.1008275747299194,0.0034324202175651,0.0450047478079795,0.1090558916330337,1.3059301376342771
3573,mnist_784,70000,large,10,0,14,False,"(512, 256, 128)",0.0005,0.05,0.0,0.0941153392195701,0.083050362765789,0.0036485452027547,0.0370091013610363,0.0896986722946167,1.2771036624908447
3573,mnist_784,70000,large,10,1,0,True,"(256, 128)",0.001,0.1,0.0001,0.1017544940114021,0.0946110859513282,0.002655339104079,0.0406232587993145,0.1021492779254913,1.2884292602539062
3573,mnist_784,70000,large,10,1,1,False,"(512, 256)",0.0001,0.1,0.001,0.1028450727462768,0.0948986113071441,0.0032642111505071,0.0405718646943569,0.1042907387018203,1.3051180839538574
3573,mnist_784,70000,large,10,1,2,False,"(256, 128, 64)",0.0001,0.05,0.0001,0.102258913218975,0.0974569842219352,0.0038879252345788,0.0419952943921089,0.1006423979997634,1.159989595413208
3573,mnist_784,70000,large,10,1,3,False,"(256, 128)",0.001,0.3,0.001,0.105393186211586,0.0833663865923881,0.0026171816622927,0.0359293222427368,0.1022134721279144,1.5607359409332275
3573,mnist_784,70000,large,10,1,4,False,"(256, 128)",0.0005,0.3,1e-05,0.0989878550171852,0.0872594714164733,0.0026527897538173,0.0374686680734157,0.0958681628108024,1.3314924240112305
3573,mnist_784,70000,large,10,1,5,False,"(512, 256)",0.0005,0.05,0.001,0.106429636478424,0.0874016806483268,0.00274468336006,0.0384544543921947,0.1001902893185615,1.4289522171020508
3573,mnist_784,70000,large,10,1,6,False,"(512, 256)",0.0001,0.0,0.001,0.1004765629768371,0.1001054346561431,0.0027267347042049,0.0424453355371952,0.1006661728024482,1.05828857421875
3573,mnist_784,70000,large,10,1,7,False,"(128, 64)",0.0005,0.3,0.001,0.101529024541378,0.098076693713665,0.0030692824863251,0.0428175553679466,0.101910799741745,1.1804674863815308
3573,mnist_784,70000,large,10,1,8,False,"(64, 32)",0.0001,0.1,0.0001,0.1222869008779525,0.120158851146698,0.0031980087721631,0.0501306690275669,0.1224323883652687,1.120481014251709
3573,mnist_784,70000,large,10,1,9,False,"(128, 64)",0.003,0.2,0.001,0.107160784304142,0.0994633436203002,0.0023538617981331,0.0445197261869907,0.1046997606754303,1.239205241203308
3573,mnist_784,70000,large,10,1,10,False,"(512, 256, 128)",0.0005,0.1,0.001,0.1065673828125,0.0880530923604965,0.0026292816159271,0.0383844077587127,0.097709909081459,1.347645282745361
3573,mnist_784,70000,large,10,1,11,False,"(512, 256)",0.003,0.0,0.0001,0.107754185795784,0.0774277672171592,0.0030724572943789,0.034320555627346,0.1074633672833442,1.8215274810791016
3573,mnist_784,70000,large,10,1,12,False,"(256, 128, 64)",0.001,0.3,0.0,0.1003408282995224,0.0856424123048782,0.0040353213176131,0.0368450172245502,0.0973363295197486,1.3818950653076172
3573,mnist_784,70000,large,10,1,13,False,"(128, 64)",0.003,0.0,0.001,0.109824039041996,0.093328982591629,0.0018577113974661,0.0413136146962642,0.1029037833213806,1.3691391944885254
3573,mnist_784,70000,large,10,1,14,False,"(512, 256, 128)",0.0005,0.05,0.0,0.1032892540097236,0.0867071449756622,0.0027507146195996,0.0368017703294754,0.0937482044100761,1.287045121192932
3573,mnist_784,70000,large,10,2,0,True,"(256, 128)",0.001,0.1,0.0001,0.0919311344623565,0.0802508816123008,0.0034741060726699,0.0373423807322979,0.083305224776268,1.240662932395935
3573,mnist_784,70000,large,10,2,1,False,"(512, 256)",0.0001,0.1,0.001,0.0894676148891449,0.0864281430840492,0.0026689087688213,0.0384852923452854,0.0875378623604774,1.1265954971313477
3573,mnist_784,70000,large,10,2,2,False,"(256, 128, 64)",0.0001,0.05,0.0001,0.0932632163166999,0.0910895392298698,0.0031552520930057,0.0405278243124485,0.0910543873906135,1.0286821126937866
3573,mnist_784,70000,large,10,2,3,False,"(256, 128)",0.001,0.3,0.001,0.0889462679624557,0.0854390934109687,0.0023156623052699,0.0388217158615589,0.0873513519763946,1.154123067855835
3573,mnist_784,70000,large,10,2,4,False,"(256, 128)",0.0005,0.3,1e-05,0.0943488776683807,0.0919899865984916,0.0037003910275442,0.0412012748420238,0.0935298576951026,1.1328816413879397
3573,mnist_784,70000,large,10,2,5,False,"(512, 256)",0.0005,0.05,0.001,0.0870482325553894,0.0854948908090591,0.001707834269674,0.038393922150135,0.087524726986885,1.1552854776382446
3573,mnist_784,70000,large,10,2,6,False,"(512, 256)",0.0001,0.0,0.001,0.0901676267385482,0.0889874771237373,0.0032360066668618,0.0397892706096172,0.0903923660516738,1.1249409914016724
3573,mnist_784,70000,large,10,2,7,False,"(128, 64)",0.0005,0.3,0.001,0.1006721854209899,0.0883338302373886,0.0031034758612513,0.0392453707754612,0.0976609289646148,1.3663339614868164
3573,mnist_784,70000,large,10,2,8,False,"(64, 32)",0.0001,0.1,0.0001,0.1209011226892471,0.1102401912212371,0.0029978312757753,0.0488264523446559,0.1116158887743949,1.139446496963501
3573,mnist_784,70000,large,10,2,9,False,"(128, 64)",0.003,0.2,0.001,0.1060419604182243,0.1108870431780815,0.002214332437941,0.0507970415055751,0.1114500984549522,1.0618338584899902
3573,mnist_784,70000,large,10,2,10,False,"(512, 256, 128)",0.0005,0.1,0.001,0.0870466455817222,0.0811952799558639,0.0032194718136673,0.0367777720093727,0.0853531658649444,1.217063307762146
3573,mnist_784,70000,large,10,2,11,False,"(512, 256)",0.003,0.0,0.0001,0.103285402059555,0.100140705704689,0.0034298373638164,0.0467581786215305,0.1024233400821685,1.1530505418777466
3573,mnist_784,70000,large,10,2,12,False,"(256, 128, 64)",0.001,0.3,0.0,0.0922223925590515,0.085362508893013,0.0032877141730416,0.0388591438531875,0.0892541408538818,1.2120318412780762
3573,mnist_784,70000,large,10,2,13,False,"(128, 64)",0.003,0.0,0.001,0.1030204743146896,0.0979779213666915,0.0024378704925378,0.0428775995969772,0.1042409688234329,1.2692471742630005
3573,mnist_784,70000,large,10,2,14,False,"(512, 256, 128)",0.0005,0.05,0.0,0.0924838334321975,0.0881200581789016,0.0028458631655999,0.0400782115757465,0.0894854441285133,1.1259363889694214
3913,kc2,522,small,2,0,0,True,"(256, 128)",0.001,0.1,0.0001,0.6310310363769531,0.4136260747909546,0.1014193341845557,0.253928005695343,0.4006223678588867,1.8574799299240112
3913,kc2,522,small,2,0,1,False,"(512, 256)",0.0001,0.1,0.001,0.4331277012825012,0.3755015730857849,0.0605910605854458,0.2293000519275665,0.3684735894203186,1.1622045040130615
3913,kc2,522,small,2,0,2,False,"(256, 128, 64)",0.0001,0.05,0.0001,0.4323987364768982,0.3638647198677063,0.103357217993055,0.2194561660289764,0.377523273229599,0.8691216707229614
3913,kc2,522,small,2,0,3,False,"(256, 128)",0.001,0.3,0.001,0.5668621063232422,0.3891908526420593,0.0878586449320354,0.2364466935396194,0.3738898932933807,1.7111458778381348
3913,kc2,522,small,2,0,4,False,"(256, 128)",0.0005,0.3,1e-05,0.45327228307724,0.3735943734645843,0.0905850597790309,0.2272510826587677,0.3659442365169525,1.3472647666931152
3913,kc2,522,small,2,0,5,False,"(512, 256)",0.0005,0.05,0.001,0.4596994817256927,0.3831772208213806,0.075190091890002,0.235464334487915,0.3944476544857025,1.48592209815979
3913,kc2,522,small,2,0,6,False,"(512, 256)",0.0001,0.0,0.001,0.4211083948612213,0.3912467956542969,0.0672110979519193,0.2434236109256744,0.3886420726776123,1.0852775573730469
3913,kc2,522,small,2,0,7,False,"(128, 64)",0.0005,0.3,0.001,0.4280192255973816,0.3889278173446655,0.0659123265554034,0.2403346896171569,0.3927418291568756,0.9403966665267944
3913,kc2,522,small,2,0,8,False,"(64, 32)",0.0001,0.1,0.0001,0.505987823009491,0.4257718622684479,0.0610356115159534,0.268858253955841,0.4971083998680115,0.5106852054595947
3913,kc2,522,small,2,0,9,False,"(128, 64)",0.003,0.2,0.001,0.4731312096118927,0.3722325563430786,0.069817168372018,0.2280604839324951,0.3747219741344452,1.4776421785354614
3913,kc2,522,small,2,0,10,False,"(512, 256, 128)",0.0005,0.1,0.001,0.409070611000061,0.3578259646892547,0.0697663995954725,0.219405397772789,0.3545017838478088,1.1615850925445557
3913,kc2,522,small,2,0,11,False,"(512, 256)",0.003,0.0,0.0001,0.5034388899803162,0.3797339200973511,0.0831725056209261,0.230637326836586,0.4105428159236908,1.787395477294922
3913,kc2,522,small,2,0,12,False,"(256, 128, 64)",0.001,0.3,0.0,0.4923798441886902,0.3869951069355011,0.0743644606499445,0.2363192290067672,0.3771380186080932,1.4370750188827517
3913,kc2,522,small,2,0,13,False,"(128, 64)",0.003,0.0,0.001,0.7022714018821716,0.5022309422492981,0.1251491353625342,0.2772575318813324,0.583689272403717,2.073903083801269
3913,kc2,522,small,2,0,14,False,"(512, 256, 128)",0.0005,0.05,0.0,0.3997601866722107,0.3704062700271606,0.087345566446819,0.2301040589809417,0.3724911510944366,1.1696901321411133
3913,kc2,522,small,2,1,0,True,"(256, 128)",0.001,0.1,0.0001,0.3473303914070129,0.5403091907501221,0.1113250013381715,0.2936896085739136,0.4686481654644012,0.4717070758342743
3913,kc2,522,small,2,1,1,False,"(512, 256)",0.0001,0.1,0.001,0.3517650365829468,0.5728755593299866,0.1094392411292545,0.2883068323135376,0.4963241517543793,0.5337483286857605
3913,kc2,522,small,2,1,2,False,"(256, 128, 64)",0.0001,0.05,0.0001,0.3707515895366668,0.5223895907402039,0.1452149970190865,0.2872911989688873,0.4778242707252502,0.4670931398868561
3913,kc2,522,small,2,1,3,False,"(256, 128)",0.001,0.3,0.001,0.3237967789173126,0.5155176520347595,0.0919514886916629,0.2838965058326721,0.4574599266052246,0.5723835229873657
3913,kc2,522,small,2,1,4,False,"(256, 128)",0.0005,0.3,1e-05,0.3207035362720489,0.5107246041297913,0.089337222349076,0.2835923433303833,0.4569156169891357,0.6186501383781433
3913,kc2,522,small,2,1,5,False,"(512, 256)",0.0005,0.05,0.001,0.3372503519058227,0.5451924204826355,0.1110631838677421,0.2846280634403229,0.4750007688999176,0.5319093465805054
3913,kc2,522,small,2,1,6,False,"(512, 256)",0.0001,0.0,0.001,0.3550007045269012,0.5693839192390442,0.109710317187839,0.2891072332859039,0.4916943609714508,0.515571117401123
3913,kc2,522,small,2,1,7,False,"(128, 64)",0.0005,0.3,0.001,0.347548633813858,0.4607170522212982,0.0748750728274148,0.2646560072898865,0.4312105476856231,0.5001033544540405
3913,kc2,522,small,2,1,8,False,"(64, 32)",0.0001,0.1,0.0001,0.3934662938117981,0.4435623586177826,0.07535099926449,0.2644769847393036,0.455286830663681,0.4292310774326324
3913,kc2,522,small,2,1,9,False,"(128, 64)",0.003,0.2,0.001,0.3506273925304413,0.4899202585220337,0.0939415017763773,0.2681078612804413,0.4404054880142212,0.4533306956291199
3913,kc2,522,small,2,1,10,False,"(512, 256, 128)",0.0005,0.1,0.001,0.3442298173904419,0.5384312868118286,0.1124236301770286,0.2808282673358917,0.4722889065742492,0.4956650733947754
3913,kc2,522,small,2,1,11,False,"(512, 256)",0.003,0.0,0.0001,0.3101987838745117,0.5300124883651733,0.1037791206723168,0.2915437519550323,0.4556646943092346,0.602639377117157
3913,kc2,522,small,2,1,12,False,"(256, 128, 64)",0.001,0.3,0.0,0.3231220245361328,0.5035430788993835,0.0920813834856427,0.2797284722328186,0.4484307467937469,0.5550450682640076
3913,kc2,522,small,2,1,13,False,"(128, 64)",0.003,0.0,0.001,0.3750214874744415,0.4884760677814483,0.1043980269205002,0.2704057097434997,0.4496768116950989,0.3833332657814026
3913,kc2,522,small,2,1,14,False,"(512, 256, 128)",0.0005,0.05,0.0,0.3493048250675201,0.5247806906700134,0.093870150664496,0.278138130903244,0.4655512869358063,0.476417988538742
3913,kc2,522,small,2,2,0,True,"(256, 128)",0.001,0.1,0.0001,0.385020911693573,0.3433327376842499,0.060115287039015,0.2117549180984497,0.3433327376842499,0.9999983906745912
3913,kc2,522,small,2,2,1,False,"(512, 256)",0.0001,0.1,0.001,0.3845954239368438,0.3471774756908417,0.075413721894461,0.2128239423036575,0.3513944745063782,0.8779364824295044
3913,kc2,522,small,2,2,2,False,"(256, 128, 64)",0.0001,0.05,0.0001,0.4078602790832519,0.3605796694755554,0.0797744618521796,0.223096489906311,0.37940314412117,0.7244960069656372
3913,kc2,522,small,2,2,3,False,"(256, 128)",0.001,0.3,0.001,0.3982415795326233,0.3670513927936554,0.0481873270065065,0.2275248914957046,0.3675339221954345,0.9080858826637268
3913,kc2,522,small,2,2,4,False,"(256, 128)",0.0005,0.3,1e-05,0.3983403444290161,0.3530857264995575,0.0476381920632862,0.2142530381679535,0.3599832057952881,0.8194307684898376
3913,kc2,522,small,2,2,5,False,"(512, 256)",0.0005,0.05,0.001,0.4127281308174133,0.3559678792953491,0.0608859465235755,0.2204170078039169,0.3570619523525238,1.1643266677856443
3913,kc2,522,small,2,2,6,False,"(512, 256)",0.0001,0.0,0.001,0.4157413244247436,0.3469293117523193,0.0721332661689273,0.2103127688169479,0.3588842153549194,0.8488721251487732
3913,kc2,522,small,2,2,7,False,"(128, 64)",0.0005,0.3,0.001,0.4141828715801239,0.3436611294746399,0.0700804615777636,0.20966537296772,0.3574936687946319,0.8076464533805847
3913,kc2,522,small,2,2,8,False,"(64, 32)",0.0001,0.1,0.0001,0.4690155982971191,0.3411606252193451,0.0897016547975086,0.2089871764183044,0.4072025120258331,0.5774818658828735
3913,kc2,522,small,2,2,9,False,"(128, 64)",0.003,0.2,0.001,0.3969428837299347,0.3410983979701996,0.0499730331557137,0.210853099822998,0.3450253307819366,0.8423920273780823
3913,kc2,522,small,2,2,10,False,"(512, 256, 128)",0.0005,0.1,0.001,0.407768189907074,0.4052444398403168,0.0495885432712615,0.243433877825737,0.4151938557624817,1.190812587738037
3913,kc2,522,small,2,2,11,False,"(512, 256)",0.003,0.0,0.0001,0.4319402873516083,0.3777216672897339,0.064048761602432,0.2305564731359481,0.3930573463439941,1.3502748012542725
3913,kc2,522,small,2,2,12,False,"(256, 128, 64)",0.001,0.3,0.0,0.3942392766475677,0.3699108362197876,0.0686072752589271,0.227371796965599,0.3715908825397491,1.0804948806762695
3913,kc2,522,small,2,2,13,False,"(128, 64)",0.003,0.0,0.001,0.3947526514530182,0.365563303232193,0.0491467899746365,0.2206066846847534,0.370193213224411,1.17149555683136
3913,kc2,522,small,2,2,14,False,"(512, 256, 128)",0.0005,0.05,0.0,0.403749018907547,0.3681468665599823,0.0784312965377928,0.2299184054136276,0.3681183159351349,1.0704866647720337
9946,wdbc,569,small,2,0,0,True,"(256, 128)",0.001,0.1,0.0001,0.1100980788469314,0.0846816524863243,0.0302982351236176,0.0476878993213176,0.0877921059727668,0.9399852752685548
9946,wdbc,569,small,2,0,1,False,"(512, 256)",0.0001,0.1,0.001,0.1154735013842582,0.0748291611671447,0.0366183062743025,0.0394475311040878,0.0839065089821815,0.8751742243766785
9946,wdbc,569,small,2,0,2,False,"(256, 128, 64)",0.0001,0.05,0.0001,0.1410871297121048,0.1039903610944747,0.0316284893200411,0.058487132191658,0.1375839859247207,0.6785523891448975
9946,wdbc,569,small,2,0,3,False,"(256, 128)",0.001,0.3,0.001,0.1163466051220893,0.0910374149680137,0.0358949659163491,0.0508671551942825,0.0954535230994224,0.9248390197753906
9946,wdbc,569,small,2,0,4,False,"(256, 128)",0.0005,0.3,1e-05,0.1253797262907028,0.0789751410484314,0.0388368518031828,0.0410776361823082,0.106686346232891,0.7138002514839172
9946,wdbc,569,small,2,0,5,False,"(512, 256)",0.0005,0.05,0.001,0.1429419070482254,0.0777074173092842,0.033010783251266,0.0406385548412799,0.0673134997487068,1.2330549955368042
9946,wdbc,569,small,2,0,6,False,"(512, 256)",0.0001,0.0,0.001,0.111046515405178,0.0647487118840217,0.0360242433366719,0.0318397916853427,0.0740730836987495,0.8769821524620056
9946,wdbc,569,small,2,0,7,False,"(128, 64)",0.0005,0.3,0.001,0.1182159855961799,0.0801098942756652,0.0368885089430892,0.0426749549806118,0.0947429239749908,0.8093345165252686
9946,wdbc,569,small,2,0,8,False,"(64, 32)",0.0001,0.1,0.0001,0.2633916139602661,0.1250427663326263,0.0652735391904038,0.0685747414827346,0.2563239336013794,0.4144884347915649
9946,wdbc,569,small,2,0,9,False,"(128, 64)",0.003,0.2,0.001,0.103407584130764,0.0720716938376426,0.0396575444971608,0.0435738898813724,0.0727234408259391,0.9832913279533386
9946,wdbc,569,small,2,0,10,False,"(512, 256, 128)",0.0005,0.1,0.001,0.1350680291652679,0.07732555270195,0.0342826100817897,0.0416263602674007,0.0719728618860244,1.1436415910720823
9946,wdbc,569,small,2,0,11,False,"(512, 256)",0.003,0.0,0.0001,0.2007095217704773,0.0891512855887413,0.0365205222403096,0.0497976802289485,0.0807433649897575,1.830892324447632
9946,wdbc,569,small,2,0,12,False,"(256, 128, 64)",0.001,0.3,0.0,0.1276326477527618,0.0936957001686096,0.0340098900753155,0.0508281290531158,0.0916943326592445,1.0372177362442017
9946,wdbc,569,small,2,0,13,False,"(128, 64)",0.003,0.0,0.001,0.1066042631864547,0.0894097164273262,0.0329477727761742,0.0565451979637146,0.090397723019123,0.9631459712982178
9946,wdbc,569,small,2,0,14,False,"(512, 256, 128)",0.0005,0.05,0.0,0.1275987923145294,0.0868207812309265,0.0307922110571498,0.0492492839694023,0.0837546065449714,1.0949950218200684
9946,wdbc,569,small,2,1,0,True,"(256, 128)",0.001,0.1,0.0001,0.1486333906650543,0.1242404654622078,0.026040343338983,0.077349878847599,0.1456167548894882,1.5490682125091553
9946,wdbc,569,small,2,1,1,False,"(512, 256)",0.0001,0.1,0.001,0.1022679507732391,0.0997011959552764,0.0282499281286496,0.0590748749673366,0.1005263924598693,0.9360015392303468
9946,wdbc,569,small,2,1,2,False,"(256, 128, 64)",0.0001,0.05,0.0001,0.1392345577478408,0.123703509569168,0.0284023584678159,0.0734209790825843,0.1522799432277679,0.5729783773422241
9946,wdbc,569,small,2,1,3,False,"(256, 128)",0.001,0.3,0.001,0.133426621556282,0.1051014363765716,0.0300939165012181,0.061637494713068,0.1202729344367981,1.4842379093170166
9946,wdbc,569,small,2,1,4,False,"(256, 128)",0.0005,0.3,1e-05,0.1091016829013824,0.1017710864543914,0.020827835763407,0.0589733608067035,0.1060080677270889,1.1693456172943115
9946,wdbc,569,small,2,1,5,False,"(512, 256)",0.0005,0.05,0.001,0.1172001808881759,0.1109436452388763,0.0324316263547417,0.0685259699821472,0.1232295110821724,1.346398949623108
9946,wdbc,569,small,2,1,6,False,"(512, 256)",0.0001,0.0,0.001,0.1010291203856468,0.102054476737976,0.0150104112792433,0.0609125085175037,0.1025369390845298,0.9428807497024536
9946,wdbc,569,small,2,1,7,False,"(128, 64)",0.0005,0.3,0.001,0.1042103245854377,0.0968904942274093,0.0244271244570525,0.057304747402668,0.0987849682569503,0.8526060581207275
9946,wdbc,569,small,2,1,8,False,"(64, 32)",0.0001,0.1,0.0001,0.2776803374290466,0.1172994375228881,0.0450445235821238,0.0684634000062942,0.2783053815364837,0.3243755102157593
9946,wdbc,569,small,2,1,9,False,"(128, 64)",0.003,0.2,0.001,0.148819625377655,0.1006284728646278,0.021301058475037,0.0577027089893817,0.125138908624649,1.6254814863204956
9946,wdbc,569,small,2,1,10,False,"(512, 256, 128)",0.0005,0.1,0.001,0.1228777170181274,0.1214596405625343,0.0288620624277326,0.0657150596380233,0.1351985186338424,1.3050557374954224
9946,wdbc,569,small,2,1,11,False,"(512, 256)",0.003,0.0,0.0001,0.2078174501657486,0.1116377934813499,0.0354732794371264,0.0710741654038429,0.185112252831459,2.505220413208008
9946,wdbc,569,small,2,1,12,False,"(256, 128, 64)",0.001,0.3,0.0,0.1163902953267097,0.1346456855535507,0.0396083764165465,0.0724735707044601,0.1567229181528091,1.3388129472732544
9946,wdbc,569,small,2,1,13,False,"(128, 64)",0.003,0.0,0.001,0.1776933968067169,0.1284000128507614,0.0309663498610781,0.0724310204386711,0.1838462054729461,1.7979823350906372
9946,wdbc,569,small,2,1,14,False,"(512, 256, 128)",0.0005,0.05,0.0,0.1322843879461288,0.1170055717229843,0.0334064190150701,0.0691886842250824,0.1265643388032913,1.3313117027282717
9946,wdbc,569,small,2,2,0,True,"(256, 128)",0.001,0.1,0.0001,0.1052078381180763,0.0665265917778015,0.0212995727159823,0.0278694089502096,0.0649580433964729,1.0763909816741943
9946,wdbc,569,small,2,2,1,False,"(512, 256)",0.0001,0.1,0.001,0.0969185754656791,0.0694213360548019,0.0242042602502811,0.0305670388042926,0.0783177092671394,0.7787312865257263
9946,wdbc,569,small,2,2,2,False,"(256, 128, 64)",0.0001,0.05,0.0001,0.1342268884181976,0.0754153355956077,0.0288338235944335,0.0305364746600389,0.1125519201159477,0.659627377986908
9946,wdbc,569,small,2,2,3,False,"(256, 128)",0.001,0.3,0.001,0.1028838977217674,0.0703287348151207,0.0237723153237013,0.0314149409532547,0.0699451863765716,1.0180332660675049
9946,wdbc,569,small,2,2,4,False,"(256, 128)",0.0005,0.3,1e-05,0.0988483428955078,0.0647319853305816,0.0201646884282429,0.0282258465886116,0.0633503124117851,1.0848817825317385
9946,wdbc,569,small,2,2,5,False,"(512, 256)",0.0005,0.05,0.001,0.1083146706223487,0.0706526860594749,0.024618349228686,0.0312901847064495,0.0690838247537612,1.099513053894043
9946,wdbc,569,small,2,2,6,False,"(512, 256)",0.0001,0.0,0.001,0.0966565907001495,0.0673565566539764,0.0234780876260054,0.0301271881908178,0.0752441361546516,0.7889512777328491
9946,wdbc,569,small,2,2,7,False,"(128, 64)",0.0005,0.3,0.001,0.0979890003800392,0.0706168562173843,0.0236798167577264,0.0305565111339092,0.0835802778601646,0.7620688676834106
9946,wdbc,569,small,2,2,8,False,"(64, 32)",0.0001,0.1,0.0001,0.2921105325222015,0.1587017923593521,0.0345505850705487,0.0872748494148254,0.2877136468887329,0.2814827859401703
9946,wdbc,569,small,2,2,9,False,"(128, 64)",0.003,0.2,0.001,0.1203880608081817,0.0710206925868988,0.0271986886771799,0.0292010363191366,0.0680243521928787,1.0887900590896606
9946,wdbc,569,small,2,2,10,False,"(512, 256, 128)",0.0005,0.1,0.001,0.1471340954303741,0.081835076212883,0.0287384497143371,0.0384691357612609,0.0752239450812339,1.1797666549682615
9946,wdbc,569,small,2,2,11,False,"(512, 256)",0.003,0.0,0.0001,0.1246706545352935,0.0746226459741592,0.0219019559043192,0.0359102115035057,0.0772181674838066,1.3903257846832275
9946,wdbc,569,small,2,2,12,False,"(256, 128, 64)",0.001,0.3,0.0,0.1249325200915336,0.0737099647521972,0.0197939165154395,0.0312556326389312,0.07090824842453,1.2417393922805786
9946,wdbc,569,small,2,2,13,False,"(128, 64)",0.003,0.0,0.001,0.1084065735340118,0.0664990097284317,0.0221837122886501,0.0270533245056867,0.0709448009729385,0.9040398597717284
9946,wdbc,569,small,2,2,14,False,"(512, 256, 128)",0.0005,0.05,0.0,0.1459702253341674,0.0842597186565399,0.0298974254326513,0.0391662344336509,0.0770434513688087,1.1975167989730835
9960,wall-robot-navigation,5456,medium,4,0,0,True,"(256, 128)",0.001,0.1,0.0001,0.2942772209644317,0.2400968223810196,0.0179524458353481,0.1260658055543899,0.24606354534626,1.3245115280151367
9960,wall-robot-navigation,5456,medium,4,0,1,False,"(512, 256)",0.0001,0.1,0.001,0.2918581366539001,0.2701439559459686,0.0163721507540261,0.1462461650371551,0.2688124179840088,1.0865285396575928
9960,wall-robot-navigation,5456,medium,4,0,2,False,"(256, 128, 64)",0.0001,0.05,0.0001,0.2906562983989715,0.2721157073974609,0.010542822508221,0.1430636942386627,0.2729867100715637,0.9772950410842896
9960,wall-robot-navigation,5456,medium,4,0,3,False,"(256, 128)",0.001,0.3,0.001,0.2773603200912475,0.2334646433591842,0.0251451969710753,0.1231741160154342,0.2379556149244308,1.301873803138733
9960,wall-robot-navigation,5456,medium,4,0,4,False,"(256, 128)",0.0005,0.3,1e-05,0.287318617105484,0.2615304589271545,0.0223411149521596,0.140409454703331,0.2600442469120025,1.082783341407776
9960,wall-robot-navigation,5456,medium,4,0,5,False,"(512, 256)",0.0005,0.05,0.001,0.2833893001079559,0.2671408057212829,0.0208356235453788,0.1415461152791977,0.2707266211509704,1.188362956047058
9960,wall-robot-navigation,5456,medium,4,0,6,False,"(512, 256)",0.0001,0.0,0.001,0.2904936969280243,0.2717333734035492,0.0155838503705858,0.1453272551298141,0.272855281829834,1.1530747413635254
9960,wall-robot-navigation,5456,medium,4,0,7,False,"(128, 64)",0.0005,0.3,0.001,0.2978537380695343,0.2844428420066833,0.0242700047236077,0.1549103111028671,0.283922016620636,1.020845890045166
9960,wall-robot-navigation,5456,medium,4,0,8,False,"(64, 32)",0.0001,0.1,0.0001,0.5616706609725952,0.5069016814231873,0.0316941952275996,0.2819374799728393,0.5648647546768188,0.638733983039856
9960,wall-robot-navigation,5456,medium,4,0,9,False,"(128, 64)",0.003,0.2,0.001,0.2759619355201721,0.2181880474090576,0.0293963101211484,0.1133522316813469,0.2156278789043426,1.2693181037902832
9960,wall-robot-navigation,5456,medium,4,0,10,False,"(512, 256, 128)",0.0005,0.1,0.001,0.2791683971881866,0.2519961297512054,0.0134678012503809,0.134106770157814,0.2518249750137329,1.1408381462097168
9960,wall-robot-navigation,5456,medium,4,0,11,False,"(512, 256)",0.003,0.0,0.0001,0.3146517872810364,0.2838245034217834,0.0243109760940147,0.149308755993843,0.2961908280849457,1.319939374923706
9960,wall-robot-navigation,5456,medium,4,0,12,False,"(256, 128, 64)",0.001,0.3,0.0,0.2727542519569397,0.2481991201639175,0.0207064984154788,0.1345184594392776,0.2482751458883285,1.157291293144226
9960,wall-robot-navigation,5456,medium,4,0,13,False,"(128, 64)",0.003,0.0,0.001,0.2944459617137909,0.2554324269294739,0.0279273208189796,0.1288620084524154,0.2677683234214782,1.341609001159668
9960,wall-robot-navigation,5456,medium,4,0,14,False,"(512, 256, 128)",0.0005,0.05,0.0,0.295089989900589,0.2683981955051422,0.0176020852029687,0.143214076757431,0.282391220331192,1.284844160079956
9960,wall-robot-navigation,5456,medium,4,1,0,True,"(256, 128)",0.001,0.1,0.0001,0.2463228404521942,0.2655085623264313,0.0261322134271063,0.1433157175779342,0.265129029750824,0.9841106534004213
9960,wall-robot-navigation,5456,medium,4,1,1,False,"(512, 256)",0.0001,0.1,0.001,0.2447506934404373,0.2669556736946106,0.0272365410030979,0.1433003693819046,0.2652769386768341,0.9382612705230712
9960,wall-robot-navigation,5456,medium,4,1,2,False,"(256, 128, 64)",0.0001,0.05,0.0001,0.2432388663291931,0.2681811451911926,0.0289181357247343,0.1403181999921798,0.2683543562889099,0.8372731804847717
9960,wall-robot-navigation,5456,medium,4,1,3,False,"(256, 128)",0.001,0.3,0.001,0.2328367978334427,0.2439875900745391,0.0222773802840811,0.1332156360149383,0.2444294244050979,1.0171306133270264
9960,wall-robot-navigation,5456,medium,4,1,4,False,"(256, 128)",0.0005,0.3,1e-05,0.2329038381576538,0.2381319850683212,0.0173917194243898,0.1285289674997329,0.2388638854026794,1.030318260192871
9960,wall-robot-navigation,5456,medium,4,1,5,False,"(512, 256)",0.0005,0.05,0.001,0.2423005104064941,0.2714188396930694,0.0292061006011252,0.1433837860822677,0.2802588939666748,1.1210975646972656
9960,wall-robot-navigation,5456,medium,4,1,6,False,"(512, 256)",0.0001,0.0,0.001,0.2424198389053344,0.2759871184825897,0.022095535046015,0.144936665892601,0.2759868800640106,0.9999956488609314
9960,wall-robot-navigation,5456,medium,4,1,7,False,"(128, 64)",0.0005,0.3,0.001,0.2595426738262176,0.2806377708911896,0.0258910885042032,0.1534341126680374,0.2794393002986908,0.8877604603767395
9960,wall-robot-navigation,5456,medium,4,1,8,False,"(64, 32)",0.0001,0.1,0.0001,0.5713367462158203,0.5240644812583923,0.045944305457475,0.2926491796970367,0.5814998745918274,0.6065548658370972
9960,wall-robot-navigation,5456,medium,4,1,9,False,"(128, 64)",0.003,0.2,0.001,0.1942227780818939,0.2008306980133056,0.0202925065498212,0.104335606098175,0.2166357636451721,1.2434213161468506
9960,wall-robot-navigation,5456,medium,4,1,10,False,"(512, 256, 128)",0.0005,0.1,0.001,0.2339851409196853,0.2584781944751739,0.0252129590373044,0.1374952644109726,0.2631465196609497,1.0754444599151611
9960,wall-robot-navigation,5456,medium,4,1,11,False,"(512, 256)",0.003,0.0,0.0001,0.257652997970581,0.2689067125320434,0.0241229047723596,0.1363877803087234,0.3081525862216949,1.3814737796783447
9960,wall-robot-navigation,5456,medium,4,1,12,False,"(256, 128, 64)",0.001,0.3,0.0,0.2331271320581436,0.2359644919633865,0.0231585869331353,0.1311223953962326,0.2427949160337448,1.1311187744140625
9960,wall-robot-navigation,5456,medium,4,1,13,False,"(128, 64)",0.003,0.0,0.001,0.2551716864109039,0.2760124206542969,0.0290338934304804,0.1464164108037948,0.3039978444576263,1.2816506624221802
9960,wall-robot-navigation,5456,medium,4,1,14,False,"(512, 256, 128)",0.0005,0.05,0.0,0.2268964201211929,0.2664617598056793,0.0287677936155863,0.1402030885219574,0.2705236673355102,1.0614444017410278
9960,wall-robot-navigation,5456,medium,4,2,0,True,"(256, 128)",0.001,0.1,0.0001,0.2583526968955993,0.2729256153106689,0.0311310525360416,0.1455107182264328,0.2770102322101593,1.108773112297058
9960,wall-robot-navigation,5456,medium,4,2,1,False,"(512, 256)",0.0001,0.1,0.001,0.2599640190601349,0.2820830345153808,0.0164938181802466,0.1511714458465576,0.2821727693080902,1.0056792497634888
9960,wall-robot-navigation,5456,medium,4,2,2,False,"(256, 128, 64)",0.0001,0.05,0.0001,0.2650554776191711,0.2970364689826965,0.0205120327490153,0.1585531532764434,0.29657644033432,0.9442242980003356
9960,wall-robot-navigation,5456,medium,4,2,3,False,"(256, 128)",0.001,0.3,0.001,0.2384017556905746,0.249458760023117,0.0189373570520508,0.139322891831398,0.2569808661937713,1.1870664358139038
9960,wall-robot-navigation,5456,medium,4,2,4,False,"(256, 128)",0.0005,0.3,1e-05,0.25572669506073,0.2662542164325714,0.0190124777719942,0.148149237036705,0.2697984278202057,1.1200710535049438
9960,wall-robot-navigation,5456,medium,4,2,5,False,"(512, 256)",0.0005,0.05,0.001,0.2569188773632049,0.2752319872379303,0.0242803445374718,0.1475067287683487,0.2836700975894928,1.1718683242797852
9960,wall-robot-navigation,5456,medium,4,2,6,False,"(512, 256)",0.0001,0.0,0.001,0.2576794028282165,0.2803635597229004,0.0158737781065287,0.145637035369873,0.2821396589279175,1.063873052597046
9960,wall-robot-navigation,5456,medium,4,2,7,False,"(128, 64)",0.0005,0.3,0.001,0.2759044766426086,0.2957399785518646,0.0171612650883794,0.1656974256038665,0.295827567577362,1.007817029953003
9960,wall-robot-navigation,5456,medium,4,2,8,False,"(64, 32)",0.0001,0.1,0.0001,0.5869179964065552,0.5436830520629883,0.0443213745696931,0.297636479139328,0.5972037315368652,0.6460962295532227
9960,wall-robot-navigation,5456,medium,4,2,9,False,"(128, 64)",0.003,0.2,0.001,0.2038903385400772,0.2019723951816558,0.0129343773237223,0.1120567247271537,0.2073091715574264,1.2287942171096802
9960,wall-robot-navigation,5456,medium,4,2,10,False,"(512, 256, 128)",0.0005,0.1,0.001,0.2766236960887909,0.2865750789642334,0.0242470286158851,0.1533937007188797,0.2904129326343536,1.1251674890518188
9960,wall-robot-navigation,5456,medium,4,2,11,False,"(512, 256)",0.003,0.0,0.0001,0.2783988714218139,0.2704243957996368,0.024707949050544,0.1399637907743454,0.2892070412635803,1.319949984550476
9960,wall-robot-navigation,5456,medium,4,2,12,False,"(256, 128, 64)",0.001,0.3,0.0,0.2527107000350952,0.2643812000751495,0.0233611640803543,0.1456618309020996,0.2747006118297577,1.2039095163345337
9960,wall-robot-navigation,5456,medium,4,2,13,False,"(128, 64)",0.003,0.0,0.001,0.2678751945495605,0.2957397699356079,0.0227641780679915,0.1627532839775085,0.3065599799156189,1.1652425527572632
9960,wall-robot-navigation,5456,medium,4,2,14,False,"(512, 256, 128)",0.0005,0.05,0.0,0.2493834346532821,0.2776917815208435,0.0183419082154575,0.1481375247240066,0.2822443544864654,1.1035618782043457
9985,first-order-theorem-proving,6118,medium,6,0,0,True,"(256, 128)",0.001,0.1,0.0001,1.2822531461715698,1.2489913702011108,0.0346366903604635,0.582539975643158,1.277117371559143,1.257662653923035
9985,first-order-theorem-proving,6118,medium,6,0,1,False,"(512, 256)",0.0001,0.1,0.001,1.2601134777069092,1.2479549646377563,0.0458012642846128,0.5827466249465942,1.255301833152771,1.1290620565414429
9985,first-order-theorem-proving,6118,medium,6,0,2,False,"(256, 128, 64)",0.0001,0.05,0.0001,1.246120810508728,1.235175609588623,0.0404635647957036,0.5800822377204895,1.2374579906463623,1.0765873193740845
9985,first-order-theorem-proving,6118,medium,6,0,3,False,"(256, 128)",0.001,0.3,0.001,1.270391583442688,1.2476497888565063,0.047245007726589,0.5823208689689636,1.2561168670654297,1.1571396589279177
9985,first-order-theorem-proving,6118,medium,6,0,4,False,"(256, 128)",0.0005,0.3,1e-05,1.2540823221206665,1.2407078742980957,0.0364759261750317,0.5832610130310059,1.2481597661972046,1.1333918571472168
9985,first-order-theorem-proving,6118,medium,6,0,5,False,"(512, 256)",0.0005,0.05,0.001,1.2738749980926514,1.269221305847168,0.0446006021987898,0.5944963097572327,1.2740392684936523,1.108089804649353
9985,first-order-theorem-proving,6118,medium,6,0,6,False,"(512, 256)",0.0001,0.0,0.001,1.2564482688903809,1.248520851135254,0.0470522354785068,0.5838449597358704,1.253275990486145,1.1008505821228027
9985,first-order-theorem-proving,6118,medium,6,0,7,False,"(128, 64)",0.0005,0.3,0.001,1.259369969367981,1.2537251710891724,0.0318446103037052,0.5930672287940979,1.2537130117416382,0.9949550628662108
9985,first-order-theorem-proving,6118,medium,6,0,8,False,"(64, 32)",0.0001,0.1,0.0001,1.3159700632095337,1.3006795644760132,0.0448952836992953,0.6142492294311523,1.306007742881775,0.880573570728302
9985,first-order-theorem-proving,6118,medium,6,0,9,False,"(128, 64)",0.003,0.2,0.001,1.2741470336914062,1.2456822395324707,0.0495774977655841,0.5878840684890747,1.2635661363601685,1.2213356494903564
9985,first-order-theorem-proving,6118,medium,6,0,10,False,"(512, 256, 128)",0.0005,0.1,0.001,1.2494592666625977,1.242556929588318,0.0325020704588858,0.5833096504211426,1.2493916749954224,1.1203851699829102
9985,first-order-theorem-proving,6118,medium,6,0,11,False,"(512, 256)",0.003,0.0,0.0001,1.2903928756713867,1.2444415092468262,0.0598117646544132,0.5861845016479492,1.270566701889038,1.262519359588623
9985,first-order-theorem-proving,6118,medium,6,0,12,False,"(256, 128, 64)",0.001,0.3,0.0,1.2617466449737549,1.234924554824829,0.0431048216213003,0.582888662815094,1.2465256452560425,1.1799010038375854
9985,first-order-theorem-proving,6118,medium,6,0,13,False,"(128, 64)",0.003,0.0,0.001,1.2887152433395386,1.2644888162612915,0.035876723440579,0.5936181545257568,1.2757335901260376,1.158755660057068
9985,first-order-theorem-proving,6118,medium,6,0,14,False,"(512, 256, 128)",0.0005,0.05,0.0,1.242198467254639,1.2366605997085571,0.056810872889,0.5823931694030762,1.238721489906311,1.06204354763031
9985,first-order-theorem-proving,6118,medium,6,1,0,True,"(256, 128)",0.001,0.1,0.0001,1.2472151517868042,1.2649197578430176,0.0224680814137256,0.6021164059638977,1.275304913520813,1.1340625286102295
9985,first-order-theorem-proving,6118,medium,6,1,1,False,"(512, 256)",0.0001,0.1,0.001,1.2412724494934082,1.2667202949523926,0.0287807477001011,0.6011732816696167,1.2727817296981812,1.087807297706604
9985,first-order-theorem-proving,6118,medium,6,1,2,False,"(256, 128, 64)",0.0001,0.05,0.0001,1.2348169088363647,1.2497384548187256,0.0278827921327097,0.5924166440963745,1.252868890762329,1.0687912702560425
9985,first-order-theorem-proving,6118,medium,6,1,3,False,"(256, 128)",0.001,0.3,0.001,1.2402571439743042,1.2664605379104614,0.03791894674431,0.5976759791374207,1.2774169445037842,1.1306679248809814
9985,first-order-theorem-proving,6118,medium,6,1,4,False,"(256, 128)",0.0005,0.3,1e-05,1.2457962036132812,1.2666863203048706,0.0394052081946324,0.598961353302002,1.273995280265808,1.1041077375411987
9985,first-order-theorem-proving,6118,medium,6,1,5,False,"(512, 256)",0.0005,0.05,0.001,1.2589340209960938,1.2842659950256348,0.0383738691884058,0.6106390357017517,1.2945539951324463,1.123775601387024
9985,first-order-theorem-proving,6118,medium,6,1,6,False,"(512, 256)",0.0001,0.0,0.001,1.245360016822815,1.2603425979614258,0.0233795689439202,0.595579981803894,1.272041082382202,1.1350200176239014
9985,first-order-theorem-proving,6118,medium,6,1,7,False,"(128, 64)",0.0005,0.3,0.001,1.2511024475097656,1.272409200668335,0.0445097340494069,0.6030183434486389,1.2742512226104736,1.0456420183181765
9985,first-order-theorem-proving,6118,medium,6,1,8,False,"(64, 32)",0.0001,0.1,0.0001,1.3261008262634275,1.366053819656372,0.0438789707367067,0.6426870226860046,1.3658161163330078,0.8987070322036743
9985,first-order-theorem-proving,6118,medium,6,1,9,False,"(128, 64)",0.003,0.2,0.001,1.251015305519104,1.2842450141906738,0.0275195518017529,0.6046927571296692,1.2961081266403198,1.1224826574325562
9985,first-order-theorem-proving,6118,medium,6,1,10,False,"(512, 256, 128)",0.0005,0.1,0.001,1.2625985145568848,1.274096131324768,0.033417541087323,0.6020982265472412,1.2874737977981567,1.1450622081756592
9985,first-order-theorem-proving,6118,medium,6,1,11,False,"(512, 256)",0.003,0.0,0.0001,1.260081768035889,1.299610257148743,0.0457744419753291,0.6082047820091248,1.3213704824447632,1.167914628982544
9985,first-order-theorem-proving,6118,medium,6,1,12,False,"(256, 128, 64)",0.001,0.3,0.0,1.2389761209487915,1.2598210573196411,0.0356152608081666,0.5974922180175781,1.265929937362671,1.0982112884521484
9985,first-order-theorem-proving,6118,medium,6,1,13,False,"(128, 64)",0.003,0.0,0.001,1.2887147665023804,1.2790052890777588,0.0379631031377642,0.6023706793785095,1.2974328994750977,1.2021760940551758
9985,first-order-theorem-proving,6118,medium,6,1,14,False,"(512, 256, 128)",0.0005,0.05,0.0,1.2512800693511963,1.2626818418502808,0.0444009294307309,0.5990900993347168,1.274390697479248,1.1370184421539309
9985,first-order-theorem-proving,6118,medium,6,2,0,True,"(256, 128)",0.001,0.1,0.0001,1.2387399673461914,1.2339389324188232,0.021927133786912,0.5895809531211853,1.2352066040039062,1.0557881593704224
9985,first-order-theorem-proving,6118,medium,6,2,1,False,"(512, 256)",0.0001,0.1,0.001,1.2413134574890137,1.225209355354309,0.0379314880964218,0.5872949361801147,1.2271560430526731,1.084199070930481
9985,first-order-theorem-proving,6118,medium,6,2,2,False,"(256, 128, 64)",0.0001,0.05,0.0001,1.2277963161468506,1.227217674255371,0.0342309039475676,0.5861976146697998,1.2272987365722656,1.0194867849349976
9985,first-order-theorem-proving,6118,medium,6,2,3,False,"(256, 128)",0.001,0.3,0.001,1.2394003868103027,1.212393045425415,0.0417694277931532,0.5810749530792236,1.215675950050354,1.1190176010131836
9985,first-order-theorem-proving,6118,medium,6,2,4,False,"(256, 128)",0.0005,0.3,1e-05,1.2374365329742432,1.2255436182022097,0.0376454559854822,0.5877851843833923,1.225608468055725,1.0315929651260376
9985,first-order-theorem-proving,6118,medium,6,2,5,False,"(512, 256)",0.0005,0.05,0.001,1.2461165189743042,1.2252269983291626,0.0341043885643056,0.5873855948448181,1.2325094938278198,1.1440081596374512
9985,first-order-theorem-proving,6118,medium,6,2,6,False,"(512, 256)",0.0001,0.0,0.001,1.239067554473877,1.221144676208496,0.0384641987005804,0.5834446549415588,1.2236692905426023,1.0933436155319214
9985,first-order-theorem-proving,6118,medium,6,2,7,False,"(128, 64)",0.0005,0.3,0.001,1.245020031929016,1.236849069595337,0.025084369095582,0.594016432762146,1.2368489503860474,1.0000205039978027
9985,first-order-theorem-proving,6118,medium,6,2,8,False,"(64, 32)",0.0001,0.1,0.0001,1.340842604637146,1.3295708894729614,0.041118487464122,0.6318804025650024,1.3378511667251587,0.8569374084472656
9985,first-order-theorem-proving,6118,medium,6,2,9,False,"(128, 64)",0.003,0.2,0.001,1.245368242263794,1.2414278984069824,0.0414744123719096,0.5921275615692139,1.244473218917847,1.0888566970825195
9985,first-order-theorem-proving,6118,medium,6,2,10,False,"(512, 256, 128)",0.0005,0.1,0.001,1.2504802942276,1.233487248420715,0.0490745988538517,0.5898954272270203,1.243600845336914,1.164768934249878
9985,first-order-theorem-proving,6118,medium,6,2,11,False,"(512, 256)",0.003,0.0,0.0001,1.2899057865142822,1.2620548009872437,0.0392784204877799,0.6002369523048401,1.2690680027008057,1.1602503061294556
9985,first-order-theorem-proving,6118,medium,6,2,12,False,"(256, 128, 64)",0.001,0.3,0.0,1.2311625480651855,1.2166051864624023,0.0324686919998434,0.5846872925758362,1.2220115661621094,1.1273505687713623
9985,first-order-theorem-proving,6118,medium,6,2,13,False,"(128, 64)",0.003,0.0,0.001,1.2696051597595217,1.263106346130371,0.0290606587776236,0.6010146737098694,1.2662293910980225,1.0929572582244873
9985,first-order-theorem-proving,6118,medium,6,2,14,False,"(512, 256, 128)",0.0005,0.05,0.0,1.2364550828933716,1.2280348539352417,0.0392086852650302,0.5881577134132385,1.2301881313323977,1.0734593868255615
10101,blood-transfusion-service-center,748,small,2,0,0,True,"(256, 128)",0.001,0.1,0.0001,0.4731143712997436,0.496917724609375,0.0535506539874606,0.3210329711437225,0.496915727853775,0.9999684691429138
10101,blood-transfusion-service-center,748,small,2,0,1,False,"(512, 256)",0.0001,0.1,0.001,0.4654623866081238,0.5145063996315002,0.0733222987916734,0.3289237320423126,0.5084280371665955,0.9025039672851562
10101,blood-transfusion-service-center,748,small,2,0,2,False,"(256, 128, 64)",0.0001,0.05,0.0001,0.4911976158618927,0.5135920643806458,0.0678247333897484,0.3353404104709625,0.5087200999259949,0.8307702541351318
10101,blood-transfusion-service-center,748,small,2,0,3,False,"(256, 128)",0.001,0.3,0.001,0.4657376110553741,0.4950763881206512,0.0690504664844936,0.3179531395435333,0.4923569858074188,0.9521853923797609
10101,blood-transfusion-service-center,748,small,2,0,4,False,"(256, 128)",0.0005,0.3,1e-05,0.4645491540431976,0.4998383522033691,0.0625330192512936,0.3196697533130646,0.4993765354156494,0.9925385117530824
10101,blood-transfusion-service-center,748,small,2,0,5,False,"(512, 256)",0.0005,0.05,0.001,0.4797931015491485,0.5062445998191833,0.0702283656597137,0.32406747341156,0.5058824419975281,0.9932241439819336
10101,blood-transfusion-service-center,748,small,2,0,6,False,"(512, 256)",0.0001,0.0,0.001,0.474906325340271,0.5201104879379272,0.0686705593268076,0.337479829788208,0.5181024074554443,0.9722513556480408
10101,blood-transfusion-service-center,748,small,2,0,7,False,"(128, 64)",0.0005,0.3,0.001,0.4732540845870971,0.5015957355499268,0.066493100060357,0.3211983740329742,0.4962731897830963,0.8467810750007629
10101,blood-transfusion-service-center,748,small,2,0,8,False,"(64, 32)",0.0001,0.1,0.0001,0.6949665546417236,0.6920297145843506,0.0230288651254441,0.4988839626312256,0.692029595375061,1.0000993013381958
10101,blood-transfusion-service-center,748,small,2,0,9,False,"(128, 64)",0.003,0.2,0.001,0.493926078081131,0.5111682415008545,0.0513598014248741,0.3234728574752807,0.50795978307724,0.8646876811981201
10101,blood-transfusion-service-center,748,small,2,0,10,False,"(512, 256, 128)",0.0005,0.1,0.001,0.495622307062149,0.5035389065742493,0.0548599232567681,0.324565440416336,0.5099048018455505,1.1089839935302734
10101,blood-transfusion-service-center,748,small,2,0,11,False,"(512, 256)",0.003,0.0,0.0001,0.5267615914344788,0.5167298913002014,0.0654477344618903,0.3363540768623352,0.5314034819602966,1.2353663444519043
10101,blood-transfusion-service-center,748,small,2,0,12,False,"(256, 128, 64)",0.001,0.3,0.0,0.474767655134201,0.4932348728179931,0.0575695820649464,0.3163902163505554,0.4964734017848968,1.0556204319000244
10101,blood-transfusion-service-center,748,small,2,0,13,False,"(128, 64)",0.003,0.0,0.001,0.4761748611927032,0.5102043747901917,0.0625305038028293,0.3293239176273346,0.5132696628570557,1.0411885976791382
10101,blood-transfusion-service-center,748,small,2,0,14,False,"(512, 256, 128)",0.0005,0.05,0.0,0.4978715479373932,0.5118923187255859,0.0513819669352637,0.3300226926803589,0.5177580714225769,1.0839885473251345
10101,blood-transfusion-service-center,748,small,2,1,0,True,"(256, 128)",0.001,0.1,0.0001,0.4965851902961731,0.4598240256309509,0.089649752775828,0.2937023043632507,0.4611773788928985,1.148592829704285
10101,blood-transfusion-service-center,748,small,2,1,1,False,"(512, 256)",0.0001,0.1,0.001,0.4974305331707001,0.4689674973487854,0.0687944859928555,0.3001890182495117,0.468985915184021,1.0868037939071655
10101,blood-transfusion-service-center,748,small,2,1,2,False,"(256, 128, 64)",0.0001,0.05,0.0001,0.4936144053936004,0.4790317714214325,0.0701123956839243,0.3072521090507507,0.4793264865875244,0.965087115764618
10101,blood-transfusion-service-center,748,small,2,1,3,False,"(256, 128)",0.001,0.3,0.001,0.4962846934795379,0.4643375277519226,0.079767069419225,0.2969480752944946,0.4661915004253387,1.1469568014144895
10101,blood-transfusion-service-center,748,small,2,1,4,False,"(256, 128)",0.0005,0.3,1e-05,0.4949345886707306,0.466026246547699,0.0856763246324327,0.2967656850814819,0.4675765037536621,1.128386378288269
10101,blood-transfusion-service-center,748,small,2,1,5,False,"(512, 256)",0.0005,0.05,0.001,0.4975905418395996,0.4656402468681335,0.0823136878013611,0.2982849180698395,0.4686518907546997,1.1809839010238647
10101,blood-transfusion-service-center,748,small,2,1,6,False,"(512, 256)",0.0001,0.0,0.001,0.5031321048736572,0.478735864162445,0.081738457414839,0.3064434230327606,0.4800077378749847,1.1262201070785522
10101,blood-transfusion-service-center,748,small,2,1,7,False,"(128, 64)",0.0005,0.3,0.001,0.5017417669296265,0.466326355934143,0.0873619303438398,0.2980082035064697,0.4655255079269409,1.0824326276779177
10101,blood-transfusion-service-center,748,small,2,1,8,False,"(64, 32)",0.0001,0.1,0.0001,0.5170772075653076,0.4800871908664703,0.0846076922946506,0.3107017576694488,0.4986633360385895,0.714768648147583
10101,blood-transfusion-service-center,748,small,2,1,9,False,"(128, 64)",0.003,0.2,0.001,0.4968942701816559,0.4573554098606109,0.0480563183625539,0.2927611172199249,0.4563677906990051,1.063952088356018
10101,blood-transfusion-service-center,748,small,2,1,10,False,"(512, 256, 128)",0.0005,0.1,0.001,0.5031390190124512,0.483843445777893,0.0774987324078878,0.3104564845561981,0.4873851537704468,1.1735644340515137
10101,blood-transfusion-service-center,748,small,2,1,11,False,"(512, 256)",0.003,0.0,0.0001,0.5133428573608398,0.463358461856842,0.1006596826182471,0.2981131970882416,0.4640046060085296,1.2043406963348389
10101,blood-transfusion-service-center,748,small,2,1,12,False,"(256, 128, 64)",0.001,0.3,0.0,0.5011300444602966,0.4639386534690857,0.0756947441895802,0.297192633152008,0.4640384018421173,1.1317356824874878
10101,blood-transfusion-service-center,748,small,2,1,13,False,"(128, 64)",0.003,0.0,0.001,0.5103945732116699,0.4845979213714599,0.0607553603914048,0.3132466971874237,0.492833137512207,1.249707818031311
10101,blood-transfusion-service-center,748,small,2,1,14,False,"(512, 256, 128)",0.0005,0.05,0.0,0.5190833806991577,0.492778331041336,0.0815428679519229,0.3215945959091186,0.5012375116348267,1.279882550239563
10101,blood-transfusion-service-center,748,small,2,2,0,True,"(256, 128)",0.001,0.1,0.0001,0.4458454251289367,0.4865414500236511,0.0646367679701911,0.3179703652858734,0.4889857470989227,0.668003261089325
10101,blood-transfusion-service-center,748,small,2,2,1,False,"(512, 256)",0.0001,0.1,0.001,0.437135100364685,0.4604191184043884,0.0453386976983812,0.3000280857086181,0.4625096619129181,0.7988572716712952
10101,blood-transfusion-service-center,748,small,2,2,2,False,"(256, 128, 64)",0.0001,0.05,0.0001,0.454342246055603,0.4675974547863006,0.0559469250837961,0.3076508939266205,0.4744284152984619,0.7324113845825195
10101,blood-transfusion-service-center,748,small,2,2,3,False,"(256, 128)",0.001,0.3,0.001,0.45376718044281,0.4693073630332947,0.0477783297167883,0.3051462173461914,0.4811969995498657,0.6148331165313721
10101,blood-transfusion-service-center,748,small,2,2,4,False,"(256, 128)",0.0005,0.3,1e-05,0.4398255348205566,0.4701328575611114,0.0407605485121409,0.3046463429927826,0.473570317029953,0.6933929324150085
10101,blood-transfusion-service-center,748,small,2,2,5,False,"(512, 256)",0.0005,0.05,0.001,0.4532001614570617,0.4742962718009949,0.053254055182139,0.3074064552783966,0.4842076599597931,0.6083791255950928
10101,blood-transfusion-service-center,748,small,2,2,6,False,"(512, 256)",0.0001,0.0,0.001,0.4472580552101135,0.4552736282348633,0.0438704469468858,0.2968702316284179,0.4578163027763366,0.8353736400604248
10101,blood-transfusion-service-center,748,small,2,2,7,False,"(128, 64)",0.0005,0.3,0.001,0.4356417953968048,0.477012038230896,0.0448358537091149,0.3056585788726806,0.4819295108318329,0.6358340382575989
10101,blood-transfusion-service-center,748,small,2,2,8,False,"(64, 32)",0.0001,0.1,0.0001,0.7341217994689941,0.6982601881027222,0.2588559420903523,0.5051127076148987,0.7285164594650269,6.4176411628723145
10101,blood-transfusion-service-center,748,small,2,2,9,False,"(128, 64)",0.003,0.2,0.001,0.430807501077652,0.4735221266746521,0.0479028189182281,0.3044465780258178,0.4717018008232116,0.7552529573440552
10101,blood-transfusion-service-center,748,small,2,2,10,False,"(512, 256, 128)",0.0005,0.1,0.001,0.4485663771629333,0.461437314748764,0.0345590598053402,0.3001246154308319,0.4675778150558471,0.7291004061698914
10101,blood-transfusion-service-center,748,small,2,2,11,False,"(512, 256)",0.003,0.0,0.0001,0.5084337592124939,0.470627099275589,0.0398259495364295,0.3044421374797821,0.4683778882026672,1.0668216943740845
10101,blood-transfusion-service-center,748,small,2,2,12,False,"(256, 128, 64)",0.001,0.3,0.0,0.431509792804718,0.4672215282917022,0.0579470088746812,0.3025860488414764,0.4671296179294586,0.7643401026725769
10101,blood-transfusion-service-center,748,small,2,2,13,False,"(128, 64)",0.003,0.0,0.001,0.4457831382751465,0.4665274918079376,0.0556383654806349,0.3017097413539886,0.4725106954574585,0.6779012680053711
10101,blood-transfusion-service-center,748,small,2,2,14,False,"(512, 256, 128)",0.0005,0.05,0.0,0.4503024220466614,0.4642951488494873,0.0414865847428639,0.3032653927803039,0.4733662009239197,0.6781138777732849
14952,PhishingWebsites,11055,large,2,0,0,True,"(256, 128)",0.001,0.1,0.0001,0.0993159487843513,0.0878990069031715,0.0108870348742729,0.0488380454480648,0.0883678048849105,1.1848987340927124
14952,PhishingWebsites,11055,large,2,0,1,False,"(512, 256)",0.0001,0.1,0.001,0.0957551002502441,0.0851967707276344,0.0080156018341106,0.0493425950407981,0.0852420255541801,1.1102479696273804
14952,PhishingWebsites,11055,large,2,0,2,False,"(256, 128, 64)",0.0001,0.05,0.0001,0.1008900254964828,0.0890535116195678,0.0074271693428087,0.0501895248889923,0.0888404920697212,1.048973798751831
14952,PhishingWebsites,11055,large,2,0,3,False,"(256, 128)",0.001,0.3,0.001,0.0996455401182174,0.0844149067997932,0.0094489730197021,0.0471058823168277,0.0854585766792297,1.2824100255966189
14952,PhishingWebsites,11055,large,2,0,4,False,"(256, 128)",0.0005,0.3,1e-05,0.0929532498121261,0.0883248448371887,0.011227671501235,0.0499952733516693,0.0883400812745094,1.0704092979431152
14952,PhishingWebsites,11055,large,2,0,5,False,"(512, 256)",0.0005,0.05,0.001,0.0981374680995941,0.0910963341593742,0.005313125658445,0.0519031882286071,0.0910842046141624,1.0477479696273804
14952,PhishingWebsites,11055,large,2,0,6,False,"(512, 256)",0.0001,0.0,0.001,0.0947322249412536,0.0834220349788665,0.0070449561262569,0.0475999861955642,0.0832563117146492,1.0956028699874878
14952,PhishingWebsites,11055,large,2,0,7,False,"(128, 64)",0.0005,0.3,0.001,0.0966204181313514,0.0919516906142234,0.0089780275106034,0.0526702515780925,0.0921985805034637,0.968007743358612
14952,PhishingWebsites,11055,large,2,0,8,False,"(64, 32)",0.0001,0.1,0.0001,0.1339654773473739,0.1344181895256042,0.0072904925405323,0.0810043066740036,0.1372255980968475,0.8515862822532654
14952,PhishingWebsites,11055,large,2,0,9,False,"(128, 64)",0.003,0.2,0.001,0.0989258661866188,0.0880187079310417,0.0105240884435387,0.0499020330607891,0.0880986973643302,1.1373521089553833
14952,PhishingWebsites,11055,large,2,0,10,False,"(512, 256, 128)",0.0005,0.1,0.001,0.104081742465496,0.0925829857587814,0.0052996031231206,0.052772931754589,0.0930812656879425,1.1115972995758057
14952,PhishingWebsites,11055,large,2,0,11,False,"(512, 256)",0.003,0.0,0.0001,0.1163309067487716,0.1019651517271995,0.0115300682125525,0.0548823326826095,0.1088145673274993,1.394155979156494
14952,PhishingWebsites,11055,large,2,0,12,False,"(256, 128, 64)",0.001,0.3,0.0,0.1006509214639663,0.0867242664098739,0.0103908830883814,0.047125156968832,0.089501179754734,1.3136769533157349
14952,PhishingWebsites,11055,large,2,0,13,False,"(128, 64)",0.003,0.0,0.001,0.1159598007798194,0.0955553278326988,0.0056627917286139,0.0531997382640838,0.1101152375340461,1.587354063987732
14952,PhishingWebsites,11055,large,2,0,14,False,"(512, 256, 128)",0.0005,0.05,0.0,0.1025487557053566,0.0927560999989509,0.0078871694244483,0.0528506413102149,0.0944820865988731,1.1656100749969482
14952,PhishingWebsites,11055,large,2,1,0,True,"(256, 128)",0.001,0.1,0.0001,0.1012319847941398,0.0863662362098693,0.0064636308665586,0.0524864792823791,0.0963462963700294,1.5021443367004397
14952,PhishingWebsites,11055,large,2,1,1,False,"(512, 256)",0.0001,0.1,0.001,0.099313698709011,0.0909176766872406,0.0104845011645845,0.0543441176414489,0.0929960682988166,1.2198526859283447
14952,PhishingWebsites,11055,large,2,1,2,False,"(256, 128, 64)",0.0001,0.05,0.0001,0.0942818820476532,0.0943500250577926,0.0088623067866474,0.0563702061772346,0.094350017607212,1.0000059604644775
14952,PhishingWebsites,11055,large,2,1,3,False,"(256, 128)",0.001,0.3,0.001,0.0896741598844528,0.0917138904333114,0.0062830435120823,0.0533097088336944,0.096049815416336,1.2206579446792605
14952,PhishingWebsites,11055,large,2,1,4,False,"(256, 128)",0.0005,0.3,1e-05,0.087841510772705,0.0912761837244033,0.0092836514634279,0.0553519576787948,0.0929253995418548,1.1183114051818848
14952,PhishingWebsites,11055,large,2,1,5,False,"(512, 256)",0.0005,0.05,0.001,0.1078233942389488,0.0875152796506881,0.0093587772817106,0.0511516444385051,0.0916719660162925,1.3717528581619265
14952,PhishingWebsites,11055,large,2,1,6,False,"(512, 256)",0.0001,0.0,0.001,0.0968150943517685,0.0922084376215934,0.0058133495028303,0.0546830780804157,0.0939673855900764,1.1722933053970337
14952,PhishingWebsites,11055,large,2,1,7,False,"(128, 64)",0.0005,0.3,0.001,0.0989568158984184,0.0958116427063942,0.0056267472192674,0.0582319349050521,0.0958116948604583,1.0000303983688354
14952,PhishingWebsites,11055,large,2,1,8,False,"(64, 32)",0.0001,0.1,0.0001,0.1468564569950103,0.1341495811939239,0.0110758403730341,0.0808851644396781,0.1358857005834579,0.9177826642990112
14952,PhishingWebsites,11055,large,2,1,9,False,"(128, 64)",0.003,0.2,0.001,0.1051896139979362,0.0845983102917671,0.0074879568697513,0.0507586449384689,0.0922252833843231,1.5174667835235596
14952,PhishingWebsites,11055,large,2,1,10,False,"(512, 256, 128)",0.0005,0.1,0.001,0.1014801636338234,0.0890538394451141,0.0078153921776761,0.0532725192606449,0.0928419455885887,1.2896243333816528
14952,PhishingWebsites,11055,large,2,1,11,False,"(512, 256)",0.003,0.0,0.0001,0.1234559044241905,0.0982324928045272,0.0077485175724394,0.0564985051751136,0.1137292832136154,1.6345208883285522
14952,PhishingWebsites,11055,large,2,1,12,False,"(256, 128, 64)",0.001,0.3,0.0,0.0958684533834457,0.0868298485875129,0.0115780269652133,0.0538121573626995,0.0919596180319786,1.307411789894104
14952,PhishingWebsites,11055,large,2,1,13,False,"(128, 64)",0.003,0.0,0.001,0.1119716688990593,0.1007024571299552,0.0092367888503389,0.0550541877746582,0.1194197013974189,1.5616692304611206
14952,PhishingWebsites,11055,large,2,1,14,False,"(512, 256, 128)",0.0005,0.05,0.0,0.1057525053620338,0.0905679985880851,0.0112216938284211,0.0546691752970218,0.0979571565985679,1.3746154308319092
14952,PhishingWebsites,11055,large,2,2,0,True,"(256, 128)",0.001,0.1,0.0001,0.0980153530836105,0.0899927765130996,0.0075181820319641,0.0524616912007331,0.1022979319095611,1.4944602251052856
14952,PhishingWebsites,11055,large,2,2,1,False,"(512, 256)",0.0001,0.1,0.001,0.0913328528404235,0.0912046879529953,0.0065245190914734,0.0541757345199584,0.0917267128825187,1.0778266191482544
14952,PhishingWebsites,11055,large,2,2,2,False,"(256, 128, 64)",0.0001,0.05,0.0001,0.0887002274394035,0.0889210030436515,0.0086315871722806,0.0524369478225708,0.0894650369882583,1.0896576642990112
14952,PhishingWebsites,11055,large,2,2,3,False,"(256, 128)",0.001,0.3,0.001,0.0914312303066253,0.0909108147025108,0.0095816993990149,0.0545847192406654,0.0922167152166366,1.1612919569015503
14952,PhishingWebsites,11055,large,2,2,4,False,"(256, 128)",0.0005,0.3,1e-05,0.0896465256810188,0.0931306928396225,0.0073000136209651,0.054771352559328,0.0970021411776542,1.2222620248794556
14952,PhishingWebsites,11055,large,2,2,5,False,"(512, 256)",0.0005,0.05,0.001,0.0894495025277137,0.0841192379593849,0.0058252349727279,0.0505879633128643,0.0887319818139076,1.2947485446929932
14952,PhishingWebsites,11055,large,2,2,6,False,"(512, 256)",0.0001,0.0,0.001,0.0935550779104232,0.0921630412340164,0.0075997458168523,0.0557596124708652,0.0922556892037391,1.0380841493606567
14952,PhishingWebsites,11055,large,2,2,7,False,"(128, 64)",0.0005,0.3,0.001,0.0942054316401481,0.0970976278185844,0.0074945031185774,0.0580044351518154,0.0970817655324935,0.9650048017501832
14952,PhishingWebsites,11055,large,2,2,8,False,"(64, 32)",0.0001,0.1,0.0001,0.1404734402894973,0.1348742693662643,0.0120350815098551,0.0813115090131759,0.1370395720005035,0.9043156504631042
14952,PhishingWebsites,11055,large,2,2,9,False,"(128, 64)",0.003,0.2,0.001,0.0898735970258712,0.0883326083421707,0.0062403659663839,0.0523877255618572,0.0892972722649574,1.1301811933517456
14952,PhishingWebsites,11055,large,2,2,10,False,"(512, 256, 128)",0.0005,0.1,0.001,0.0977180153131485,0.084760196506977,0.0074802808824139,0.0509880632162094,0.0970357581973075,1.5525203943252563
14952,PhishingWebsites,11055,large,2,2,11,False,"(512, 256)",0.003,0.0,0.0001,0.1003559008240699,0.0879774093627929,0.0068350290885504,0.0508702099323272,0.1084054112434387,1.6976289749145508
14952,PhishingWebsites,11055,large,2,2,12,False,"(256, 128, 64)",0.001,0.3,0.0,0.0950160026550293,0.0973993092775344,0.0081271043859706,0.0577940456569194,0.1044961661100387,1.3484245538711548
14952,PhishingWebsites,11055,large,2,2,13,False,"(128, 64)",0.003,0.0,0.001,0.1042844876646995,0.108344130218029,0.0107142461491048,0.0622040033340454,0.1102568879723548,1.1591662168502808
14952,PhishingWebsites,11055,large,2,2,14,False,"(512, 256, 128)",0.0005,0.05,0.0,0.0939086228609085,0.0897337719798088,0.0081619873460953,0.0521792471408844,0.0938333421945571,1.2433640956878662
14954,cylinder-bands,540,small,2,0,0,True,"(256, 128)",0.001,0.1,0.0001,0.5380598902702332,0.3991600275039673,0.1317736167966583,0.2544031739234924,0.3938935995101928,1.4840383529663086
14954,cylinder-bands,540,small,2,0,1,False,"(512, 256)",0.0001,0.1,0.001,0.5346793532371521,0.3836903274059295,0.1040155935434647,0.2403810769319534,0.367355614900589,1.2039580345153809
14954,cylinder-bands,540,small,2,0,2,False,"(256, 128, 64)",0.0001,0.05,0.0001,0.5315960049629211,0.4001377522945404,0.0891395264569624,0.2519395053386688,0.3909772932529449,1.114866852760315
14954,cylinder-bands,540,small,2,0,3,False,"(256, 128)",0.001,0.3,0.001,0.5633529424667358,0.3730357587337494,0.0877970915149759,0.2379110455513,0.3672914803028106,1.6530662775039673
14954,cylinder-bands,540,small,2,0,4,False,"(256, 128)",0.0005,0.3,1e-05,0.532306432723999,0.384174108505249,0.0852295796812316,0.2464918941259384,0.3706022500991821,1.4053113460540771
14954,cylinder-bands,540,small,2,0,5,False,"(512, 256)",0.0005,0.05,0.001,0.5582371950149536,0.3852684199810028,0.078005055586497,0.2440600991249084,0.378601998090744,1.5804896354675293
14954,cylinder-bands,540,small,2,0,6,False,"(512, 256)",0.0001,0.0,0.001,0.5310012102127075,0.3815579116344452,0.1198780529293013,0.2368149012327194,0.3655372560024261,1.1852906942367554
14954,cylinder-bands,540,small,2,0,7,False,"(128, 64)",0.0005,0.3,0.001,0.5178475379943848,0.3828366100788116,0.0988546192278096,0.2421193420886993,0.3698397278785705,1.207916021347046
14954,cylinder-bands,540,small,2,0,8,False,"(64, 32)",0.0001,0.1,0.0001,0.5975725650787354,0.5012089610099792,0.1347214355144971,0.3261125087738037,0.509432315826416,0.9233784675598145
14954,cylinder-bands,540,small,2,0,9,False,"(128, 64)",0.003,0.2,0.001,0.5354848504066467,0.4021028578281402,0.0960097351559886,0.2577008605003357,0.3867714405059814,1.3585647344589231
14954,cylinder-bands,540,small,2,0,10,False,"(512, 256, 128)",0.0005,0.1,0.001,0.5544397830963135,0.3786424994468689,0.0872641599472658,0.2374434173107147,0.372029572725296,1.570439100265503
14954,cylinder-bands,540,small,2,0,11,False,"(512, 256)",0.003,0.0,0.0001,0.6933711767196655,0.4146018922328949,0.0873982161283493,0.2668786644935608,0.4011207818984985,2.087580442428589
14954,cylinder-bands,540,small,2,0,12,False,"(256, 128, 64)",0.001,0.3,0.0,0.548597514629364,0.4032077193260193,0.0702589275660338,0.2578239142894745,0.3900934159755707,1.394229769706726
14954,cylinder-bands,540,small,2,0,13,False,"(128, 64)",0.003,0.0,0.001,0.5451593995094299,0.4288940131664276,0.0731087856822543,0.2754130959510803,0.4160002171993255,1.3964135646820068
14954,cylinder-bands,540,small,2,0,14,False,"(512, 256, 128)",0.0005,0.05,0.0,0.5373710989952087,0.4013465940952301,0.0726343122897324,0.2502442598342895,0.3884890377521515,1.3076860904693604
14954,cylinder-bands,540,small,2,1,0,True,"(256, 128)",0.001,0.1,0.0001,0.5107600688934326,0.4714246392250061,0.0771414667000005,0.2945521771907806,0.4786889851093292,1.3649942874908447
14954,cylinder-bands,540,small,2,1,1,False,"(512, 256)",0.0001,0.1,0.001,0.5240655541419983,0.4995895624160766,0.0780924483213895,0.3232716023921966,0.4976923167705536,1.103639841079712
14954,cylinder-bands,540,small,2,1,2,False,"(256, 128, 64)",0.0001,0.05,0.0001,0.535274863243103,0.4990655481815338,0.0894925621924576,0.3250294923782348,0.4963201582431793,1.105947494506836
14954,cylinder-bands,540,small,2,1,3,False,"(256, 128)",0.001,0.3,0.001,0.5275070667266846,0.4828658699989319,0.1002789485601731,0.3029067814350128,0.484315812587738,1.3829238414764404
14954,cylinder-bands,540,small,2,1,4,False,"(256, 128)",0.0005,0.3,1e-05,0.5086869597434998,0.4761152863502502,0.1079580051663481,0.2998518645763397,0.4735669791698456,1.2148433923721311
14954,cylinder-bands,540,small,2,1,5,False,"(512, 256)",0.0005,0.05,0.001,0.5297501683235168,0.5070445537567139,0.0890466445758019,0.3300633728504181,0.5078175663948059,0.9802417755126952
14954,cylinder-bands,540,small,2,1,6,False,"(512, 256)",0.0001,0.0,0.001,0.5213585495948792,0.5067276954650879,0.0902306238810221,0.3276620209217071,0.5067280530929565,0.9999853372573853
14954,cylinder-bands,540,small,2,1,7,False,"(128, 64)",0.0005,0.3,0.001,0.556388258934021,0.5505629777908325,0.1205654560047903,0.3594936728477478,0.5521319508552551,0.9357626438140868
14954,cylinder-bands,540,small,2,1,8,False,"(64, 32)",0.0001,0.1,0.0001,0.6052378416061401,0.5461862683296204,0.1249434850466104,0.3532591462135315,0.5654408931732178,0.7417077422142029
14954,cylinder-bands,540,small,2,1,9,False,"(128, 64)",0.003,0.2,0.001,0.5550863146781921,0.5532084107398987,0.101550394554197,0.3638434708118438,0.5540556311607361,0.9517804980278016
14954,cylinder-bands,540,small,2,1,10,False,"(512, 256, 128)",0.0005,0.1,0.001,0.522447407245636,0.4862060844898224,0.1009001512954264,0.3083908855915069,0.4852383136749267,1.019244909286499
14954,cylinder-bands,540,small,2,1,11,False,"(512, 256)",0.003,0.0,0.0001,0.5505682229995728,0.4888772368431091,0.095550348913228,0.316023051738739,0.4913314878940582,1.4786194562911987
14954,cylinder-bands,540,small,2,1,12,False,"(256, 128, 64)",0.001,0.3,0.0,0.5388610363006592,0.5158082246780396,0.1019466719877572,0.3370745480060577,0.5140509009361267,1.0849990844726562
14954,cylinder-bands,540,small,2,1,13,False,"(128, 64)",0.003,0.0,0.001,0.5469094514846802,0.5388016700744629,0.0924799423894764,0.353912204504013,0.5446291565895081,0.8462041020393372
14954,cylinder-bands,540,small,2,1,14,False,"(512, 256, 128)",0.0005,0.05,0.0,0.5282130837440491,0.4702998399734497,0.1123963739768958,0.2970283627510071,0.4698109924793243,1.006553053855896
14954,cylinder-bands,540,small,2,2,0,True,"(256, 128)",0.001,0.1,0.0001,0.4481816589832306,0.536571741104126,0.0847548776202731,0.3540756106376648,0.5023027062416077,0.6692276000976562
14954,cylinder-bands,540,small,2,2,1,False,"(512, 256)",0.0001,0.1,0.001,0.4340414106845855,0.5498626232147217,0.1217534120803998,0.360143631696701,0.5332656502723694,0.8725375533103943
14954,cylinder-bands,540,small,2,2,2,False,"(256, 128, 64)",0.0001,0.05,0.0001,0.4781000018119812,0.50791996717453,0.0867603042243439,0.3317350447177887,0.4979458153247833,0.732146680355072
14954,cylinder-bands,540,small,2,2,3,False,"(256, 128)",0.001,0.3,0.001,0.4298502504825592,0.5614026784896851,0.1140392665509824,0.3669648766517639,0.5252461433410645,0.7557120323181152
14954,cylinder-bands,540,small,2,2,4,False,"(256, 128)",0.0005,0.3,1e-05,0.4084243476390838,0.5469582080841064,0.1164839613584824,0.3439232110977173,0.5275384783744812,0.8899590373039246
14954,cylinder-bands,540,small,2,2,5,False,"(512, 256)",0.0005,0.05,0.001,0.4322727918624878,0.5388766527175903,0.1320826742384168,0.342907190322876,0.614618182182312,1.3777049779891968
14954,cylinder-bands,540,small,2,2,6,False,"(512, 256)",0.0001,0.0,0.001,0.4325298368930816,0.5502368807792664,0.111846442207878,0.3582153618335724,0.5378348231315613,0.9103143215179444
14954,cylinder-bands,540,small,2,2,7,False,"(128, 64)",0.0005,0.3,0.001,0.4510222673416137,0.5339795351028442,0.098206392408889,0.3382196724414825,0.5155842304229736,0.8489713072776794
14954,cylinder-bands,540,small,2,2,8,False,"(64, 32)",0.0001,0.1,0.0001,0.5915159583091736,0.5725927948951721,0.0654234336114223,0.3897571563720703,0.582171618938446,0.6888250112533569
14954,cylinder-bands,540,small,2,2,9,False,"(128, 64)",0.003,0.2,0.001,0.4766841828823089,0.5541728734970093,0.0877125379112031,0.3426861464977264,0.6180596351623535,1.3248870372772217
14954,cylinder-bands,540,small,2,2,10,False,"(512, 256, 128)",0.0005,0.1,0.001,0.4638959467411041,0.5332208275794983,0.098827647390189,0.3530184030532837,0.5332192778587341,0.9999855160713196
14954,cylinder-bands,540,small,2,2,11,False,"(512, 256)",0.003,0.0,0.0001,0.4972827136516571,0.5044859051704407,0.0900480410567036,0.3385447263717651,0.5331757068634033,1.318869948387146
14954,cylinder-bands,540,small,2,2,12,False,"(256, 128, 64)",0.001,0.3,0.0,0.4359548091888428,0.5520453453063965,0.0932453856056119,0.3475718796253204,0.5530747771263123,1.0065982341766355
14954,cylinder-bands,540,small,2,2,13,False,"(128, 64)",0.003,0.0,0.001,0.5093974471092224,0.5238137245178223,0.1235357193667211,0.3208415806293487,0.626477837562561,1.581263542175293
14954,cylinder-bands,540,small,2,2,14,False,"(512, 256, 128)",0.0005,0.05,0.0,0.521896481513977,0.5003870725631714,0.0949090529739121,0.3261564970016479,0.5802391767501831,1.55946147441864
14965,bank-marketing,45211,large,2,0,0,True,"(256, 128)",0.001,0.1,0.0001,0.2275965213775634,0.2273705154657364,0.0053392895429237,0.1390060037374496,0.2275098711252212,1.0193856954574585
14965,bank-marketing,45211,large,2,0,1,False,"(512, 256)",0.0001,0.1,0.001,0.2297215908765792,0.2276690602302551,0.0039464764890495,0.1392352432012558,0.2276645451784134,0.9889273643493652
14965,bank-marketing,45211,large,2,0,2,False,"(256, 128, 64)",0.0001,0.05,0.0001,0.2296895682811737,0.2257480174303054,0.0051152709485805,0.1377674639225006,0.2258066236972808,0.9803870916366576
14965,bank-marketing,45211,large,2,0,3,False,"(256, 128)",0.001,0.3,0.001,0.2247618436813354,0.2220241427421569,0.005180509496708,0.1366724818944931,0.2220405340194702,0.9835112690925598
14965,bank-marketing,45211,large,2,0,4,False,"(256, 128)",0.0005,0.3,1e-05,0.2238032519817352,0.2222375273704528,0.0057399385958583,0.1370140016078949,0.2222834229469299,1.0104458332061768
14965,bank-marketing,45211,large,2,0,5,False,"(512, 256)",0.0005,0.05,0.001,0.2322268187999725,0.2271219193935394,0.0067727994438101,0.1383071541786193,0.2271219491958618,0.9999955296516418
14965,bank-marketing,45211,large,2,0,6,False,"(512, 256)",0.0001,0.0,0.001,0.228716567158699,0.2274407148361206,0.0068510517869618,0.1391426026821136,0.227604404091835,1.0242725610733032
14965,bank-marketing,45211,large,2,0,7,False,"(128, 64)",0.0005,0.3,0.001,0.2255369275808334,0.2237582057714462,0.0053312280042817,0.1369956284761428,0.2237544655799865,0.9861390590667723
14965,bank-marketing,45211,large,2,0,8,False,"(64, 32)",0.0001,0.1,0.0001,0.2295681685209274,0.2278852760791778,0.0086449715064591,0.1391996592283249,0.2278763502836227,0.9924778938293456
14965,bank-marketing,45211,large,2,0,9,False,"(128, 64)",0.003,0.2,0.001,0.2171134054660797,0.2155172079801559,0.0052092336734777,0.1325711905956268,0.215644285082817,1.0268131494522097
14965,bank-marketing,45211,large,2,0,10,False,"(512, 256, 128)",0.0005,0.1,0.001,0.2286618053913116,0.2265491634607315,0.004320810244013,0.1390697509050369,0.226550355553627,1.0003231763839722
14965,bank-marketing,45211,large,2,0,11,False,"(512, 256)",0.003,0.0,0.0001,0.2276765257120132,0.2262225449085235,0.0070173094312952,0.1379289180040359,0.2262225449085235,0.999998927116394
14965,bank-marketing,45211,large,2,0,12,False,"(256, 128, 64)",0.001,0.3,0.0,0.222259372472763,0.2183852046728134,0.004832790572335,0.1348101496696472,0.2184744328260421,1.0236990451812744
14965,bank-marketing,45211,large,2,0,13,False,"(128, 64)",0.003,0.0,0.001,0.2293004840612411,0.2265277057886123,0.0047288597467184,0.1382046043872833,0.2269421368837356,1.0496675968170166
14965,bank-marketing,45211,large,2,0,14,False,"(512, 256, 128)",0.0005,0.05,0.0,0.2285633683204651,0.2274640053510666,0.0080825395714876,0.1398497819900512,0.2277852892875671,1.0376476049423218
14965,bank-marketing,45211,large,2,1,0,True,"(256, 128)",0.001,0.1,0.0001,0.2296521365642547,0.2278785854578018,0.0068424819621261,0.1397574543952942,0.2283649444580078,1.0596085786819458
14965,bank-marketing,45211,large,2,1,1,False,"(512, 256)",0.0001,0.1,0.001,0.2322555035352707,0.2270184308290481,0.0081193718958025,0.1400409638881683,0.2276103645563125,1.0737868547439575
14965,bank-marketing,45211,large,2,1,2,False,"(256, 128, 64)",0.0001,0.05,0.0001,0.232660487294197,0.2266692966222763,0.0092385870672413,0.1394599080085754,0.2266692519187927,1.0000102519989014
14965,bank-marketing,45211,large,2,1,3,False,"(256, 128)",0.001,0.3,0.001,0.2259451299905777,0.2239787131547927,0.0038610604405293,0.1375007331371307,0.2240877300500869,1.0276161432266235
14965,bank-marketing,45211,large,2,1,4,False,"(256, 128)",0.0005,0.3,1e-05,0.2281100749969482,0.2239414006471634,0.0055197386359521,0.1378092914819717,0.2242207527160644,1.058629870414734
14965,bank-marketing,45211,large,2,1,5,False,"(512, 256)",0.0005,0.05,0.001,0.2334500402212143,0.2284413576126098,0.0045423656081366,0.139890044927597,0.2292761802673339,1.0898712873458862
14965,bank-marketing,45211,large,2,1,6,False,"(512, 256)",0.0001,0.0,0.001,0.233473315834999,0.2291707545518875,0.0122444105005944,0.1411423087120056,0.2298698276281356,1.076794981956482
14965,bank-marketing,45211,large,2,1,7,False,"(128, 64)",0.0005,0.3,0.001,0.2241780161857605,0.2214422225952148,0.00526345485152,0.1367182582616806,0.2214662730693817,0.9874193072319032
14965,bank-marketing,45211,large,2,1,8,False,"(64, 32)",0.0001,0.1,0.0001,0.2329514175653457,0.2290952354669571,0.0072367584284831,0.1412628442049026,0.2290948033332824,1.0170159339904783
14965,bank-marketing,45211,large,2,1,9,False,"(128, 64)",0.003,0.2,0.001,0.222095176577568,0.2184285968542099,0.0054728146448142,0.1354118734598159,0.2186031639575958,1.0457545518875122
14965,bank-marketing,45211,large,2,1,10,False,"(512, 256, 128)",0.0005,0.1,0.001,0.2331162244081497,0.2285592555999755,0.0059639721479376,0.140547975897789,0.2286020219326019,1.0298354625701904
14965,bank-marketing,45211,large,2,1,11,False,"(512, 256)",0.003,0.0,0.0001,0.2323505878448486,0.2259600609540939,0.006861245451132,0.138916015625,0.2267141938209533,1.097498893737793
14965,bank-marketing,45211,large,2,1,12,False,"(256, 128, 64)",0.001,0.3,0.0,0.2244537472724914,0.2214284688234329,0.0033505636744302,0.1371677219867706,0.2233600169420242,1.1309409141540527
14965,bank-marketing,45211,large,2,1,13,False,"(128, 64)",0.003,0.0,0.001,0.2292674034833908,0.2262799888849258,0.0086119215779064,0.1392642557621002,0.2262799888849258,0.9999982714653016
14965,bank-marketing,45211,large,2,1,14,False,"(512, 256, 128)",0.0005,0.05,0.0,0.2348499447107315,0.229812353849411,0.0073093522763409,0.1417364627122879,0.2299012541770935,1.0389333963394165
14965,bank-marketing,45211,large,2,2,0,True,"(256, 128)",0.001,0.1,0.0001,0.2210751324892044,0.2416987270116806,0.0113255048242846,0.1468584686517715,0.2463750690221786,1.1216014623641968
14965,bank-marketing,45211,large,2,2,1,False,"(512, 256)",0.0001,0.1,0.001,0.219125285744667,0.2396514862775802,0.0102079636361887,0.1456338614225387,0.2392951995134353,0.9814316630363464
14965,bank-marketing,45211,large,2,2,2,False,"(256, 128, 64)",0.0001,0.05,0.0001,0.2188770323991775,0.2403877973556518,0.0110769407344649,0.1462950259447097,0.2395911216735839,0.9553393125534058
14965,bank-marketing,45211,large,2,2,3,False,"(256, 128)",0.001,0.3,0.001,0.2136603593826294,0.2357134968042373,0.0108738331122607,0.1430521607398986,0.237034410238266,1.044029712677002
14965,bank-marketing,45211,large,2,2,4,False,"(256, 128)",0.0005,0.3,1e-05,0.215480625629425,0.2376603484153747,0.0114432995707546,0.1442604959011078,0.2376608699560165,1.0000203847885132
14965,bank-marketing,45211,large,2,2,5,False,"(512, 256)",0.0005,0.05,0.001,0.2207326591014862,0.2424289137125015,0.0135825293468117,0.14722540974617,0.2429219782352447,1.0185434818267822
14965,bank-marketing,45211,large,2,2,6,False,"(512, 256)",0.0001,0.0,0.001,0.2238831669092178,0.2460223138332367,0.0138125230733536,0.1500967741012573,0.2471308708190918,1.0381430387496948
14965,bank-marketing,45211,large,2,2,7,False,"(128, 64)",0.0005,0.3,0.001,0.2158580720424652,0.2367639243602752,0.0095558321573972,0.1433444321155548,0.2364898920059204,0.9869173169136048
14965,bank-marketing,45211,large,2,2,8,False,"(64, 32)",0.0001,0.1,0.0001,0.2212173193693161,0.242511361837387,0.0098269327350641,0.1467402130365371,0.2417054325342178,0.9530289769172668
14965,bank-marketing,45211,large,2,2,9,False,"(128, 64)",0.003,0.2,0.001,0.2097966969013214,0.2299207001924514,0.0110798429087649,0.1407078802585601,0.2305478006601333,1.0251576900482178
14965,bank-marketing,45211,large,2,2,10,False,"(512, 256, 128)",0.0005,0.1,0.001,0.2198442369699478,0.2377745062112808,0.0113801487736848,0.1449238508939743,0.2421981692314148,1.1249885559082031
14965,bank-marketing,45211,large,2,2,11,False,"(512, 256)",0.003,0.0,0.0001,0.2185297310352325,0.2386803328990936,0.0119683469843313,0.1453763544559478,0.2410895526409149,1.0739825963974
14965,bank-marketing,45211,large,2,2,12,False,"(256, 128, 64)",0.001,0.3,0.0,0.213671937584877,0.2337861806154251,0.010441437622331,0.1419674903154373,0.2357990741729736,1.0679939985275269
14965,bank-marketing,45211,large,2,2,13,False,"(128, 64)",0.003,0.0,0.001,0.2222200036048889,0.2441941350698471,0.0122954179690569,0.1477425098419189,0.2475929409265518,1.0919930934906006
14965,bank-marketing,45211,large,2,2,14,False,"(512, 256, 128)",0.0005,0.05,0.0,0.2190252393484115,0.2392949610948562,0.0123070584690229,0.1452084481716156,0.2439474612474441,1.1213412284851074
14970,har,10299,large,6,0,0,True,"(256, 128)",0.001,0.1,0.0001,0.0382286719977855,0.0568814352154731,0.0107460622455695,0.0307148862630128,0.0581594817340374,1.0524790287017822
14970,har,10299,large,6,0,1,False,"(512, 256)",0.0001,0.1,0.001,0.0354523472487926,0.0511625781655311,0.0079663908115096,0.0266623310744762,0.0504304841160774,0.936035454273224
14970,har,10299,large,6,0,2,False,"(256, 128, 64)",0.0001,0.05,0.0001,0.0311329513788223,0.0446429625153541,0.0063075596219513,0.0221185404807329,0.0452828146517276,0.8569322228431702
14970,har,10299,large,6,0,3,False,"(256, 128)",0.001,0.3,0.001,0.0429317541420459,0.0476322583854198,0.0089995267611105,0.0275533236563205,0.0486230924725532,1.088654637336731
14970,har,10299,large,6,0,4,False,"(256, 128)",0.0005,0.3,1e-05,0.0333895422518253,0.0459841154515743,0.0089036999493354,0.0263269338756799,0.0460787340998649,1.0057239532470703
14970,har,10299,large,6,0,5,False,"(512, 256)",0.0005,0.05,0.001,0.0388587936758995,0.0516634508967399,0.0081146332341876,0.0280578806996345,0.0517437160015106,1.0050679445266724
14970,har,10299,large,6,0,6,False,"(512, 256)",0.0001,0.0,0.001,0.0351331532001495,0.0478509105741977,0.0067113685665778,0.0249187182635068,0.0478508509695529,0.9999948740005492
14970,har,10299,large,6,0,7,False,"(128, 64)",0.0005,0.3,0.001,0.0405798181891441,0.0522224083542823,0.0086441643801321,0.0286393202841281,0.0521791242063045,0.9964391589164734
14970,har,10299,large,6,0,8,False,"(64, 32)",0.0001,0.1,0.0001,0.0638128072023391,0.0503997579216957,0.0052668362277225,0.0276382993906736,0.0705629810690879,0.6686316728591919
14970,har,10299,large,6,0,9,False,"(128, 64)",0.003,0.2,0.001,0.044678010046482,0.0565605834126472,0.008585260697553,0.0317346528172493,0.0556830540299415,0.9291662573814392
14970,har,10299,large,6,0,10,False,"(512, 256, 128)",0.0005,0.1,0.001,0.0359508581459522,0.0551427081227302,0.0069736491225684,0.0268362741917371,0.0567844212055206,1.0734341144561768
14970,har,10299,large,6,0,11,False,"(512, 256)",0.003,0.0,0.0001,0.0610824264585971,0.0568811371922493,0.0058905396116203,0.0325481221079826,0.0571223199367523,1.0469191074371338
14970,har,10299,large,6,0,12,False,"(256, 128, 64)",0.001,0.3,0.0,0.0411535017192363,0.0554016567766666,0.0096370321454353,0.0306833647191524,0.0554016567766666,0.9999995827674866
14970,har,10299,large,6,0,13,False,"(128, 64)",0.003,0.0,0.001,0.0633309409022331,0.0688808932900428,0.0081390054673438,0.0376432836055755,0.0695396214723587,0.8359354138374329
14970,har,10299,large,6,0,14,False,"(512, 256, 128)",0.0005,0.05,0.0,0.0414666831493377,0.0599972754716873,0.0090314189400101,0.0301255900412797,0.0592527911067009,0.9541655778884888
14970,har,10299,large,6,1,0,True,"(256, 128)",0.001,0.1,0.0001,0.0423633754253387,0.0644513592123985,0.0078958690552263,0.0318530239164829,0.0644545555114746,1.0001437664031982
14970,har,10299,large,6,1,1,False,"(512, 256)",0.0001,0.1,0.001,0.042840976268053,0.057446651160717,0.0066902666705326,0.028548302128911,0.0569851174950599,0.9340376257896424
14970,har,10299,large,6,1,2,False,"(256, 128, 64)",0.0001,0.05,0.0001,0.0423073098063468,0.0517879202961921,0.0056704820745585,0.0237413067370653,0.052715390920639,0.8805898427963257
14970,har,10299,large,6,1,3,False,"(256, 128)",0.001,0.3,0.001,0.0403133444488048,0.0657049939036369,0.009884861719261,0.0353398881852626,0.0657050535082817,1.0000029802322388
14970,har,10299,large,6,1,4,False,"(256, 128)",0.0005,0.3,1e-05,0.0444329716265201,0.0544084645807743,0.0080296974930562,0.0299856755882501,0.0543075017631053,0.9761717319488524
14970,har,10299,large,6,1,5,False,"(512, 256)",0.0005,0.05,0.001,0.0462920553982257,0.0668207108974456,0.0079052924916968,0.0356259085237979,0.0661378502845764,0.8728431463241577
14970,har,10299,large,6,1,6,False,"(512, 256)",0.0001,0.0,0.001,0.0394640788435936,0.053846713155508,0.0069898250226449,0.0247097164392471,0.0550064779818058,1.067931056022644
14970,har,10299,large,6,1,7,False,"(128, 64)",0.0005,0.3,0.001,0.0322874598205089,0.0566306822001934,0.0087585714932012,0.0290329307317733,0.0558713898062706,0.9623234272003174
14970,har,10299,large,6,1,8,False,"(64, 32)",0.0001,0.1,0.0001,0.0635324642062187,0.0548019036650657,0.004440772070468,0.0274349451065063,0.0730905160307884,0.7190938591957092
14970,har,10299,large,6,1,9,False,"(128, 64)",0.003,0.2,0.001,0.0428592972457408,0.0649999752640724,0.0104831986105172,0.0363154970109462,0.0710431709885597,1.2191667556762695
14970,har,10299,large,6,1,10,False,"(512, 256, 128)",0.0005,0.1,0.001,0.0418209470808506,0.0545094162225723,0.0070184884815925,0.0284187346696853,0.0544809512794017,0.9174602627754213
14970,har,10299,large,6,1,11,False,"(512, 256)",0.003,0.0,0.0001,0.0526357814669609,0.0614986047148704,0.0071764619990845,0.0332360565662384,0.0649842917919159,1.218250393867493
14970,har,10299,large,6,1,12,False,"(256, 128, 64)",0.001,0.3,0.0,0.0403183586895465,0.0600705556571483,0.0100347650089696,0.032812550663948,0.0635996535420417,1.1452306509017944
14970,har,10299,large,6,1,13,False,"(128, 64)",0.003,0.0,0.001,0.0548303090035915,0.0811747163534164,0.0095230980212634,0.0418843701481819,0.0819082707166671,1.030303120613098
14970,har,10299,large,6,1,14,False,"(512, 256, 128)",0.0005,0.05,0.0,0.036897212266922,0.0668490454554557,0.0100968552349454,0.0310275256633758,0.0714564099907875,1.1399632692337036
14970,har,10299,large,6,2,0,True,"(256, 128)",0.001,0.1,0.0001,0.0604489855468273,0.0391590259969234,0.0067822148016741,0.0212221089750528,0.0376614406704902,1.14900803565979
14970,har,10299,large,6,2,1,False,"(512, 256)",0.0001,0.1,0.001,0.0537859201431274,0.0352643132209777,0.0071496569415898,0.0193810127675533,0.034230813384056,1.095087647438049
14970,har,10299,large,6,2,2,False,"(256, 128, 64)",0.0001,0.05,0.0001,0.0452170744538307,0.0324832834303379,0.0070727406292671,0.0171315316110849,0.0358807891607284,0.8908447623252869
14970,har,10299,large,6,2,3,False,"(256, 128)",0.001,0.3,0.001,0.0508336275815963,0.0352246016263961,0.0084741239505292,0.0215929690748453,0.0363918878138065,1.3544076681137085
14970,har,10299,large,6,2,4,False,"(256, 128)",0.0005,0.3,1e-05,0.0555438995361328,0.0381325148046016,0.0049159123577346,0.0200733002275228,0.0384400747716426,1.254336714744568
14970,har,10299,large,6,2,5,False,"(512, 256)",0.0005,0.05,0.001,0.0554012469947338,0.0424675941467285,0.0067480361095138,0.0230948738753795,0.0438828058540821,1.2567074298858645
14970,har,10299,large,6,2,6,False,"(512, 256)",0.0001,0.0,0.001,0.0542913898825645,0.0348653979599475,0.0058184976330852,0.0190132148563861,0.0335594490170478,1.1298943758010864
14970,har,10299,large,6,2,7,False,"(128, 64)",0.0005,0.3,0.001,0.0514839403331279,0.0331426970660686,0.0033198918339504,0.018430158495903,0.0327399261295795,1.2004300355911257
14970,har,10299,large,6,2,8,False,"(64, 32)",0.0001,0.1,0.0001,0.0740069076418876,0.044885516166687,0.0084395106942136,0.0226019285619258,0.0657085105776786,0.7497646808624268
14970,har,10299,large,6,2,9,False,"(128, 64)",0.003,0.2,0.001,0.0641297996044159,0.0456464439630508,0.004318331321852,0.0259645711630582,0.0456244610249996,1.3001881837844849
14970,har,10299,large,6,2,10,False,"(512, 256, 128)",0.0005,0.1,0.001,0.0595154874026775,0.0444822162389755,0.0067491281379773,0.0244483705610036,0.0451027341187,0.9664549231529236
14970,har,10299,large,6,2,11,False,"(512, 256)",0.003,0.0,0.0001,0.0631535053253173,0.0514834709465503,0.0068087214501544,0.03021708317101,0.0541399493813514,1.337935447692871
14970,har,10299,large,6,2,12,False,"(256, 128, 64)",0.001,0.3,0.0,0.0586926229298114,0.0352985002100467,0.0045460232349661,0.0187300443649292,0.0371472686529159,1.385368585586548
14970,har,10299,large,6,2,13,False,"(128, 64)",0.003,0.0,0.001,0.067961074411869,0.0543556250631809,0.0058781793154173,0.0299869980663061,0.056206002831459,1.2670156955718994
14970,har,10299,large,6,2,14,False,"(512, 256, 128)",0.0005,0.05,0.0,0.063853845000267,0.0560797415673732,0.0048718124049381,0.0292350593954324,0.0594941489398479,1.2377283573150637
146195,connect-4,67557,large,3,0,0,True,"(256, 128)",0.001,0.1,0.0001,0.4486499726772308,0.4562308192253113,0.0080093020414821,0.2517388761043548,0.4599515497684479,1.1177318096160889
146195,connect-4,67557,large,3,0,1,False,"(512, 256)",0.0001,0.1,0.001,0.476677268743515,0.4888137578964233,0.0106466992327934,0.2705382406711578,0.4893691539764404,1.0334632396697998
146195,connect-4,67557,large,3,0,2,False,"(256, 128, 64)",0.0001,0.05,0.0001,0.4895882308483124,0.4979992210865021,0.0058858709489602,0.2761985063552856,0.4988972246646881,1.0511072874069214
146195,connect-4,67557,large,3,0,3,False,"(256, 128)",0.001,0.3,0.001,0.4478392899036407,0.4561553001403808,0.0127406008115164,0.2523727118968963,0.4585126042366028,0.8966652750968933
146195,connect-4,67557,large,3,0,4,False,"(256, 128)",0.0005,0.3,1e-05,0.463881641626358,0.4694458246231079,0.0093193038237889,0.2602919042110443,0.4722198247909546,0.8961250185966492
146195,connect-4,67557,large,3,0,5,False,"(512, 256)",0.0005,0.05,0.001,0.481387585401535,0.4812746047973633,0.0112780792142762,0.2665669918060303,0.4891968071460724,1.1753227710723877
146195,connect-4,67557,large,3,0,6,False,"(512, 256)",0.0001,0.0,0.001,0.5176118016242981,0.5170468688011169,0.0077261823726307,0.2851996123790741,0.5282456278800964,1.2038466930389404
146195,connect-4,67557,large,3,0,7,False,"(128, 64)",0.0005,0.3,0.001,0.5123259425163269,0.5155819654464722,0.0148739084742561,0.2867107093334198,0.5225521922111511,0.8454391360282898
146195,connect-4,67557,large,3,0,8,False,"(64, 32)",0.0001,0.1,0.0001,0.5942452549934387,0.6006836295127869,0.0068519220288415,0.337809681892395,0.6046808958053589,0.880302906036377
146195,connect-4,67557,large,3,0,9,False,"(128, 64)",0.003,0.2,0.001,0.4641640484333038,0.469855785369873,0.008246061320262,0.2617566585540771,0.4731104969978332,0.8841953873634338
146195,connect-4,67557,large,3,0,10,False,"(512, 256, 128)",0.0005,0.1,0.001,0.4618976414203644,0.4722830355167389,0.005917843654737,0.2609707415103912,0.4747948944568634,1.085012674331665
146195,connect-4,67557,large,3,0,11,False,"(512, 256)",0.003,0.0,0.0001,0.4777780175209045,0.4678880572319031,0.0096507053892123,0.2592685520648956,0.4863104820251465,1.2828813791275024
146195,connect-4,67557,large,3,0,12,False,"(256, 128, 64)",0.001,0.3,0.0,0.4389821887016296,0.4543600976467132,0.0059215776542893,0.2516406178474426,0.4543484449386596,0.9981571435928344
146195,connect-4,67557,large,3,0,13,False,"(128, 64)",0.003,0.0,0.001,0.4861702620983124,0.4814201891422272,0.0074778592847368,0.2680380046367645,0.4952487647533417,1.239405393600464
146195,connect-4,67557,large,3,0,14,False,"(512, 256, 128)",0.0005,0.05,0.0,0.4734199643135071,0.4758175015449524,0.0083573307854514,0.2630273401737213,0.4915713965892792,1.2419257164001465
146195,connect-4,67557,large,3,1,0,True,"(256, 128)",0.001,0.1,0.0001,0.4590886831283569,0.4552573263645172,0.0095518608942395,0.2514582872390747,0.4615425765514374,1.1565921306610107
146195,connect-4,67557,large,3,1,1,False,"(512, 256)",0.0001,0.1,0.001,0.4800297915935516,0.4811668395996094,0.0074444873527189,0.2654745876789093,0.4816047549247741,1.035425066947937
146195,connect-4,67557,large,3,1,2,False,"(256, 128, 64)",0.0001,0.05,0.0001,0.4959838092327118,0.4936028122901916,0.0085278564326293,0.2737341225147247,0.4952202141284942,1.078893542289734
146195,connect-4,67557,large,3,1,3,False,"(256, 128)",0.001,0.3,0.001,0.4447108507156372,0.4479066133499145,0.0091651547270071,0.2465907782316208,0.4495053887367248,0.9025347828865052
146195,connect-4,67557,large,3,1,4,False,"(256, 128)",0.0005,0.3,1e-05,0.4681760966777801,0.4693491160869598,0.0109226164215587,0.2591443955898285,0.4714291095733642,0.9063326120376588
146195,connect-4,67557,large,3,1,5,False,"(512, 256)",0.0005,0.05,0.001,0.4798859357833862,0.4783271253108978,0.0070346356502811,0.2639226019382477,0.4835318624973297,1.134963870048523
146195,connect-4,67557,large,3,1,6,False,"(512, 256)",0.0001,0.0,0.001,0.5164527297019958,0.5041159391403198,0.006917769350707,0.2785715460777282,0.5136966109275818,1.1989800930023191
146195,connect-4,67557,large,3,1,7,False,"(128, 64)",0.0005,0.3,0.001,0.5209629535675049,0.5101318955421448,0.01607897151824,0.2836293280124664,0.5199715495109558,0.8207539319992065
146195,connect-4,67557,large,3,1,8,False,"(64, 32)",0.0001,0.1,0.0001,0.6056609153747559,0.6009503602981567,0.011590912432296,0.3371180295944214,0.6049985289573669,0.888116180896759
146195,connect-4,67557,large,3,1,9,False,"(128, 64)",0.003,0.2,0.001,0.4743756949901581,0.4703356921672821,0.0099804979659512,0.2597599029541015,0.4731066524982452,0.89436274766922
146195,connect-4,67557,large,3,1,10,False,"(512, 256, 128)",0.0005,0.1,0.001,0.4697074890136719,0.4624839425086975,0.006345297998611,0.2564564347267151,0.4713019430637359,1.1922439336776731
146195,connect-4,67557,large,3,1,11,False,"(512, 256)",0.003,0.0,0.0001,0.4848228394985199,0.4827195703983307,0.01100454953664,0.2674361169338226,0.4911092519760132,1.181029200553894
146195,connect-4,67557,large,3,1,12,False,"(256, 128, 64)",0.001,0.3,0.0,0.4433315694332123,0.4421601295471191,0.0065370903752754,0.2454251050949096,0.4421592652797699,0.9974268078804016
146195,connect-4,67557,large,3,1,13,False,"(128, 64)",0.003,0.0,0.001,0.4910663068294525,0.4741481244564056,0.0092597948161189,0.2626208364963531,0.4793467819690704,1.1633964776992798
146195,connect-4,67557,large,3,1,14,False,"(512, 256, 128)",0.0005,0.05,0.0,0.4885278940200805,0.477397471666336,0.0079652666008952,0.2641060650348663,0.4897270798683166,1.2196455001831057
146195,connect-4,67557,large,3,2,0,True,"(256, 128)",0.001,0.1,0.0001,0.455202579498291,0.4646178185939789,0.0096198240868881,0.2560269832611084,0.4674654006958008,1.07938551902771
146195,connect-4,67557,large,3,2,1,False,"(512, 256)",0.0001,0.1,0.001,0.4798490405082702,0.4819760322570801,0.0093408063471681,0.2664655148983001,0.4823276400566101,1.0237363576889038
146195,connect-4,67557,large,3,2,2,False,"(256, 128, 64)",0.0001,0.05,0.0001,0.4945160448551178,0.4885367453098297,0.006580699741758,0.2707533240318298,0.4894431829452514,1.0593425035476685
146195,connect-4,67557,large,3,2,3,False,"(256, 128)",0.001,0.3,0.001,0.4487133622169494,0.4505234956741333,0.0060122871827698,0.2489965856075287,0.4539920091629028,0.8661016225814819
146195,connect-4,67557,large,3,2,4,False,"(256, 128)",0.0005,0.3,1e-05,0.4668256342411041,0.4657541811466217,0.012059455113649,0.2567289471626282,0.4687764048576355,0.8843047618865967
146195,connect-4,67557,large,3,2,5,False,"(512, 256)",0.0005,0.05,0.001,0.4840710759162903,0.4730682075023651,0.0073201699799596,0.2605442404747009,0.4877727329730987,1.236683964729309
146195,connect-4,67557,large,3,2,6,False,"(512, 256)",0.0001,0.0,0.001,0.520595908164978,0.5075153708457947,0.0124441969890507,0.2799402773380279,0.5202758312225342,1.2212284803390503
146195,connect-4,67557,large,3,2,7,False,"(128, 64)",0.0005,0.3,0.001,0.5109065175056458,0.5017303228378296,0.0123363969292846,0.2784395515918731,0.5093474984169006,0.8381534218788147
146195,connect-4,67557,large,3,2,8,False,"(64, 32)",0.0001,0.1,0.0001,0.6021210551261902,0.5876319408416748,0.0122229516048896,0.3296937048435211,0.5934848785400391,0.8738189339637756
146195,connect-4,67557,large,3,2,9,False,"(128, 64)",0.003,0.2,0.001,0.4575336575508117,0.4599892199039459,0.0091887635576059,0.2532337307929992,0.4612404108047485,0.9054787158966064
146195,connect-4,67557,large,3,2,10,False,"(512, 256, 128)",0.0005,0.1,0.001,0.4714366197586059,0.4653018116950989,0.0087529273392334,0.2557930052280426,0.4816460907459259,1.24994158744812
146195,connect-4,67557,large,3,2,11,False,"(512, 256)",0.003,0.0,0.0001,0.4802950024604797,0.4700139164924621,0.0086417598089264,0.2595678567886352,0.479060560464859,1.1831762790679932
146195,connect-4,67557,large,3,2,12,False,"(256, 128, 64)",0.001,0.3,0.0,0.4469935297966003,0.4525262713432312,0.0060083104298621,0.2516365051269531,0.4524753987789154,0.9469532370567322
146195,connect-4,67557,large,3,2,13,False,"(128, 64)",0.003,0.0,0.001,0.4878148436546325,0.4740046560764313,0.0068483008709571,0.2623762488365173,0.4863489270210266,1.2187033891677856
146195,connect-4,67557,large,3,2,14,False,"(512, 256, 128)",0.0005,0.05,0.0,0.4780817925930023,0.4726102352142334,0.0097709658487863,0.2607012689113617,0.4834330677986145,1.2019106149673462
146800,MiceProtein,1080,medium,8,0,0,True,"(256, 128)",0.001,0.1,0.0001,0.0290123149752616,0.0182502716779708,0.0044390704528784,0.0089998161420226,0.0201083049178123,0.8415583372116089
146800,MiceProtein,1080,medium,8,0,1,False,"(512, 256)",0.0001,0.1,0.001,0.076248899102211,0.0181158259510993,0.0130080170469519,0.0093425381928682,0.0644954293966293,0.6051077246665955
146800,MiceProtein,1080,medium,8,0,2,False,"(256, 128, 64)",0.0001,0.05,0.0001,0.3537191450595855,0.0385208874940872,0.02370681402124,0.0100790569558739,0.3491289615631103,0.4378552734851837
146800,MiceProtein,1080,medium,8,0,3,False,"(256, 128)",0.001,0.3,0.001,0.0195781160145998,0.0122710224241018,0.0042423524974304,0.0075689842924475,0.0141677614301443,0.7951602339744568
146800,MiceProtein,1080,medium,8,0,4,False,"(256, 128)",0.0005,0.3,1e-05,0.0337441675364971,0.0156518779695034,0.0065378073924853,0.0085151866078376,0.0261815469712018,0.705589234828949
146800,MiceProtein,1080,medium,8,0,5,False,"(512, 256)",0.0005,0.05,0.001,0.0263015478849411,0.0149405971169471,0.007206429393939,0.0100221680477261,0.0178781971335411,0.7439713478088379
146800,MiceProtein,1080,medium,8,0,6,False,"(512, 256)",0.0001,0.0,0.001,0.0717516988515853,0.0174523070454597,0.0127348212732209,0.0093434173613786,0.0588404089212417,0.6161438226699829
146800,MiceProtein,1080,medium,8,0,7,False,"(128, 64)",0.0005,0.3,0.001,0.0754075050354003,0.0152813242748379,0.0135831705030099,0.0047978316433727,0.0672725364565849,0.6213417053222656
146800,MiceProtein,1080,medium,8,0,8,False,"(64, 32)",0.0001,0.1,0.0001,1.1872923374176023,3.975611686706543,0.2177214309757138,0.4352495372295379,1.2418471574783323,0.0006386683089658
146800,MiceProtein,1080,medium,8,0,9,False,"(128, 64)",0.003,0.2,0.001,0.0324349924921989,0.0149376615881919,0.0098029743006199,0.0093817431479692,0.0163591671735048,0.9209232330322266
146800,MiceProtein,1080,medium,8,0,10,False,"(512, 256, 128)",0.0005,0.1,0.001,0.0191882047802209,0.0127403773367404,0.0042842155621375,0.0080117210745811,0.017292596399784,0.5330785512924194
146800,MiceProtein,1080,medium,8,0,11,False,"(512, 256)",0.003,0.0,0.0001,0.0201231688261032,0.0170321930199861,0.0057166080783914,0.009178907610476,0.0170103646814823,0.99513441324234
146800,MiceProtein,1080,medium,8,0,12,False,"(256, 128, 64)",0.001,0.3,0.0,0.0233989115804433,0.014309175312519,0.0053365157894146,0.008212954737246,0.0169443432241678,0.7699533104896545
146800,MiceProtein,1080,medium,8,0,13,False,"(128, 64)",0.003,0.0,0.001,0.0244224462658166,0.0196863505989313,0.0086819046625384,0.0120369056239724,0.0203751660883426,0.8895577192306519
146800,MiceProtein,1080,medium,8,0,14,False,"(512, 256, 128)",0.0005,0.05,0.0,0.0213975310325622,0.0166950840502977,0.0038890419182954,0.0087095061317086,0.0204148367047309,0.5665396451950073
146800,MiceProtein,1080,medium,8,1,0,True,"(256, 128)",0.001,0.1,0.0001,0.0132859293371438,0.0177521184086799,0.003746123685513,0.0061503956094384,0.0211198721081018,0.7010211944580078
146800,MiceProtein,1080,medium,8,1,1,False,"(512, 256)",0.0001,0.1,0.001,0.0891518220305442,0.037197183817625,0.0117213517243479,0.0076599535532295,0.0826754942536354,0.60892254114151
146800,MiceProtein,1080,medium,8,1,2,False,"(256, 128, 64)",0.0001,0.05,0.0001,0.3395158350467682,0.0392458625137805,0.0220033478129793,0.0085992123931646,0.3111231029033661,0.4438612163066864
146800,MiceProtein,1080,medium,8,1,3,False,"(256, 128)",0.001,0.3,0.001,0.0154190668836236,0.0124271726235747,0.003072844059379,0.0052155819721519,0.0166548509150743,0.7206202745437622
146800,MiceProtein,1080,medium,8,1,4,False,"(256, 128)",0.0005,0.3,1e-05,0.0291986893862485,0.0128725059330463,0.0045586238028826,0.00532400701195,0.0276132375001907,0.6471001505851746
146800,MiceProtein,1080,medium,8,1,5,False,"(512, 256)",0.0005,0.05,0.001,0.0260331463068723,0.0321510136127471,0.0058145609074904,0.0065833805128932,0.0345543399453163,0.8160781860351562
146800,MiceProtein,1080,medium,8,1,6,False,"(512, 256)",0.0001,0.0,0.001,0.0782519429922103,0.0366706401109695,0.0105574262546904,0.0074565927498042,0.0764859542250633,0.619131326675415
146800,MiceProtein,1080,medium,8,1,7,False,"(128, 64)",0.0005,0.3,0.001,0.0860977545380592,0.0177817903459072,0.0124866866771085,0.0056938650086522,0.069334752857685,0.6365467309951782
146800,MiceProtein,1080,medium,8,1,8,False,"(64, 32)",0.0001,0.1,0.0001,1.2633720636367798,2.5962331295013428,0.1474416126255635,0.293680727481842,1.1996999979019165,0.0005788579583168
146800,MiceProtein,1080,medium,8,1,9,False,"(128, 64)",0.003,0.2,0.001,0.0223645791411399,0.0115780057385563,0.00638236252614,0.0053939861245453,0.015652785077691,0.8321266770362854
146800,MiceProtein,1080,medium,8,1,10,False,"(512, 256, 128)",0.0005,0.1,0.001,0.0271509606391191,0.0199653431773185,0.0057073345430839,0.0058617102913558,0.025465028360486,0.8283300399780273
146800,MiceProtein,1080,medium,8,1,11,False,"(512, 256)",0.003,0.0,0.0001,0.0230677723884582,0.0223503354936838,0.0059696810297024,0.0066619445569813,0.022464957088232,1.0971025228500366
146800,MiceProtein,1080,medium,8,1,12,False,"(256, 128, 64)",0.001,0.3,0.0,0.0232642367482185,0.0174164362251758,0.0040108205543624,0.0057327710092067,0.0198683980852365,0.8462055325508118
146800,MiceProtein,1080,medium,8,1,13,False,"(128, 64)",0.003,0.0,0.001,0.0245608780533075,0.0134386336430907,0.0067472206773581,0.006236832588911,0.0167302396148443,0.8728100657463074
146800,MiceProtein,1080,medium,8,1,14,False,"(512, 256, 128)",0.0005,0.05,0.0,0.0270369090139865,0.021898178383708,0.0054959428991064,0.0061415978707373,0.0272599551826715,0.8138061761856079
146800,MiceProtein,1080,medium,8,2,0,True,"(256, 128)",0.001,0.1,0.0001,0.0128390276804566,0.0417819581925869,0.0117266481673276,0.0234112460166215,0.0409873239696025,0.7096948623657227
146800,MiceProtein,1080,medium,8,2,1,False,"(512, 256)",0.0001,0.1,0.001,0.0769734010100364,0.0481651686131954,0.0121401509752979,0.0235908851027488,0.0982402712106704,0.6148256659507751
146800,MiceProtein,1080,medium,8,2,2,False,"(256, 128, 64)",0.0001,0.05,0.0001,0.3213449418544769,0.0606779083609581,0.0335664090550976,0.0215202663093805,0.3558861017227173,0.4460352659225464
146800,MiceProtein,1080,medium,8,2,3,False,"(256, 128)",0.001,0.3,0.001,0.0140878297388553,0.045886181294918,0.0131951892449532,0.0244365409016609,0.0432664081454277,0.7467383742332458
146800,MiceProtein,1080,medium,8,2,4,False,"(256, 128)",0.0005,0.3,1e-05,0.0238371863961219,0.0374543257057666,0.0126051028937469,0.0242451690137386,0.0474524050951004,0.61337810754776
146800,MiceProtein,1080,medium,8,2,5,False,"(512, 256)",0.0005,0.05,0.001,0.0238391030579805,0.0424734205007553,0.0111971973085109,0.02072299644351,0.0438893102109432,0.833824634552002
146800,MiceProtein,1080,medium,8,2,6,False,"(512, 256)",0.0001,0.0,0.001,0.0712299719452858,0.0418302118778228,0.0145474091448165,0.0207017567008733,0.0874908939003944,0.6424057483673096
146800,MiceProtein,1080,medium,8,2,7,False,"(128, 64)",0.0005,0.3,0.001,0.0800917446613311,0.0350399427115917,0.0049465145041913,0.0162183474749326,0.094725415110588,0.5388075709342957
146800,MiceProtein,1080,medium,8,2,8,False,"(64, 32)",0.0001,0.1,0.0001,1.2038922309875488,2.743202447891236,0.2166550541641535,0.4331745505332947,1.2293294668197632,0.0174620691686868
146800,MiceProtein,1080,medium,8,2,9,False,"(128, 64)",0.003,0.2,0.001,0.0159484185278415,0.0327686741948127,0.0105312037063233,0.0180628038942813,0.0322375558316707,0.6557614803314209
146800,MiceProtein,1080,medium,8,2,10,False,"(512, 256, 128)",0.0005,0.1,0.001,0.0123964203521609,0.024917010217905,0.007335000384001,0.0143605042248964,0.0312316864728927,0.6514525413513184
146800,MiceProtein,1080,medium,8,2,11,False,"(512, 256)",0.003,0.0,0.0001,0.0153067391365766,0.038722138851881,0.0117744777213644,0.0200687870383262,0.038801722228527,0.7032712697982788
146800,MiceProtein,1080,medium,8,2,12,False,"(256, 128, 64)",0.001,0.3,0.0,0.0069668316282331,0.020295076072216,0.0095286314134244,0.0123103260993957,0.0236658938229084,0.6932458877563477
146800,MiceProtein,1080,medium,8,2,13,False,"(128, 64)",0.003,0.0,0.001,0.0077727106399834,0.0169167183339595,0.0072734834235391,0.0117084048688411,0.0203993171453475,0.635797917842865
146800,MiceProtein,1080,medium,8,2,14,False,"(512, 256, 128)",0.0005,0.05,0.0,0.0137734999880194,0.0256026815623044,0.0086925595446869,0.0147328758612275,0.0330600216984748,0.6649528741836548
146819,climate-model-simulation-crashes,540,small,2,0,0,True,"(256, 128)",0.001,0.1,0.0001,0.2193900793790817,0.130627766251564,0.0664786928229861,0.0677350685000419,0.116822138428688,1.1545640230178833
146819,climate-model-simulation-crashes,540,small,2,0,1,False,"(512, 256)",0.0001,0.1,0.001,0.2034740597009658,0.1212919354438781,0.0614529566632376,0.0595548823475837,0.1420638710260391,0.8517830967903137
146819,climate-model-simulation-crashes,540,small,2,0,2,False,"(256, 128, 64)",0.0001,0.05,0.0001,0.3084988892078399,0.1837988793849945,0.0872298920596087,0.0948919951915741,0.2806475162506103,0.5896812677383423
146819,climate-model-simulation-crashes,540,small,2,0,3,False,"(256, 128)",0.001,0.3,0.001,0.2072363495826721,0.127659797668457,0.0695474499169691,0.0683829709887504,0.1091921180486679,1.2570065259933472
146819,climate-model-simulation-crashes,540,small,2,0,4,False,"(256, 128)",0.0005,0.3,1e-05,0.2065588235855102,0.1336536556482315,0.0584482504629794,0.0709930807352066,0.1298066973686218,1.0387917757034302
146819,climate-model-simulation-crashes,540,small,2,0,5,False,"(512, 256)",0.0005,0.05,0.001,0.2136082053184509,0.1182768195867538,0.0658323437343409,0.0576788671314716,0.1039119735360145,1.152241587638855
146819,climate-model-simulation-crashes,540,small,2,0,6,False,"(512, 256)",0.0001,0.0,0.001,0.20225889980793,0.120358407497406,0.0647531845319418,0.0586848594248294,0.1344757825136184,0.8931669592857361
146819,climate-model-simulation-crashes,540,small,2,0,7,False,"(128, 64)",0.0005,0.3,0.001,0.1933829486370086,0.1103765144944191,0.0663875059949027,0.0538138896226882,0.1305329650640487,0.8460501432418823
146819,climate-model-simulation-crashes,540,small,2,0,8,False,"(64, 32)",0.0001,0.1,0.0001,0.594058096408844,0.5841056108474731,0.1381299190315199,0.3961233496665954,0.5952258110046387,0.8600156903266907
146819,climate-model-simulation-crashes,540,small,2,0,9,False,"(128, 64)",0.003,0.2,0.001,0.2396248579025268,0.1178726255893707,0.0847054975636211,0.05480382964015,0.0865520611405372,1.3766504526138306
146819,climate-model-simulation-crashes,540,small,2,0,10,False,"(512, 256, 128)",0.0005,0.1,0.001,0.2045981436967849,0.1176169738173484,0.0637287650211357,0.0555384494364261,0.1123888045549392,1.0505590438842771
146819,climate-model-simulation-crashes,540,small,2,0,11,False,"(512, 256)",0.003,0.0,0.0001,0.2220928519964218,0.1058325916528701,0.0599429605551707,0.0534711815416812,0.0724391490221023,1.6574212312698364
146819,climate-model-simulation-crashes,540,small,2,0,12,False,"(256, 128, 64)",0.001,0.3,0.0,0.2179285287857055,0.126636654138565,0.0641199138797359,0.0646918788552284,0.1114096119999885,1.1692914962768557
146819,climate-model-simulation-crashes,540,small,2,0,13,False,"(128, 64)",0.003,0.0,0.001,0.2457700818777084,0.1095401868224144,0.0695552423044487,0.049757320433855,0.080464668571949,1.4261409044265747
146819,climate-model-simulation-crashes,540,small,2,0,14,False,"(512, 256, 128)",0.0005,0.05,0.0,0.2088894546031952,0.1165657564997673,0.0645854585332635,0.0544369854032993,0.1286353915929794,0.9093687534332277
146819,climate-model-simulation-crashes,540,small,2,1,0,True,"(256, 128)",0.001,0.1,0.0001,0.2657129466533661,0.1474003046751022,0.0498250792791814,0.0799079611897468,0.1464830189943313,1.4849196672439575
146819,climate-model-simulation-crashes,540,small,2,1,1,False,"(512, 256)",0.0001,0.1,0.001,0.1997554004192352,0.1229263693094253,0.0587183965577019,0.0710917487740516,0.1403150707483291,0.8049327731132507
146819,climate-model-simulation-crashes,540,small,2,1,2,False,"(256, 128, 64)",0.0001,0.05,0.0001,0.7201151251792908,0.6973965764045715,0.3914071255260044,0.5042493343353271,0.7231446504592896,6.890262126922607
146819,climate-model-simulation-crashes,540,small,2,1,3,False,"(256, 128)",0.001,0.3,0.001,0.2407818734645843,0.1448562890291214,0.0432728869311603,0.0819697529077529,0.1444972157478332,1.3676801919937134
146819,climate-model-simulation-crashes,540,small,2,1,4,False,"(256, 128)",0.0005,0.3,1e-05,0.1907268464565277,0.1337884068489074,0.0360755037378381,0.0740091875195503,0.1337883174419403,1.000003218650818
146819,climate-model-simulation-crashes,540,small,2,1,5,False,"(512, 256)",0.0005,0.05,0.001,0.2020441889762878,0.1311782002449035,0.0486895911119602,0.076893575489521,0.1278343796730041,1.1031877994537354
146819,climate-model-simulation-crashes,540,small,2,1,6,False,"(512, 256)",0.0001,0.0,0.001,0.2020511031150818,0.1191858798265457,0.0499089709770532,0.0661627575755119,0.1295478641986847,0.881201982498169
146819,climate-model-simulation-crashes,540,small,2,1,7,False,"(128, 64)",0.0005,0.3,0.001,0.1972386687994003,0.132008820772171,0.0370266796262176,0.0679947733879089,0.1531829088926315,0.7531071901321411
146819,climate-model-simulation-crashes,540,small,2,1,8,False,"(64, 32)",0.0001,0.1,0.0001,0.4924383461475372,0.3912642002105713,0.2048359344035019,0.2254672646522522,0.447058230638504,0.7368963956832886
146819,climate-model-simulation-crashes,540,small,2,1,9,False,"(128, 64)",0.003,0.2,0.001,0.1822386384010315,0.140966311097145,0.0269769926865895,0.0772919058799743,0.1408805847167968,1.0421688556671145
146819,climate-model-simulation-crashes,540,small,2,1,10,False,"(512, 256, 128)",0.0005,0.1,0.001,0.2415346801280975,0.1423932164907455,0.0557622622560571,0.0797278434038162,0.1356306821107864,1.1619845628738403
146819,climate-model-simulation-crashes,540,small,2,1,11,False,"(512, 256)",0.003,0.0,0.0001,0.2385358214378357,0.132726788520813,0.036082978233879,0.0788764432072639,0.1458254754543304,1.6694819927215576
146819,climate-model-simulation-crashes,540,small,2,1,12,False,"(256, 128, 64)",0.001,0.3,0.0,0.2151931524276733,0.1390752643346786,0.0493956026103761,0.07774218916893,0.1364941298961639,1.149395227432251
146819,climate-model-simulation-crashes,540,small,2,1,13,False,"(128, 64)",0.003,0.0,0.001,0.2367442399263382,0.1438562721014022,0.048058474873319,0.0797789096832275,0.1415482759475708,1.2562861442565918
146819,climate-model-simulation-crashes,540,small,2,1,14,False,"(512, 256, 128)",0.0005,0.05,0.0,0.2454318851232528,0.1534755676984787,0.0503921330343058,0.0869399532675743,0.1461939215660095,1.1507595777511597
146819,climate-model-simulation-crashes,540,small,2,2,0,True,"(256, 128)",0.001,0.1,0.0001,0.2140933722257614,0.1816768646240234,0.0402102463039351,0.113028846681118,0.1807953119277954,1.2323421239852903
146819,climate-model-simulation-crashes,540,small,2,2,1,False,"(512, 256)",0.0001,0.1,0.001,0.2025416940450668,0.183208480477333,0.0578952251393117,0.1092203110456466,0.1949002295732498,0.8111314177513123
146819,climate-model-simulation-crashes,540,small,2,2,2,False,"(256, 128, 64)",0.0001,0.05,0.0001,0.325352668762207,0.2237823158502578,0.0730062883209299,0.1339767426252365,0.3246531784534454,0.4856040179729461
146819,climate-model-simulation-crashes,540,small,2,2,3,False,"(256, 128)",0.001,0.3,0.001,0.2151143997907638,0.1597037315368652,0.0494780593816145,0.0961156263947486,0.154170349240303,1.225545883178711
146819,climate-model-simulation-crashes,540,small,2,2,4,False,"(256, 128)",0.0005,0.3,1e-05,0.2046498209238052,0.1648080050945282,0.0403467179448516,0.0994912013411521,0.1612381190061569,1.0922930240631104
146819,climate-model-simulation-crashes,540,small,2,2,5,False,"(512, 256)",0.0005,0.05,0.001,0.2008626908063888,0.1981301009654998,0.0470514275409557,0.1193195730447769,0.1981946378946304,1.0448479652404783
146819,climate-model-simulation-crashes,540,small,2,2,6,False,"(512, 256)",0.0001,0.0,0.001,0.1996589452028274,0.1970745772123336,0.0541686476380736,0.1166454330086708,0.2031920552253723,0.8526604175567627
146819,climate-model-simulation-crashes,540,small,2,2,7,False,"(128, 64)",0.0005,0.3,0.001,0.2066498100757599,0.1633232682943344,0.0513987292846043,0.0985894873738288,0.1744701117277145,0.8448467254638672
146819,climate-model-simulation-crashes,540,small,2,2,8,False,"(64, 32)",0.0001,0.1,0.0001,0.4311412572860718,1.7056187391281128,0.0925925925925925,0.1851851791143417,0.4385595023632049,9.89084234979086e-14
146819,climate-model-simulation-crashes,540,small,2,2,9,False,"(128, 64)",0.003,0.2,0.001,0.2173797041177749,0.1783358454704284,0.0469547900152795,0.1022519394755363,0.1756130307912826,1.2792043685913086
146819,climate-model-simulation-crashes,540,small,2,2,10,False,"(512, 256, 128)",0.0005,0.1,0.001,0.2172747701406479,0.1734848320484161,0.0508437528286451,0.1004664897918701,0.1691942811012268,1.2317432165145874
146819,climate-model-simulation-crashes,540,small,2,2,11,False,"(512, 256)",0.003,0.0,0.0001,0.3229005038738251,0.2029531449079513,0.039006178393776,0.122685320675373,0.2816353440284729,2.076709985733032
146819,climate-model-simulation-crashes,540,small,2,2,12,False,"(256, 128, 64)",0.001,0.3,0.0,0.2070968598127365,0.1694070994853973,0.0540580482762536,0.0965074598789215,0.1700427085161209,0.9897274374961852
146819,climate-model-simulation-crashes,540,small,2,2,13,False,"(128, 64)",0.003,0.0,0.001,0.2370438575744629,0.182203784584999,0.0503754808946892,0.1063553169369697,0.1873700022697448,1.4573063850402832
146819,climate-model-simulation-crashes,540,small,2,2,14,False,"(512, 256, 128)",0.0005,0.05,0.0,0.2148853689432144,0.2000245004892349,0.0375919257417137,0.1213437616825103,0.2014452368021011,1.1984829902648926
146820,wilt,4839,medium,2,0,0,True,"(256, 128)",0.001,0.1,0.0001,0.046848326921463,0.0488013923168182,0.008259129610436,0.0265272408723831,0.0544282346963882,1.312686800956726
146820,wilt,4839,medium,2,0,1,False,"(512, 256)",0.0001,0.1,0.001,0.0406424403190612,0.049306720495224,0.0068427190882443,0.0251989755779504,0.048884030431509,0.9218168258666992
146820,wilt,4839,medium,2,0,2,False,"(256, 128, 64)",0.0001,0.05,0.0001,0.0517996549606323,0.0547964870929718,0.007710981980664,0.0278900116682052,0.0612711645662784,0.7487877011299133
146820,wilt,4839,medium,2,0,3,False,"(256, 128)",0.001,0.3,0.001,0.0428178869187831,0.0476111769676208,0.0073223104366914,0.0263365432620048,0.0509029179811477,1.2214643955230713
146820,wilt,4839,medium,2,0,4,False,"(256, 128)",0.0005,0.3,1e-05,0.0394745096564292,0.0481194108724594,0.0051051784029677,0.026311133056879,0.0480842739343643,0.9939953684806824
146820,wilt,4839,medium,2,0,5,False,"(512, 256)",0.0005,0.05,0.001,0.0490194521844387,0.0564886294305324,0.0072666170183292,0.0281423218548297,0.0595265999436378,1.175154209136963
146820,wilt,4839,medium,2,0,6,False,"(512, 256)",0.0001,0.0,0.001,0.043419923633337,0.0520472526550293,0.0051743867435074,0.0257061589509248,0.0520696081221103,0.865264892578125
146820,wilt,4839,medium,2,0,7,False,"(128, 64)",0.0005,0.3,0.001,0.0388472788035869,0.0462006404995918,0.0058197014793219,0.025281773880124,0.0459432043135166,0.9386688470840454
146820,wilt,4839,medium,2,0,8,False,"(64, 32)",0.0001,0.1,0.0001,0.1334224939346313,0.0736371949315071,0.0127433708794517,0.0416603051126003,0.1350346207618713,0.5140153169631958
146820,wilt,4839,medium,2,0,9,False,"(128, 64)",0.003,0.2,0.001,0.0381437093019485,0.0442976914346218,0.0074661629423294,0.0255654156208038,0.0455792881548404,1.1132489442825315
146820,wilt,4839,medium,2,0,10,False,"(512, 256, 128)",0.0005,0.1,0.001,0.0433602780103683,0.0560221001505851,0.0086797828229334,0.0288249962031841,0.0587703213095665,1.138502836227417
146820,wilt,4839,medium,2,0,11,False,"(512, 256)",0.003,0.0,0.0001,0.0506576597690582,0.0493694990873336,0.008196887172779,0.0276874806731939,0.056297842413187,1.4035979509353638
146820,wilt,4839,medium,2,0,12,False,"(256, 128, 64)",0.001,0.3,0.0,0.0433588922023773,0.0476903989911079,0.0068925193641796,0.0262662395834922,0.0488887093961238,1.1202963590621948
146820,wilt,4839,medium,2,0,13,False,"(128, 64)",0.003,0.0,0.001,0.0485761985182762,0.0526054874062538,0.0104919115784411,0.0280761159956455,0.0610150694847106,1.3782265186309814
146820,wilt,4839,medium,2,0,14,False,"(512, 256, 128)",0.0005,0.05,0.0,0.0562037862837314,0.0636584609746933,0.0078169658123297,0.0321184955537319,0.0656752735376358,1.123512625694275
146820,wilt,4839,medium,2,1,0,True,"(256, 128)",0.001,0.1,0.0001,0.0396039746701717,0.0311734490096569,0.0066522987297743,0.0176533982157707,0.0306560937315225,1.2079514265060425
146820,wilt,4839,medium,2,1,1,False,"(512, 256)",0.0001,0.1,0.001,0.0387291610240936,0.0379949547350406,0.0063036256379989,0.0205542389303445,0.0392893627285957,0.8830781579017639
146820,wilt,4839,medium,2,1,2,False,"(256, 128, 64)",0.0001,0.05,0.0001,0.0455539263784885,0.0365603193640708,0.0057140001539685,0.0183550789952278,0.0445777885615825,0.7672252655029297
146820,wilt,4839,medium,2,1,3,False,"(256, 128)",0.001,0.3,0.001,0.0369484908878803,0.0323020257055759,0.0062662724087389,0.0183371156454086,0.0319154188036918,1.0799232721328735
146820,wilt,4839,medium,2,1,4,False,"(256, 128)",0.0005,0.3,1e-05,0.0369118489325046,0.0332003571093082,0.0059978795076204,0.0187863502651453,0.0332432724535465,0.9957461953163148
146820,wilt,4839,medium,2,1,5,False,"(512, 256)",0.0005,0.05,0.001,0.0450013615190982,0.0394950807094574,0.0060490224890143,0.020779812708497,0.0390752144157886,1.1043051481246948
146820,wilt,4839,medium,2,1,6,False,"(512, 256)",0.0001,0.0,0.001,0.0411711148917675,0.0370319746434688,0.005097451247788,0.0194902662187814,0.0370847433805465,0.9945658445358276
146820,wilt,4839,medium,2,1,7,False,"(128, 64)",0.0005,0.3,0.001,0.0347871072590351,0.0311879739165306,0.0058354380496934,0.0175581667572259,0.0336067080497741,0.8393307328224182
146820,wilt,4839,medium,2,1,8,False,"(64, 32)",0.0001,0.1,0.0001,0.1232248619198799,0.0700041577219963,0.0151778581262291,0.0402075015008449,0.1258756965398788,0.5378071069717407
146820,wilt,4839,medium,2,1,9,False,"(128, 64)",0.003,0.2,0.001,0.0356664843857288,0.0295086130499839,0.0070148365310401,0.0167765337973833,0.0290622990578413,1.1522325277328491
146820,wilt,4839,medium,2,1,10,False,"(512, 256, 128)",0.0005,0.1,0.001,0.0398437120020389,0.0363398902118206,0.005758316248409,0.020835667848587,0.0363204106688499,1.07861065864563
146820,wilt,4839,medium,2,1,11,False,"(512, 256)",0.003,0.0,0.0001,0.0431641824543476,0.0347593799233436,0.0079824117630638,0.0195507071912288,0.0352556779980659,1.359177827835083
146820,wilt,4839,medium,2,1,12,False,"(256, 128, 64)",0.001,0.3,0.0,0.0385037660598754,0.0321362987160682,0.0070469774326345,0.0185263566672801,0.0317085906863212,1.093173623085022
146820,wilt,4839,medium,2,1,13,False,"(128, 64)",0.003,0.0,0.001,0.04615094140172,0.0361908823251724,0.0063363524261584,0.0208733323961496,0.0375780202448368,1.3911113739013672
146820,wilt,4839,medium,2,1,14,False,"(512, 256, 128)",0.0005,0.05,0.0,0.0399226695299148,0.0358758084475994,0.0040234156548156,0.0202699489891529,0.0357827208936214,1.1065950393676758
146820,wilt,4839,medium,2,2,0,True,"(256, 128)",0.001,0.1,0.0001,0.0313047207891941,0.0296114441007375,0.0036806117322491,0.0167018789798021,0.0335788093507289,0.6907199621200562
146820,wilt,4839,medium,2,2,1,False,"(512, 256)",0.0001,0.1,0.001,0.0372101254761219,0.028762511909008,0.0034690242332531,0.0165079589933156,0.0373066030442714,0.6463642120361328
146820,wilt,4839,medium,2,2,2,False,"(256, 128, 64)",0.0001,0.05,0.0001,0.0461916998028755,0.0280651990324258,0.0061485482066787,0.0154120782390236,0.0452582128345966,0.6419167518615723
146820,wilt,4839,medium,2,2,3,False,"(256, 128)",0.001,0.3,0.001,0.032693225890398,0.0292529817670583,0.0062594493394383,0.0167400576174259,0.033891923725605,0.683541476726532
146820,wilt,4839,medium,2,2,4,False,"(256, 128)",0.0005,0.3,1e-05,0.0298315547406673,0.0306626316159963,0.0042208477895778,0.0179425068199634,0.0342931449413299,0.6681379675865173
146820,wilt,4839,medium,2,2,5,False,"(512, 256)",0.0005,0.05,0.001,0.0309182908385992,0.0285871867090463,0.0036068919522703,0.0165835004299879,0.0329587794840335,0.646007776260376
146820,wilt,4839,medium,2,2,6,False,"(512, 256)",0.0001,0.0,0.001,0.0337051525712013,0.0273159798234701,0.0042470127713581,0.0153993675485253,0.033246025443077,0.6887334585189819
146820,wilt,4839,medium,2,2,7,False,"(128, 64)",0.0005,0.3,0.001,0.0300243571400642,0.029751282185316,0.0039455342637606,0.0177877526730299,0.033374834805727,0.697715163230896
146820,wilt,4839,medium,2,2,8,False,"(64, 32)",0.0001,0.1,0.0001,0.1308836936950683,0.0745758637785911,0.0195206240558427,0.0461326949298381,0.1326366364955902,0.5102204084396362
146820,wilt,4839,medium,2,2,9,False,"(128, 64)",0.003,0.2,0.001,0.0307549480348825,0.0290309358388185,0.007205255473284,0.0163017492741346,0.0333135686814785,0.6639379262924194
146820,wilt,4839,medium,2,2,10,False,"(512, 256, 128)",0.0005,0.1,0.001,0.0308074858039617,0.030960414558649,0.0058120808079222,0.0176705904304981,0.0328575372695922,0.7899683713912964
146820,wilt,4839,medium,2,2,11,False,"(512, 256)",0.003,0.0,0.0001,0.0278278850018978,0.0359828732907772,0.0059738766720144,0.0215357951819896,0.0351144447922706,0.8281898498535156
146820,wilt,4839,medium,2,2,12,False,"(256, 128, 64)",0.001,0.3,0.0,0.036661896854639,0.0287126172333955,0.0048276678589749,0.0167708676308393,0.0382139533758163,0.6473459005355835
146820,wilt,4839,medium,2,2,13,False,"(128, 64)",0.003,0.0,0.001,0.0279769618064165,0.0279379244893789,0.0040991217842115,0.016089342534542,0.0291500035673379,0.8108582496643066
146820,wilt,4839,medium,2,2,14,False,"(512, 256, 128)",0.0005,0.05,0.0,0.028673518449068,0.0270158238708972,0.0046692407246135,0.0162505432963371,0.0284179300069808,0.8385239243507385
146821,car,1728,medium,4,0,0,True,"(256, 128)",0.001,0.1,0.0001,0.0908645913004875,0.0568702779710292,0.0171507761772427,0.0282334890216588,0.0878921374678611,0.5279984474182129
146821,car,1728,medium,4,0,1,False,"(512, 256)",0.0001,0.1,0.001,0.2085864096879959,0.1447792202234268,0.024617316291052,0.0869382992386818,0.2051678001880645,0.5310126543045044
146821,car,1728,medium,4,0,2,False,"(256, 128, 64)",0.0001,0.05,0.0001,0.3378158509731293,0.1930229365825653,0.0419587671527054,0.1183068826794624,0.3325913846492767,0.470248281955719
146821,car,1728,medium,4,0,3,False,"(256, 128)",0.001,0.3,0.001,0.0925808697938919,0.067414179444313,0.0112038510268363,0.0393663197755813,0.0935126319527626,0.4979020655155182
146821,car,1728,medium,4,0,4,False,"(256, 128)",0.0005,0.3,1e-05,0.173384428024292,0.1313320696353912,0.0215774244540918,0.0802147760987281,0.1721293926239013,0.4772692620754242
146821,car,1728,medium,4,0,5,False,"(512, 256)",0.0005,0.05,0.001,0.0970180705189704,0.0531228184700012,0.0239536438087048,0.0229821931570768,0.084328107535839,0.6061046719551086
146821,car,1728,medium,4,0,6,False,"(512, 256)",0.0001,0.0,0.001,0.1628708839416504,0.0980613455176353,0.0268880100723406,0.0553862527012825,0.1555787771940231,0.5523924827575684
146821,car,1728,medium,4,0,7,False,"(128, 64)",0.0005,0.3,0.001,0.3160755038261413,0.2625357806682586,0.0533877183074896,0.1671421974897384,0.3093423247337341,0.5956864356994629
146821,car,1728,medium,4,0,8,False,"(64, 32)",0.0001,0.1,0.0001,0.8746104836463928,0.6508337259292603,0.0687261816968348,0.3525490164756775,0.8799489736557007,0.3908657133579254
146821,car,1728,medium,4,0,9,False,"(128, 64)",0.003,0.2,0.001,0.0662285536527633,0.0726279914379119,0.0113436215645086,0.0453049503266811,0.0792974010109901,0.6595680117607117
146821,car,1728,medium,4,0,10,False,"(512, 256, 128)",0.0005,0.1,0.001,0.0698418617248535,0.0421727262437343,0.0124082885151423,0.0253307372331619,0.054280761629343,0.7423946857452393
146821,car,1728,medium,4,0,11,False,"(512, 256)",0.003,0.0,0.0001,0.0563411004841327,0.050618726760149,0.0138334624454924,0.023070840165019,0.0592772550880909,0.6141325831413269
146821,car,1728,medium,4,0,12,False,"(256, 128, 64)",0.001,0.3,0.0,0.107805535197258,0.0774686187505722,0.0191119072065188,0.0418536327779293,0.1032071188092231,0.6197097301483154
146821,car,1728,medium,4,0,13,False,"(128, 64)",0.003,0.0,0.001,0.0495489612221717,0.0530096180737018,0.0115534649418957,0.0318696834146976,0.0574410296976566,0.7284945845603943
146821,car,1728,medium,4,0,14,False,"(512, 256, 128)",0.0005,0.05,0.0,0.0687062814831733,0.0384434312582016,0.0118428841951035,0.0214375238865613,0.0490426085889339,0.7756506204605103
146821,car,1728,medium,4,1,0,True,"(256, 128)",0.001,0.1,0.0001,0.0642154589295387,0.0343213863670825,0.0088470752758327,0.0212552789598703,0.0581660345196723,0.4873816072940826
146821,car,1728,medium,4,1,1,False,"(512, 256)",0.0001,0.1,0.001,0.2265460044145584,0.1425928920507431,0.0300599310209755,0.0810075998306274,0.2269312292337417,0.4926538467407226
146821,car,1728,medium,4,1,2,False,"(256, 128, 64)",0.0001,0.05,0.0001,0.3635281324386596,0.2214518934488296,0.0386603477775246,0.127249002456665,0.371463805437088,0.4994249045848846
146821,car,1728,medium,4,1,3,False,"(256, 128)",0.001,0.3,0.001,0.0913438498973846,0.0410592220723629,0.0128829870265343,0.0227919667959213,0.0840853452682495,0.4137539863586426
146821,car,1728,medium,4,1,4,False,"(256, 128)",0.0005,0.3,1e-05,0.1696240752935409,0.0992722138762474,0.0254295856507067,0.0546807423233985,0.1686384528875351,0.4478817582130432
146821,car,1728,medium,4,1,5,False,"(512, 256)",0.0005,0.05,0.001,0.0685982480645179,0.0481467917561531,0.0086623777084497,0.0274561904370784,0.0660784915089607,0.5463553071022034
146821,car,1728,medium,4,1,6,False,"(512, 256)",0.0001,0.0,0.001,0.168260395526886,0.0984022095799446,0.0179846624705603,0.0549570359289646,0.1733696460723877,0.4457632899284363
146821,car,1728,medium,4,1,7,False,"(128, 64)",0.0005,0.3,0.001,0.3009141385555267,0.2449843138456344,0.0386685768361266,0.1541064530611038,0.3095192313194275,0.5209106206893921
146821,car,1728,medium,4,1,8,False,"(64, 32)",0.0001,0.1,0.0001,0.7870538234710693,0.6673405766487122,0.0659810820009437,0.3695278465747833,0.7935812473297119,0.5109611749649048
146821,car,1728,medium,4,1,9,False,"(128, 64)",0.003,0.2,0.001,0.0417913310229778,0.0254040341824293,0.0099804627642695,0.0135369868949055,0.040127694606781,0.454999566078186
146821,car,1728,medium,4,1,10,False,"(512, 256, 128)",0.0005,0.1,0.001,0.0785965621471405,0.0490977354347705,0.0139638472039805,0.0267792381346225,0.0687400326132774,0.6646765470504761
146821,car,1728,medium,4,1,11,False,"(512, 256)",0.003,0.0,0.0001,0.0278047602623701,0.0112909758463501,0.0077925850430894,0.0065222950652241,0.022324826568365,0.464849978685379
146821,car,1728,medium,4,1,12,False,"(256, 128, 64)",0.001,0.3,0.0,0.0785435289144516,0.0538505539298057,0.0171141957788798,0.0339980386197567,0.075353980064392,0.5806750655174255
146821,car,1728,medium,4,1,13,False,"(128, 64)",0.003,0.0,0.001,0.055356740951538,0.0336566120386123,0.0124029804286699,0.0192913189530372,0.0419751740992069,0.7044649720191956
146821,car,1728,medium,4,1,14,False,"(512, 256, 128)",0.0005,0.05,0.0,0.0954197868704795,0.0578471273183822,0.011828159206405,0.0317250005900859,0.0724355578422546,0.7621540427207947
146821,car,1728,medium,4,2,0,True,"(256, 128)",0.001,0.1,0.0001,0.0930245891213417,0.0447931662201881,0.0121757533394073,0.0268111750483512,0.0699393972754478,0.5321927666664124
146821,car,1728,medium,4,2,1,False,"(512, 256)",0.0001,0.1,0.001,0.2395757138729095,0.1365121006965637,0.0253628254051612,0.0818096622824668,0.2050703167915344,0.5187151432037354
146821,car,1728,medium,4,2,2,False,"(256, 128, 64)",0.0001,0.05,0.0001,0.4057121872901916,0.1930845826864242,0.03406851231937,0.1094076111912727,0.3683034181594848,0.4807628095149994
146821,car,1728,medium,4,2,3,False,"(256, 128)",0.001,0.3,0.001,0.1128672808408737,0.0546248592436313,0.0144386035973396,0.0299038961529731,0.0842737853527069,0.544790506362915
146821,car,1728,medium,4,2,4,False,"(256, 128)",0.0005,0.3,1e-05,0.1973548382520675,0.113621562719345,0.0252065152102123,0.0646092966198921,0.1602295488119125,0.5656692385673523
146821,car,1728,medium,4,2,5,False,"(512, 256)",0.0005,0.05,0.001,0.0764146745204925,0.035053577274084,0.012191443544362,0.0218139570206403,0.0517887324094772,0.6057999730110168
146821,car,1728,medium,4,2,6,False,"(512, 256)",0.0001,0.0,0.001,0.1971107274293899,0.0966051667928695,0.0211291143487643,0.0559647940099239,0.1601342111825943,0.5124089121818542
146821,car,1728,medium,4,2,7,False,"(128, 64)",0.0005,0.3,0.001,0.3292618989944458,0.2423566877841949,0.0437898515851052,0.1477063298225402,0.2928838431835174,0.6163256764411926
146821,car,1728,medium,4,2,8,False,"(64, 32)",0.0001,0.1,0.0001,0.7968825101852417,0.6028984785079956,0.0550633687274763,0.3261535763740539,0.7742157578468323,0.4741961359977722
146821,car,1728,medium,4,2,9,False,"(128, 64)",0.003,0.2,0.001,0.0851596072316169,0.0349445343017578,0.0151334668515045,0.0187725499272346,0.0577841401100158,0.597020149230957
146821,car,1728,medium,4,2,10,False,"(512, 256, 128)",0.0005,0.1,0.001,0.0664380267262458,0.0512217544019222,0.0176976419597691,0.0338072180747985,0.0530927181243896,0.8148190975189209
146821,car,1728,medium,4,2,11,False,"(512, 256)",0.003,0.0,0.0001,0.0352688059210777,0.0173698626458644,0.0098891559134099,0.0099713709205389,0.0220034681260585,0.7431159019470215
146821,car,1728,medium,4,2,12,False,"(256, 128, 64)",0.001,0.3,0.0,0.1049192696809768,0.0539123564958572,0.0123814426807539,0.0271200221031904,0.0757641419768333,0.6161410808563232
146821,car,1728,medium,4,2,13,False,"(128, 64)",0.003,0.0,0.001,0.0687388107180595,0.0301028899848461,0.0167584833841562,0.0139700956642627,0.0430246666073799,0.7531303763389587
146821,car,1728,medium,4,2,14,False,"(512, 256, 128)",0.0005,0.05,0.0,0.0719450935721397,0.057096678763628,0.0145362984812558,0.0338291265070438,0.0586793050169944,0.8319995999336243
146825,Fashion-MNIST,70000,large,10,0,0,True,"(256, 128)",0.001,0.1,0.0001,0.3140553534030914,0.3000773191452026,0.0048509950769089,0.1547490209341049,0.3168618083000183,1.2996190786361694
146825,Fashion-MNIST,70000,large,10,0,1,False,"(512, 256)",0.0001,0.1,0.001,0.3022058010101318,0.3068446815013885,0.0067108112733279,0.1566397994756698,0.3075053691864013,1.0458346605300903
146825,Fashion-MNIST,70000,large,10,0,2,False,"(256, 128, 64)",0.0001,0.05,0.0001,0.3139021396636963,0.3216322958469391,0.0160171946578082,0.160604178905487,0.321670651435852,1.0048645734786987
146825,Fashion-MNIST,70000,large,10,0,3,False,"(256, 128)",0.001,0.3,0.001,0.3002212643623352,0.3013575673103332,0.0061062354736384,0.1550677120685577,0.3090382814407348,1.1920126676559448
146825,Fashion-MNIST,70000,large,10,0,4,False,"(256, 128)",0.0005,0.3,1e-05,0.3012045323848724,0.3003450632095337,0.0060275514927648,0.1531390249729156,0.3110807538032532,1.2215842008590698
146825,Fashion-MNIST,70000,large,10,0,5,False,"(512, 256)",0.0005,0.05,0.001,0.3114050626754761,0.3091403245925903,0.0038891939137663,0.1587328016757965,0.3115476667881012,1.1042513847351074
146825,Fashion-MNIST,70000,large,10,0,6,False,"(512, 256)",0.0001,0.0,0.001,0.3077087700366974,0.3101676106452942,0.0087194385635001,0.1577608436346054,0.3106195032596588,1.04272198677063
146825,Fashion-MNIST,70000,large,10,0,7,False,"(128, 64)",0.0005,0.3,0.001,0.3094986975193023,0.3090007603168487,0.0073699788791792,0.156380757689476,0.3172091543674469,1.186094880104065
146825,Fashion-MNIST,70000,large,10,0,8,False,"(64, 32)",0.0001,0.1,0.0001,0.33365398645401,0.3391740322113037,0.0079538419704352,0.1704989820718765,0.3401471674442291,1.051581859588623
146825,Fashion-MNIST,70000,large,10,0,9,False,"(128, 64)",0.003,0.2,0.001,0.3248128592967987,0.305811196565628,0.0062822794513333,0.1554303914308548,0.3311360478401184,1.378559708595276
146825,Fashion-MNIST,70000,large,10,0,10,False,"(512, 256, 128)",0.0005,0.1,0.001,0.3061909973621368,0.3103772401809692,0.0086213126058379,0.1607361584901809,0.316471666097641,1.146281123161316
146825,Fashion-MNIST,70000,large,10,0,11,False,"(512, 256)",0.003,0.0,0.0001,0.3202155828475952,0.3209489285945892,0.0070790282725578,0.1683336645364761,0.3277798593044281,1.165455341339111
146825,Fashion-MNIST,70000,large,10,0,12,False,"(256, 128, 64)",0.001,0.3,0.0,0.3047444820404053,0.3074864745140075,0.0074323412736966,0.1579693406820297,0.3137219548225403,1.1584445238113403
146825,Fashion-MNIST,70000,large,10,0,13,False,"(128, 64)",0.003,0.0,0.001,0.3324750363826751,0.3313651382923126,0.0067571469300559,0.1711326092481613,0.3393318355083465,1.1792665719985962
146825,Fashion-MNIST,70000,large,10,0,14,False,"(512, 256, 128)",0.0005,0.05,0.0,0.3056647479534149,0.3100488185882568,0.0094950402340009,0.1595634371042251,0.3171701431274414,1.1526334285736084
146825,Fashion-MNIST,70000,large,10,1,0,True,"(256, 128)",0.001,0.1,0.0001,0.3189711570739746,0.296700119972229,0.0039673024313081,0.1528665572404861,0.3054759204387665,1.226040601730347
146825,Fashion-MNIST,70000,large,10,1,1,False,"(512, 256)",0.0001,0.1,0.001,0.3111861646175384,0.2987537384033203,0.0114518085537212,0.1539505571126938,0.3023964166641235,1.1211106777191162
146825,Fashion-MNIST,70000,large,10,1,2,False,"(256, 128, 64)",0.0001,0.05,0.0001,0.3243088722229004,0.3130072951316833,0.0135025665341388,0.1561134159564972,0.3142098784446716,1.0642136335372925
146825,Fashion-MNIST,70000,large,10,1,3,False,"(256, 128)",0.001,0.3,0.001,0.3084040284156799,0.296204924583435,0.0054483340116483,0.1550009250640869,0.2989748120307922,1.1214680671691897
146825,Fashion-MNIST,70000,large,10,1,4,False,"(256, 128)",0.0005,0.3,1e-05,0.3076035976409912,0.2880996465682983,0.00618022559051,0.1494641005992889,0.2947162389755249,1.1938443183898926
146825,Fashion-MNIST,70000,large,10,1,5,False,"(512, 256)",0.0005,0.05,0.001,0.3098677396774292,0.2983086705207824,0.0068886214760797,0.1557348072528839,0.3028932511806488,1.1497045755386353
146825,Fashion-MNIST,70000,large,10,1,6,False,"(512, 256)",0.0001,0.0,0.001,0.3176330924034118,0.3057790994644165,0.008768109986115,0.1561959683895111,0.3072157800197601,1.0758517980575562
146825,Fashion-MNIST,70000,large,10,1,7,False,"(128, 64)",0.0005,0.3,0.001,0.3213857412338257,0.2966690063476562,0.0067997947388461,0.154532790184021,0.3059922456741333,1.2262866497039795
146825,Fashion-MNIST,70000,large,10,1,8,False,"(64, 32)",0.0001,0.1,0.0001,0.3472392559051513,0.3292623460292816,0.0073506968060419,0.1670509874820709,0.3300895392894745,1.0717873573303225
146825,Fashion-MNIST,70000,large,10,1,9,False,"(128, 64)",0.003,0.2,0.001,0.3247354328632355,0.2951271533966064,0.0065930527111604,0.155098870396614,0.3082730174064636,1.285419225692749
146825,Fashion-MNIST,70000,large,10,1,10,False,"(512, 256, 128)",0.0005,0.1,0.001,0.3186156451702118,0.2882458567619324,0.0101058946422168,0.149889126420021,0.3041967749595642,1.2937238216400146
146825,Fashion-MNIST,70000,large,10,1,11,False,"(512, 256)",0.003,0.0,0.0001,0.3226733803749084,0.3106377720832824,0.0044127909083451,0.1624844074249267,0.3134444653987884,1.1187412738800049
146825,Fashion-MNIST,70000,large,10,1,12,False,"(256, 128, 64)",0.001,0.3,0.0,0.3179947733879089,0.2910420596599579,0.0085580517699321,0.1495137959718704,0.3129366636276245,1.3381969928741455
146825,Fashion-MNIST,70000,large,10,1,13,False,"(128, 64)",0.003,0.0,0.001,0.3380224704742431,0.3093726336956024,0.0054243321248463,0.1607748717069625,0.3180421888828277,1.2255005836486816
146825,Fashion-MNIST,70000,large,10,1,14,False,"(512, 256, 128)",0.0005,0.05,0.0,0.3316571116447449,0.2936045527458191,0.0103584358103218,0.1504506319761276,0.3154573440551758,1.3372703790664673
146825,Fashion-MNIST,70000,large,10,2,0,True,"(256, 128)",0.001,0.1,0.0001,0.3079871535301208,0.2947805523872375,0.0058900771825796,0.152555227279663,0.3021086752414703,1.1888017654418943
146825,Fashion-MNIST,70000,large,10,2,1,False,"(512, 256)",0.0001,0.1,0.001,0.3161871433258056,0.305598497390747,0.0080987858772277,0.157066062092781,0.3056917488574981,0.9893098473548888
146825,Fashion-MNIST,70000,large,10,2,2,False,"(256, 128, 64)",0.0001,0.05,0.0001,0.3243664801120758,0.3143626451492309,0.0121216524839401,0.1549704372882843,0.314561665058136,1.0285700559616089
146825,Fashion-MNIST,70000,large,10,2,3,False,"(256, 128)",0.001,0.3,0.001,0.3141602277755737,0.2984195053577423,0.005379987830917,0.1550095528364181,0.3029178977012634,1.1580249071121216
146825,Fashion-MNIST,70000,large,10,2,4,False,"(256, 128)",0.0005,0.3,1e-05,0.3141610026359558,0.3005987405776977,0.0045402456305566,0.1554216146469116,0.3026171922683716,1.105444073677063
146825,Fashion-MNIST,70000,large,10,2,5,False,"(512, 256)",0.0005,0.05,0.001,0.320548266172409,0.306433230638504,0.0042403076734571,0.157564029097557,0.3146423101425171,1.20215904712677
146825,Fashion-MNIST,70000,large,10,2,6,False,"(512, 256)",0.0001,0.0,0.001,0.3187675774097442,0.307496577501297,0.0039640802421739,0.1564669907093048,0.3080815374851227,0.969104528427124
146825,Fashion-MNIST,70000,large,10,2,7,False,"(128, 64)",0.0005,0.3,0.001,0.3296041488647461,0.315869003534317,0.0033953931860271,0.1630617082118988,0.3174083530902862,1.0968860387802124
146825,Fashion-MNIST,70000,large,10,2,8,False,"(64, 32)",0.0001,0.1,0.0001,0.3389558792114258,0.3308974206447601,0.0101764441760522,0.1681264191865921,0.3312391638755798,1.0358211994171145
146825,Fashion-MNIST,70000,large,10,2,9,False,"(128, 64)",0.003,0.2,0.001,0.3225461542606354,0.3065277338027954,0.0070837589601675,0.1575000286102295,0.3117453753948211,1.1685198545455933
146825,Fashion-MNIST,70000,large,10,2,10,False,"(512, 256, 128)",0.0005,0.1,0.001,0.3235631585121155,0.3134895265102386,0.0093754673075108,0.1627862006425857,0.3200605511665344,1.1585487127304075
146825,Fashion-MNIST,70000,large,10,2,11,False,"(512, 256)",0.003,0.0,0.0001,0.3315427601337433,0.3071391880512237,0.0054797697148862,0.157360553741455,0.3203792870044708,1.2826850414276123
146825,Fashion-MNIST,70000,large,10,2,12,False,"(256, 128, 64)",0.001,0.3,0.0,0.3095055818557739,0.294563889503479,0.0062841168549798,0.1503914445638656,0.304684430360794,1.2225298881530762
146825,Fashion-MNIST,70000,large,10,2,13,False,"(128, 64)",0.003,0.0,0.001,0.3364335298538208,0.3272493779659271,0.005058191172069,0.1686902493238449,0.3290511965751648,1.0899324417114258
146825,Fashion-MNIST,70000,large,10,2,14,False,"(512, 256, 128)",0.0005,0.05,0.0,0.3198907077312469,0.3001680374145508,0.0060751714401301,0.1534937918186187,0.3079460859298706,1.1988246440887451
167119,jungle_chess_2pcs_raw_endgame_complete,44819,large,3,0,0,True,"(256, 128)",0.001,0.1,0.0001,0.2449112385511398,0.2429455518722534,0.0246888641093469,0.154670849442482,0.2442104518413543,0.9132915735244752
167119,jungle_chess_2pcs_raw_endgame_complete,44819,large,3,0,1,False,"(512, 256)",0.0001,0.1,0.001,0.2896525859832763,0.2805461287498474,0.0171485764563092,0.1715273112058639,0.2857425212860107,0.8427375555038452
167119,jungle_chess_2pcs_raw_endgame_complete,44819,large,3,0,2,False,"(256, 128, 64)",0.0001,0.05,0.0001,0.2636011838912964,0.2598214447498321,0.0157463541291803,0.1619607657194137,0.263280987739563,0.8590665459632874
167119,jungle_chess_2pcs_raw_endgame_complete,44819,large,3,0,3,False,"(256, 128)",0.001,0.3,0.001,0.2578874826431274,0.2514660656452179,0.0215940638560988,0.1582995951175689,0.2574918568134308,0.8094058036804199
167119,jungle_chess_2pcs_raw_endgame_complete,44819,large,3,0,4,False,"(256, 128)",0.0005,0.3,1e-05,0.2821245491504669,0.2721139788627624,0.0182400808618233,0.1671712547540664,0.2813879251480102,0.7754552960395813
167119,jungle_chess_2pcs_raw_endgame_complete,44819,large,3,0,5,False,"(512, 256)",0.0005,0.05,0.001,0.2433073818683624,0.242709219455719,0.0287377277815003,0.1559922993183136,0.2429929077625274,0.960673213005066
167119,jungle_chess_2pcs_raw_endgame_complete,44819,large,3,0,6,False,"(512, 256)",0.0001,0.0,0.001,0.2732967436313629,0.2683611810207367,0.0248859654821119,0.1679697036743164,0.2686856389045715,0.9715677499771118
167119,jungle_chess_2pcs_raw_endgame_complete,44819,large,3,0,7,False,"(128, 64)",0.0005,0.3,0.001,0.3200516104698181,0.3022677302360534,0.0113479947303087,0.1810302734375,0.3201163709163666,0.7026236057281494
167119,jungle_chess_2pcs_raw_endgame_complete,44819,large,3,0,8,False,"(64, 32)",0.0001,0.1,0.0001,0.4158173203468323,0.4031780958175659,0.0203833565089331,0.2382860481739044,0.4138392806053161,0.7930264472961426
167119,jungle_chess_2pcs_raw_endgame_complete,44819,large,3,0,9,False,"(128, 64)",0.003,0.2,0.001,0.2493019998073578,0.2419471442699432,0.0199481468992929,0.1533919423818588,0.2485067546367645,0.793195903301239
167119,jungle_chess_2pcs_raw_endgame_complete,44819,large,3,0,10,False,"(512, 256, 128)",0.0005,0.1,0.001,0.2054838836193084,0.2044985145330429,0.0248143234064797,0.1360442042350769,0.2051303386688232,0.929074764251709
167119,jungle_chess_2pcs_raw_endgame_complete,44819,large,3,0,11,False,"(512, 256)",0.003,0.0,0.0001,0.2056809365749359,0.2008775621652603,0.032106989202543,0.1354960054159164,0.2026358246803283,1.1648250818252563
167119,jungle_chess_2pcs_raw_endgame_complete,44819,large,3,0,12,False,"(256, 128, 64)",0.001,0.3,0.0,0.2282624095678329,0.2202804535627365,0.0139253083652512,0.1426146179437637,0.2256098389625549,0.8027404546737671
167119,jungle_chess_2pcs_raw_endgame_complete,44819,large,3,0,13,False,"(128, 64)",0.003,0.0,0.001,0.2162862569093704,0.2184680849313736,0.0306893228336439,0.1445212066173553,0.2186617106199264,1.0330829620361328
167119,jungle_chess_2pcs_raw_endgame_complete,44819,large,3,0,14,False,"(512, 256, 128)",0.0005,0.05,0.0,0.203521579504013,0.2015642523765564,0.027770138752792,0.1344801783561706,0.2015660405158996,0.9996084570884703
167119,jungle_chess_2pcs_raw_endgame_complete,44819,large,3,1,0,True,"(256, 128)",0.001,0.1,0.0001,0.2310055345296859,0.23991459608078,0.029186189308747,0.1565014868974685,0.2410319447517395,0.8523596525192261
167119,jungle_chess_2pcs_raw_endgame_complete,44819,large,3,1,1,False,"(512, 256)",0.0001,0.1,0.001,0.2848809957504272,0.2834383845329284,0.0177356392559632,0.175894632935524,0.2899481356143951,0.7734739184379578
167119,jungle_chess_2pcs_raw_endgame_complete,44819,large,3,1,2,False,"(256, 128, 64)",0.0001,0.05,0.0001,0.2593799531459808,0.2632126808166504,0.0229409991072416,0.1661165654659271,0.2677097618579864,0.7943288087844849
167119,jungle_chess_2pcs_raw_endgame_complete,44819,large,3,1,3,False,"(256, 128)",0.001,0.3,0.001,0.2552333772182464,0.2529975473880768,0.02018633852327,0.1614235639572143,0.2596917748451233,0.7619937658309937
167119,jungle_chess_2pcs_raw_endgame_complete,44819,large,3,1,4,False,"(256, 128)",0.0005,0.3,1e-05,0.277884304523468,0.277151346206665,0.0187499517056535,0.1725794225931167,0.2851395905017853,0.7465972304344177
167119,jungle_chess_2pcs_raw_endgame_complete,44819,large,3,1,5,False,"(512, 256)",0.0005,0.05,0.001,0.2401818633079528,0.2487355023622512,0.0321693937263016,0.1616088449954986,0.2487333714962005,0.9253687858581544
167119,jungle_chess_2pcs_raw_endgame_complete,44819,large,3,1,6,False,"(512, 256)",0.0001,0.0,0.001,0.2711430788040161,0.2755344808101654,0.0269169320813534,0.1744947433471679,0.2762003540992737,0.9002215266227722
167119,jungle_chess_2pcs_raw_endgame_complete,44819,large,3,1,7,False,"(128, 64)",0.0005,0.3,0.001,0.3159098923206329,0.3016782701015472,0.0130869006015228,0.1838138848543167,0.3199601769447326,0.6647214889526367
167119,jungle_chess_2pcs_raw_endgame_complete,44819,large,3,1,8,False,"(64, 32)",0.0001,0.1,0.0001,0.4009895324707031,0.3923954963684082,0.0171796715103957,0.2296416610479354,0.4046267867088318,0.7531253695487976
167119,jungle_chess_2pcs_raw_endgame_complete,44819,large,3,1,9,False,"(128, 64)",0.003,0.2,0.001,0.2453520894050598,0.2440869212150573,0.0190154765597521,0.1568700671195984,0.2506555616855621,0.7519973516464233
167119,jungle_chess_2pcs_raw_endgame_complete,44819,large,3,1,10,False,"(512, 256, 128)",0.0005,0.1,0.001,0.2007582187652588,0.2101232856512069,0.0279556670011854,0.1408499181270599,0.2102365344762802,0.8892309665679932
167119,jungle_chess_2pcs_raw_endgame_complete,44819,large,3,1,11,False,"(512, 256)",0.003,0.0,0.0001,0.2100619524717331,0.2186562418937683,0.0312989631388738,0.146309494972229,0.2204369455575943,1.1019026041030884
167119,jungle_chess_2pcs_raw_endgame_complete,44819,large,3,1,12,False,"(256, 128, 64)",0.001,0.3,0.0,0.220753476023674,0.2208855599164962,0.0161902152459553,0.1444029957056045,0.2277458310127258,0.71753990650177
167119,jungle_chess_2pcs_raw_endgame_complete,44819,large,3,1,13,False,"(128, 64)",0.003,0.0,0.001,0.221335619688034,0.2284778803586959,0.0297795096031349,0.1510916650295257,0.2284778207540512,0.9999877214431764
167119,jungle_chess_2pcs_raw_endgame_complete,44819,large,3,1,14,False,"(512, 256, 128)",0.0005,0.05,0.0,0.2015058249235153,0.2090637385845184,0.0292569936733683,0.1404201537370681,0.2089826762676239,0.9740180373191832
167119,jungle_chess_2pcs_raw_endgame_complete,44819,large,3,2,0,True,"(256, 128)",0.001,0.1,0.0001,0.2410108298063278,0.2369210422039032,0.02308376871629,0.153102695941925,0.2388732433319091,0.901531219482422
167119,jungle_chess_2pcs_raw_endgame_complete,44819,large,3,2,1,False,"(512, 256)",0.0001,0.1,0.001,0.2925830781459808,0.282625138759613,0.0204842759374704,0.1749395877122879,0.2887899875640869,0.8286624550819397
167119,jungle_chess_2pcs_raw_endgame_complete,44819,large,3,2,2,False,"(256, 128, 64)",0.0001,0.05,0.0001,0.2658341526985168,0.2607448697090149,0.0224467564108789,0.163851797580719,0.2641485333442688,0.8715245723724365
167119,jungle_chess_2pcs_raw_endgame_complete,44819,large,3,2,3,False,"(256, 128)",0.001,0.3,0.001,0.2625796198844909,0.2544044852256775,0.0178393234361517,0.1612104028463363,0.261043906211853,0.8164364099502563
167119,jungle_chess_2pcs_raw_endgame_complete,44819,large,3,2,4,False,"(256, 128)",0.0005,0.3,1e-05,0.2858881950378418,0.2754712700843811,0.021677071630077,0.1707015931606292,0.2845093607902527,0.7927025556564331
167119,jungle_chess_2pcs_raw_endgame_complete,44819,large,3,2,5,False,"(512, 256)",0.0005,0.05,0.001,0.2467506229877472,0.2443766444921493,0.028218287382251,0.1582552790641784,0.244763970375061,0.9617387056350708
167119,jungle_chess_2pcs_raw_endgame_complete,44819,large,3,2,6,False,"(512, 256)",0.0001,0.0,0.001,0.2758028507232666,0.2742469310760498,0.0269307033242647,0.1737354397773742,0.2752970457077026,0.9221376776695251
167119,jungle_chess_2pcs_raw_endgame_complete,44819,large,3,2,7,False,"(128, 64)",0.0005,0.3,0.001,0.3202708065509796,0.3060522377490997,0.0124957277078669,0.1863782703876495,0.3224000632762909,0.7167725563049316
167119,jungle_chess_2pcs_raw_endgame_complete,44819,large,3,2,8,False,"(64, 32)",0.0001,0.1,0.0001,0.4023083746433258,0.3944621384143829,0.0188431460036331,0.2328284531831741,0.4037550687789917,0.8011391162872314
167119,jungle_chess_2pcs_raw_endgame_complete,44819,large,3,2,9,False,"(128, 64)",0.003,0.2,0.001,0.2475879043340683,0.2395357191562652,0.0165622884527604,0.1536170989274978,0.2476799488067627,0.7815490365028381
167119,jungle_chess_2pcs_raw_endgame_complete,44819,large,3,2,10,False,"(512, 256, 128)",0.0005,0.1,0.001,0.2063087522983551,0.2085801362991333,0.0197275765844173,0.1378694325685501,0.2094601541757583,0.9114924669265748
167119,jungle_chess_2pcs_raw_endgame_complete,44819,large,3,2,11,False,"(512, 256)",0.003,0.0,0.0001,0.2098020166158676,0.2159051448106765,0.0308782290708853,0.1441946923732757,0.216824933886528,1.0827860832214355
167119,jungle_chess_2pcs_raw_endgame_complete,44819,large,3,2,12,False,"(256, 128, 64)",0.001,0.3,0.0,0.2308078557252884,0.2212396115064621,0.0138152366492713,0.1434727311134338,0.2284385561943054,0.7873486876487732
167119,jungle_chess_2pcs_raw_endgame_complete,44819,large,3,2,13,False,"(128, 64)",0.003,0.0,0.001,0.2140640467405319,0.2157118618488311,0.0263987989769562,0.1426158100366592,0.2158358246088028,1.031851291656494
167119,jungle_chess_2pcs_raw_endgame_complete,44819,large,3,2,14,False,"(512, 256, 128)",0.0005,0.05,0.0,0.2029836624860763,0.2089023143053054,0.023131631332486,0.138798713684082,0.2089019119739532,0.9991142749786376
167120,numerai28.6,96320,large,2,0,0,True,"(256, 128)",0.001,0.1,0.0001,0.6935225129127502,0.6931080222129822,0.0137184246310166,0.4999368488788605,0.6931437253952026,1.0088753700256348
167120,numerai28.6,96320,large,2,0,1,False,"(512, 256)",0.0001,0.1,0.001,0.6932224035263062,0.6939079165458679,0.0198710317200551,0.5007150769233704,0.6939629912376404,1.0097979307174685
167120,numerai28.6,96320,large,2,0,2,False,"(256, 128, 64)",0.0001,0.05,0.0001,0.6944235563278198,0.6931875348091125,0.0207892740568185,0.5000120401382446,0.6932496428489685,1.0124763250350952
167120,numerai28.6,96320,large,2,0,3,False,"(256, 128)",0.001,0.3,0.001,0.6935102939605713,0.6931920647621155,0.020997301929095,0.5000096559524536,0.693245530128479,1.0106419324874878
167120,numerai28.6,96320,large,2,0,4,False,"(256, 128)",0.0005,0.3,1e-05,0.6933751702308655,0.6932576894760132,0.0167269771650499,0.5000795722007751,0.6933020949363708,1.0095523595809937
167120,numerai28.6,96320,large,2,0,5,False,"(512, 256)",0.0005,0.05,0.001,0.6941837072372437,0.694708526134491,0.0271404961161191,0.5015103816986084,0.6948152780532837,1.014027118682861
167120,numerai28.6,96320,large,2,0,6,False,"(512, 256)",0.0001,0.0,0.001,0.694284975528717,0.6931895613670349,0.015280122293215,0.5000360012054443,0.6962051391601562,1.7973476648330688
167120,numerai28.6,96320,large,2,0,7,False,"(128, 64)",0.0005,0.3,0.001,0.6926584839820862,0.6919762492179871,0.0141845409967755,0.4988203644752502,0.6919764280319214,1.000062108039856
167120,numerai28.6,96320,large,2,0,8,False,"(64, 32)",0.0001,0.1,0.0001,0.6930469274520874,0.6925284266471863,0.0097390628695191,0.4993720948696136,0.6925284266471863,1.0000278949737549
167120,numerai28.6,96320,large,2,0,9,False,"(128, 64)",0.003,0.2,0.001,0.6928191781044006,0.6926935911178589,0.0062764123513271,0.4995389878749847,0.6926936507225037,1.0000399351119995
167120,numerai28.6,96320,large,2,0,10,False,"(512, 256, 128)",0.0005,0.1,0.001,0.6935960054397583,0.6933526992797852,0.0227159964950014,0.5001741051673889,0.6934113502502441,1.0109775066375732
167120,numerai28.6,96320,large,2,0,11,False,"(512, 256)",0.003,0.0,0.0001,0.6930357813835144,0.6923217177391052,0.0158070379905278,0.4991664886474609,0.6923249363899231,1.0011398792266846
167120,numerai28.6,96320,large,2,0,12,False,"(256, 128, 64)",0.001,0.3,0.0,0.6921910643577576,0.6919616460800171,0.0051562348628212,0.4988144636154175,0.6919617652893066,1.000022530555725
167120,numerai28.6,96320,large,2,0,13,False,"(128, 64)",0.003,0.0,0.001,0.693284809589386,0.6926615238189697,0.0130235351166241,0.4995055794715881,0.6926678419113159,1.0019738674163818
167120,numerai28.6,96320,large,2,0,14,False,"(512, 256, 128)",0.0005,0.05,0.0,0.6940896511077881,0.692167341709137,0.0079608483266823,0.4990219175815582,0.6942230463027954,1.7750102281570437
167120,numerai28.6,96320,large,2,1,0,True,"(256, 128)",0.001,0.1,0.0001,0.6924992203712463,0.6926299929618835,0.0076690684706962,0.4994807541370392,0.6926300525665283,1.0000120401382446
167120,numerai28.6,96320,large,2,1,1,False,"(512, 256)",0.0001,0.1,0.001,0.6926881670951843,0.6939917206764221,0.0225843211289408,0.5008191466331482,0.6939942836761475,1.0004796981811523
167120,numerai28.6,96320,large,2,1,2,False,"(256, 128, 64)",0.0001,0.05,0.0001,0.6926620006561279,0.6943825483322144,0.0259434232748178,0.5012034773826599,0.6944112181663513,1.00466787815094
167120,numerai28.6,96320,large,2,1,3,False,"(256, 128)",0.001,0.3,0.001,0.6922999024391174,0.6923937797546387,0.0063743976090239,0.4992437064647674,0.6923937797546387,1.000022053718567
167120,numerai28.6,96320,large,2,1,4,False,"(256, 128)",0.0005,0.3,1e-05,0.6922191977500916,0.6924397945404053,0.0129319065201982,0.4992901384830475,0.6924397945404053,1.0000391006469729
167120,numerai28.6,96320,large,2,1,5,False,"(512, 256)",0.0005,0.05,0.001,0.6930574774742126,0.6950855851173401,0.027171608667041,0.5018981695175171,0.6951492428779602,1.009450078010559
167120,numerai28.6,96320,large,2,1,6,False,"(512, 256)",0.0001,0.0,0.001,0.6954008340835571,0.6929662227630615,0.009348106328171,0.4998164772987366,0.6960697770118713,1.965442419052124
167120,numerai28.6,96320,large,2,1,7,False,"(128, 64)",0.0005,0.3,0.001,0.6910070180892944,0.6922575831413269,0.0068837662556457,0.499111533164978,0.6922575831413269,0.9999949932098388
167120,numerai28.6,96320,large,2,1,8,False,"(64, 32)",0.0001,0.1,0.0001,0.691585898399353,0.6922030448913574,0.010177663058158,0.4990569353103637,0.6922030448913574,1.000005841255188
167120,numerai28.6,96320,large,2,1,9,False,"(128, 64)",0.003,0.2,0.001,0.691872775554657,0.6925630569458008,0.0117552661185347,0.4994143843650818,0.6925630569458008,1.0000052452087402
167120,numerai28.6,96320,large,2,1,10,False,"(512, 256, 128)",0.0005,0.1,0.001,0.6930423378944397,0.6944735646247864,0.0233204976190397,0.5012979507446289,0.6945260167121887,1.0088924169540403
167120,numerai28.6,96320,large,2,1,11,False,"(512, 256)",0.003,0.0,0.0001,0.6925708651542664,0.6931701898574829,0.0178647357722948,0.5000151991844177,0.6931702494621277,1.0000226497650146
167120,numerai28.6,96320,large,2,1,12,False,"(256, 128, 64)",0.001,0.3,0.0,0.6914554238319397,0.6923066973686218,0.0044969760030012,0.4991610646247864,0.6923066973686218,0.9999933242797852
167120,numerai28.6,96320,large,2,1,13,False,"(128, 64)",0.003,0.0,0.001,0.6917994022369385,0.6929093599319458,0.0059717436695465,0.4997616410255432,0.692909300327301,1.0000017881393433
167120,numerai28.6,96320,large,2,1,14,False,"(512, 256, 128)",0.0005,0.05,0.0,0.6943631172180176,0.6929502487182617,0.0102567381162612,0.4998005628585815,0.6956383585929871,1.8172736167907717
167120,numerai28.6,96320,large,2,2,0,True,"(256, 128)",0.001,0.1,0.0001,0.6929275989532471,0.6929338574409485,0.0140754878386888,0.4997707009315491,0.6929342150688171,1.0001251697540283
167120,numerai28.6,96320,large,2,2,1,False,"(512, 256)",0.0001,0.1,0.001,0.6943650245666504,0.692969024181366,0.0211077747621046,0.4997919499874115,0.69303297996521,1.0127694606781006
167120,numerai28.6,96320,large,2,2,2,False,"(256, 128, 64)",0.0001,0.05,0.0001,0.6945587992668152,0.6932381987571716,0.0204420500442154,0.5000737905502319,0.6933022141456604,1.012759566307068
167120,numerai28.6,96320,large,2,2,3,False,"(256, 128)",0.001,0.3,0.001,0.692170262336731,0.691436231136322,0.0022474122063513,0.4982903599739074,0.691436231136322,1.000038504600525
167120,numerai28.6,96320,large,2,2,4,False,"(256, 128)",0.0005,0.3,1e-05,0.6919726729393005,0.6916435360908508,0.001445811899876,0.4984990060329437,0.6916435360908508,1.000014305114746
167120,numerai28.6,96320,large,2,2,5,False,"(512, 256)",0.0005,0.05,0.001,0.6952521800994873,0.6918797492980957,0.0072408722010198,0.4987348318099975,0.6940099596977234,1.9293081760406492
167120,numerai28.6,96320,large,2,2,6,False,"(512, 256)",0.0001,0.0,0.001,0.6972640156745911,0.6926151514053345,0.0060953530580927,0.4994672536849975,0.6960116624832153,2.1906464099884038
167120,numerai28.6,96320,large,2,2,7,False,"(128, 64)",0.0005,0.3,0.001,0.6919517517089844,0.6914010047912598,0.0008072812081307,0.4982559382915497,0.6914010047912598,1.000014305114746
167120,numerai28.6,96320,large,2,2,8,False,"(64, 32)",0.0001,0.1,0.0001,0.691950261592865,0.6917403936386108,0.003437306157469,0.4985910058021545,0.6917403936386108,1.0000121593475342
167120,numerai28.6,96320,large,2,2,9,False,"(128, 64)",0.003,0.2,0.001,0.6925474405288696,0.6914304494857788,0.0005270983871167,0.4982849955558777,0.6914304494857788,1.0000137090682983
167120,numerai28.6,96320,large,2,2,10,False,"(512, 256, 128)",0.0005,0.1,0.001,0.6929319500923157,0.6919842958450317,0.0102119884007132,0.4988321661949157,0.6919848918914795,1.0002506971359253
167120,numerai28.6,96320,large,2,2,11,False,"(512, 256)",0.003,0.0,0.0001,0.6926647424697876,0.6920809149742126,0.0110086000546119,0.4989299178123474,0.6920812129974365,1.0001269578933716
167120,numerai28.6,96320,large,2,2,12,False,"(256, 128, 64)",0.001,0.3,0.0,0.6921311616897583,0.6917861104011536,0.0038118533179543,0.4986395835876465,0.6917861104011536,1.000009536743164
167120,numerai28.6,96320,large,2,2,13,False,"(128, 64)",0.003,0.0,0.001,0.6930445432662964,0.6924237012863159,0.0077129049486545,0.4992748200893402,0.6924237012863159,1.0000170469284058
167120,numerai28.6,96320,large,2,2,14,False,"(512, 256, 128)",0.0005,0.05,0.0,0.6939459443092346,0.6928174495697021,0.0173717067357263,0.4996470212936401,0.6928633451461792,1.0108230113983154
167124,CIFAR_10,60000,large,10,0,0,True,"(256, 128)",0.001,0.1,0.0001,1.3403398990631104,1.3164775371551514,0.0096133372750547,0.5980880260467529,1.3207406997680664,1.1027438640594482
167124,CIFAR_10,60000,large,10,0,1,False,"(512, 256)",0.0001,0.1,0.001,1.3120033740997314,1.2941893339157104,0.0140151661042538,0.589067816734314,1.2974905967712402,1.086445689201355
167124,CIFAR_10,60000,large,10,0,2,False,"(256, 128, 64)",0.0001,0.05,0.0001,1.3650281429290771,1.3467224836349487,0.0123355795091225,0.6055591702461243,1.3475492000579834,1.0468577146530151
167124,CIFAR_10,60000,large,10,0,3,False,"(256, 128)",0.001,0.3,0.001,1.286197543144226,1.2686896324157717,0.0113319752448134,0.5811238884925842,1.2722845077514648,1.0921028852462769
167124,CIFAR_10,60000,large,10,0,4,False,"(256, 128)",0.0005,0.3,1e-05,1.3079659938812256,1.2755943536758425,0.0112272227563791,0.5821326971054077,1.3004285097122192,1.2206708192825315
167124,CIFAR_10,60000,large,10,0,5,False,"(512, 256)",0.0005,0.05,0.001,1.3365228176116943,1.3160369396209717,0.0114239545530743,0.5998703837394714,1.3214199542999268,1.1069657802581787
167124,CIFAR_10,60000,large,10,0,6,False,"(512, 256)",0.0001,0.0,0.001,1.338947892189026,1.316529393196106,0.0132767591629591,0.5980440974235535,1.3215950727462769,1.1054954528808594
167124,CIFAR_10,60000,large,10,0,7,False,"(128, 64)",0.0005,0.3,0.001,1.3300000429153442,1.315754771232605,0.0152924409132036,0.5997225046157837,1.3189712762832642,1.0853098630905151
167124,CIFAR_10,60000,large,10,0,8,False,"(64, 32)",0.0001,0.1,0.0001,1.4298720359802246,1.4100042581558228,0.0125820042714476,0.6350221633911133,1.410388708114624,1.0427168607711792
167124,CIFAR_10,60000,large,10,0,9,False,"(128, 64)",0.003,0.2,0.001,1.3425737619400024,1.3262979984283447,0.0099071796259118,0.6042590141296387,1.3340224027633667,1.1245415210723877
167124,CIFAR_10,60000,large,10,0,10,False,"(512, 256, 128)",0.0005,0.1,0.001,1.3126164674758911,1.2817381620407104,0.013527197100636,0.5861262083053589,1.2969722747802734,1.1751255989074707
167124,CIFAR_10,60000,large,10,0,11,False,"(512, 256)",0.003,0.0,0.0001,1.3486485481262207,1.3160364627838137,0.009740541814102,0.6000731587409973,1.3331063985824585,1.1907497644424438
167124,CIFAR_10,60000,large,10,0,12,False,"(256, 128, 64)",0.001,0.3,0.0,1.309599995613098,1.281134009361267,0.0123677529175248,0.5846177339553833,1.2920862436294556,1.150067687034607
167124,CIFAR_10,60000,large,10,0,13,False,"(128, 64)",0.003,0.0,0.001,1.4009026288986206,1.3729159832000732,0.0133101886891656,0.622935950756073,1.3888840675354004,1.1799126863479614
167124,CIFAR_10,60000,large,10,0,14,False,"(512, 256, 128)",0.0005,0.05,0.0,1.349440336227417,1.2859108448028564,0.0164556092524694,0.5876551866531372,1.3195542097091677,1.2653528451919556
167124,CIFAR_10,60000,large,10,1,0,True,"(256, 128)",0.001,0.1,0.0001,1.3236912488937378,1.3106684684753418,0.0086138374693691,0.5965807437896729,1.3222696781158447,1.1363581418991089
167124,CIFAR_10,60000,large,10,1,1,False,"(512, 256)",0.0001,0.1,0.001,1.3055944442749023,1.2946727275848389,0.0128941845446825,0.5903831124305725,1.3027875423431396,1.1153448820114136
167124,CIFAR_10,60000,large,10,1,2,False,"(256, 128, 64)",0.0001,0.05,0.0001,1.3386715650558472,1.333203911781311,0.0167693306791285,0.6015709042549133,1.3353873491287231,1.0526727437973022
167124,CIFAR_10,60000,large,10,1,3,False,"(256, 128)",0.001,0.3,0.001,1.2760603427886963,1.269416332244873,0.0092589704435732,0.5816339254379272,1.2792695760726929,1.1259669065475464
167124,CIFAR_10,60000,large,10,1,4,False,"(256, 128)",0.0005,0.3,1e-05,1.2709776163101196,1.2708152532577517,0.0155372040714654,0.5835251212120056,1.2752927541732788,1.0784114599227903
167124,CIFAR_10,60000,large,10,1,5,False,"(512, 256)",0.0005,0.05,0.001,1.331998586654663,1.3191381692886353,0.0116242769430908,0.6013339161872864,1.3303370475769043,1.1327394247055054
167124,CIFAR_10,60000,large,10,1,6,False,"(512, 256)",0.0001,0.0,0.001,1.3316798210144043,1.3289326429367063,0.012740619836582,0.6027916669845581,1.3295414447784424,1.0262267589569092
167124,CIFAR_10,60000,large,10,1,7,False,"(128, 64)",0.0005,0.3,0.001,1.323613166809082,1.3155053853988647,0.0114168240560425,0.5991165041923523,1.318151593208313,1.0672544240951538
167124,CIFAR_10,60000,large,10,1,8,False,"(64, 32)",0.0001,0.1,0.0001,1.4256494045257568,1.4203674793243408,0.0118463245108723,0.6371141672134399,1.4207229614257812,0.9708074927330016
167124,CIFAR_10,60000,large,10,1,9,False,"(128, 64)",0.003,0.2,0.001,1.339777946472168,1.3299636840820312,0.0169932059099276,0.6037395596504211,1.3361797332763672,1.1005176305770874
167124,CIFAR_10,60000,large,10,1,10,False,"(512, 256, 128)",0.0005,0.1,0.001,1.3054808378219604,1.2839711904525757,0.0144718585357897,0.5855372548103333,1.3040082454681396,1.1824235916137695
167124,CIFAR_10,60000,large,10,1,11,False,"(512, 256)",0.003,0.0,0.0001,1.36277973651886,1.3275341987609863,0.0092324379550086,0.6026192903518677,1.3510358333587646,1.2058589458465576
167124,CIFAR_10,60000,large,10,1,12,False,"(256, 128, 64)",0.001,0.3,0.0,1.2933610677719116,1.284626007080078,0.0111286887961129,0.5874906182289124,1.2900253534317017,1.090143799781799
167124,CIFAR_10,60000,large,10,1,13,False,"(128, 64)",0.003,0.0,0.001,1.3851052522659302,1.3517216444015503,0.017247486554914,0.6143491268157959,1.3838709592819214,1.2387958765029907
167124,CIFAR_10,60000,large,10,1,14,False,"(512, 256, 128)",0.0005,0.05,0.0,1.321195125579834,1.3066418170928955,0.0208071091435849,0.5964589715003967,1.3223716020584106,1.1594209671020508
167124,CIFAR_10,60000,large,10,2,0,True,"(256, 128)",0.001,0.1,0.0001,1.310600757598877,1.3050919771194458,0.0099641741841203,0.5961905717849731,1.3221216201782229,1.1630587577819824
167124,CIFAR_10,60000,large,10,2,1,False,"(512, 256)",0.0001,0.1,0.001,1.2889187335968018,1.287795066833496,0.0121432394973105,0.587792158126831,1.297566294670105,1.1213303804397583
167124,CIFAR_10,60000,large,10,2,2,False,"(256, 128, 64)",0.0001,0.05,0.0001,1.341256022453308,1.342091679573059,0.0214545419816341,0.6048521995544434,1.345434546470642,1.0682730674743652
167124,CIFAR_10,60000,large,10,2,3,False,"(256, 128)",0.001,0.3,0.001,1.2766238451004028,1.2837035655975342,0.0091456756831871,0.5877217054367065,1.2912399768829346,1.1034585237503052
167124,CIFAR_10,60000,large,10,2,4,False,"(256, 128)",0.0005,0.3,1e-05,1.2846238613128662,1.274297833442688,0.0156056945489512,0.5835652947425842,1.293308138847351,1.178505301475525
167124,CIFAR_10,60000,large,10,2,5,False,"(512, 256)",0.0005,0.05,0.001,1.3126544952392578,1.3057407140731812,0.015410898351007,0.5959691405296326,1.3233369588851929,1.1712167263031006
167124,CIFAR_10,60000,large,10,2,6,False,"(512, 256)",0.0001,0.0,0.001,1.3295100927352903,1.3354796171188354,0.0167498191143903,0.6047719717025757,1.3412389755249023,1.0876342058181765
167124,CIFAR_10,60000,large,10,2,7,False,"(128, 64)",0.0005,0.3,0.001,1.3051353693008425,1.3187493085861206,0.008561713575075,0.6048892140388489,1.3220871686935425,1.061730980873108
167124,CIFAR_10,60000,large,10,2,8,False,"(64, 32)",0.0001,0.1,0.0001,1.4453980922698977,1.438590168952942,0.0125638419762253,0.6465107202529907,1.4386751651763916,1.0190527439117432
167124,CIFAR_10,60000,large,10,2,9,False,"(128, 64)",0.003,0.2,0.001,1.3252840042114258,1.327199101448059,0.0104282183142172,0.6069318056106567,1.3299610614776611,1.0654945373535156
167124,CIFAR_10,60000,large,10,2,10,False,"(512, 256, 128)",0.0005,0.1,0.001,1.3093711137771606,1.296970009803772,0.0102594412159588,0.5951981544494629,1.3021425008773804,1.096969485282898
167124,CIFAR_10,60000,large,10,2,11,False,"(512, 256)",0.003,0.0,0.0001,1.334537148475647,1.33046293258667,0.0142205395814445,0.6096735596656799,1.3386598825454712,1.1160995960235596
167124,CIFAR_10,60000,large,10,2,12,False,"(256, 128, 64)",0.001,0.3,0.0,1.282666802406311,1.2793084383010864,0.0104650538704461,0.5865790843963623,1.2852783203125,1.0987778902053833
167124,CIFAR_10,60000,large,10,2,13,False,"(128, 64)",0.003,0.0,0.001,1.3576467037200928,1.354437232017517,0.0086677490741842,0.6170294284820557,1.3613529205322266,1.1076873540878296
167124,CIFAR_10,60000,large,10,2,14,False,"(512, 256, 128)",0.0005,0.05,0.0,1.3322851657867432,1.2926329374313354,0.022360412262794,0.5888094902038574,1.3386545181274414,1.2796423435211182
167125,Internet-Advertisements,3279,medium,2,0,0,True,"(256, 128)",0.001,0.1,0.0001,0.0996420234441757,0.0818096995353698,0.0177838380138079,0.0431433580815792,0.0808908268809318,1.0583783388137815
167125,Internet-Advertisements,3279,medium,2,0,1,False,"(512, 256)",0.0001,0.1,0.001,0.0954043716192245,0.0873069241642952,0.0186214311336114,0.0443817749619483,0.0873070657253265,0.999988853931427
167125,Internet-Advertisements,3279,medium,2,0,2,False,"(256, 128, 64)",0.0001,0.05,0.0001,0.1254384517669677,0.1071193516254425,0.0146675250394557,0.0522872544825077,0.1153155043721199,0.8302825689315796
167125,Internet-Advertisements,3279,medium,2,0,3,False,"(256, 128)",0.001,0.3,0.001,0.1004027873277664,0.0815599113702774,0.0150036541063611,0.0432016178965568,0.0808097422122955,1.1214205026626587
167125,Internet-Advertisements,3279,medium,2,0,4,False,"(256, 128)",0.0005,0.3,1e-05,0.093169055879116,0.0758018642663955,0.0149568452280226,0.0371401719748973,0.0820906013250351,0.8435441255569458
167125,Internet-Advertisements,3279,medium,2,0,5,False,"(512, 256)",0.0005,0.05,0.001,0.1194697320461273,0.0827764943242073,0.0190839562413653,0.0436116568744182,0.083961121737957,1.347176432609558
167125,Internet-Advertisements,3279,medium,2,0,6,False,"(512, 256)",0.0001,0.0,0.001,0.0932800844311714,0.0832167565822601,0.0179506284374046,0.0435970686376094,0.0844080820679664,0.947720468044281
167125,Internet-Advertisements,3279,medium,2,0,7,False,"(128, 64)",0.0005,0.3,0.001,0.1095186099410057,0.095548003911972,0.0212973742405089,0.0483153276145458,0.1006625890731811,0.8660427331924438
167125,Internet-Advertisements,3279,medium,2,0,8,False,"(64, 32)",0.0001,0.1,0.0001,0.1490682065486908,0.0954727753996849,0.0179226701640016,0.0456017330288887,0.1450417637825012,0.5899285078048706
167125,Internet-Advertisements,3279,medium,2,0,9,False,"(128, 64)",0.003,0.2,0.001,0.0978312045335769,0.0815614163875579,0.0179665473600228,0.040245447307825,0.0806239545345306,1.0591895580291748
167125,Internet-Advertisements,3279,medium,2,0,10,False,"(512, 256, 128)",0.0005,0.1,0.001,0.1523288786411285,0.0897075161337852,0.0225482188407483,0.0459749139845371,0.0976535081863403,1.5158199071884155
167125,Internet-Advertisements,3279,medium,2,0,11,False,"(512, 256)",0.003,0.0,0.0001,0.1126169338822364,0.0837599858641624,0.0139639054735501,0.0412373654544353,0.0917365178465843,1.5046253204345703
167125,Internet-Advertisements,3279,medium,2,0,12,False,"(256, 128, 64)",0.001,0.3,0.0,0.1172211468219757,0.0923497974872589,0.0253793826796175,0.0493081733584404,0.0919207632541656,1.1618165969848633
167125,Internet-Advertisements,3279,medium,2,0,13,False,"(128, 64)",0.003,0.0,0.001,0.0987703278660774,0.0818257927894592,0.0185379340214942,0.0431722477078437,0.0813540816307067,1.0239285230636597
167125,Internet-Advertisements,3279,medium,2,0,14,False,"(512, 256, 128)",0.0005,0.05,0.0,0.1528978645801544,0.0968415811657905,0.0158550510622137,0.0492856688797473,0.1089342981576919,1.5084553956985474
167125,Internet-Advertisements,3279,medium,2,1,0,True,"(256, 128)",0.001,0.1,0.0001,0.1589375585317611,0.1027708873152732,0.015359061883717,0.0514354929327964,0.1109603345394134,1.4065028429031372
167125,Internet-Advertisements,3279,medium,2,1,1,False,"(512, 256)",0.0001,0.1,0.001,0.137714684009552,0.1008113175630569,0.0156345509477262,0.0500069074332714,0.1003686636686325,1.1857372522354126
167125,Internet-Advertisements,3279,medium,2,1,2,False,"(256, 128, 64)",0.0001,0.05,0.0001,0.1523883938789367,0.1172075942158699,0.0155079408692635,0.0563450679183006,0.115933172404766,1.108471155166626
167125,Internet-Advertisements,3279,medium,2,1,3,False,"(256, 128)",0.001,0.3,0.001,0.1295247375965118,0.0932984501123428,0.0140499346321676,0.0440425351262092,0.0934161990880966,1.1999167203903198
167125,Internet-Advertisements,3279,medium,2,1,4,False,"(256, 128)",0.0005,0.3,1e-05,0.140978142619133,0.1012029200792312,0.0112388552870692,0.0513128191232681,0.1051132157444953,1.289341688156128
167125,Internet-Advertisements,3279,medium,2,1,5,False,"(512, 256)",0.0005,0.05,0.001,0.172042578458786,0.1006391569972038,0.013922242220582,0.0522517338395118,0.1187765523791313,1.5758979320526123
167125,Internet-Advertisements,3279,medium,2,1,6,False,"(512, 256)",0.0001,0.0,0.001,0.1410411298274994,0.1034900173544883,0.0117000507690557,0.0515980012714862,0.1038820818066597,1.2152985334396362
167125,Internet-Advertisements,3279,medium,2,1,7,False,"(128, 64)",0.0005,0.3,0.001,0.1439659595489502,0.1022114977240562,0.0113074961837714,0.0525936372578144,0.1041570305824279,1.23014497756958
167125,Internet-Advertisements,3279,medium,2,1,8,False,"(64, 32)",0.0001,0.1,0.0001,0.1972696781158447,0.1161243394017219,0.0269050068426422,0.0568157620728015,0.166130244731903,0.6402367353439331
167125,Internet-Advertisements,3279,medium,2,1,9,False,"(128, 64)",0.003,0.2,0.001,0.1443369537591934,0.0898447409272193,0.0140027508624201,0.0421083681285381,0.0910691320896148,1.3353617191314695
167125,Internet-Advertisements,3279,medium,2,1,10,False,"(512, 256, 128)",0.0005,0.1,0.001,0.1667151451110839,0.1117963418364524,0.0104325984309359,0.0533624403178691,0.1232039779424667,1.3980145454406738
167125,Internet-Advertisements,3279,medium,2,1,11,False,"(512, 256)",0.003,0.0,0.0001,0.1913560777902603,0.1102155819535255,0.0138680440926454,0.0467581562697887,0.1419604867696762,1.8573611974716189
167125,Internet-Advertisements,3279,medium,2,1,12,False,"(256, 128, 64)",0.001,0.3,0.0,0.157142773270607,0.1034473329782486,0.0165957239403472,0.0497195310890674,0.1072709187865257,1.3189725875854492
167125,Internet-Advertisements,3279,medium,2,1,13,False,"(128, 64)",0.003,0.0,0.001,0.1494881063699722,0.091809943318367,0.0131273518308875,0.0426439419388771,0.0933835506439209,1.3487039804458618
167125,Internet-Advertisements,3279,medium,2,1,14,False,"(512, 256, 128)",0.0005,0.05,0.0,0.1647143065929412,0.115014262497425,0.0096760069633402,0.0538618564605712,0.1274181008338928,1.387852907180786
167125,Internet-Advertisements,3279,medium,2,2,0,True,"(256, 128)",0.001,0.1,0.0001,0.0899437963962555,0.0679128468036651,0.0124992822728505,0.0297889187932014,0.0695424973964691,0.9294241070747375
167125,Internet-Advertisements,3279,medium,2,2,1,False,"(512, 256)",0.0001,0.1,0.001,0.0918696150183677,0.0609415918588638,0.0165023017765545,0.027946064248681,0.0704718306660652,0.8247368931770325
167125,Internet-Advertisements,3279,medium,2,2,2,False,"(256, 128, 64)",0.0001,0.05,0.0001,0.1096843183040618,0.0827470421791076,0.0143684032486706,0.0402066931128501,0.0941479280591011,0.7901539206504822
167125,Internet-Advertisements,3279,medium,2,2,3,False,"(256, 128)",0.001,0.3,0.001,0.0922449305653572,0.0689679011702537,0.0095908268983286,0.0316132158041,0.0731368958950042,0.8728952407836914
167125,Internet-Advertisements,3279,medium,2,2,4,False,"(256, 128)",0.0005,0.3,1e-05,0.0906717032194137,0.0695983096957206,0.0087056483740244,0.0323445051908493,0.0703591331839561,0.9567306637763976
167125,Internet-Advertisements,3279,medium,2,2,5,False,"(512, 256)",0.0005,0.05,0.001,0.0977028161287307,0.0651500895619392,0.0146444155796756,0.0302345398813486,0.0715977028012275,0.8603821396827698
167125,Internet-Advertisements,3279,medium,2,2,6,False,"(512, 256)",0.0001,0.0,0.001,0.0897059962153434,0.0615027472376823,0.0136002473896596,0.0282563641667366,0.0686854422092437,0.8508471846580505
167125,Internet-Advertisements,3279,medium,2,2,7,False,"(128, 64)",0.0005,0.3,0.001,0.0972358807921409,0.0663167089223861,0.0136225838971332,0.0308938436210155,0.0745179131627082,0.8398866057395935
167125,Internet-Advertisements,3279,medium,2,2,8,False,"(64, 32)",0.0001,0.1,0.0001,0.1601322442293167,0.087309718132019,0.0171348554634951,0.0436528958380222,0.1514210551977157,0.5388591289520264
167125,Internet-Advertisements,3279,medium,2,2,9,False,"(128, 64)",0.003,0.2,0.001,0.0968942493200302,0.0628242343664169,0.0098164652784665,0.0318282172083854,0.062735378742218,1.003370761871338
167125,Internet-Advertisements,3279,medium,2,2,10,False,"(512, 256, 128)",0.0005,0.1,0.001,0.0912472903728485,0.0664211809635162,0.0109135703887881,0.0307171232998371,0.0713458657264709,0.86212557554245
167125,Internet-Advertisements,3279,medium,2,2,11,False,"(512, 256)",0.003,0.0,0.0001,0.1161289662122726,0.0863650813698768,0.0083210973780814,0.0489647723734378,0.0862842425704002,1.2919458150863647
167125,Internet-Advertisements,3279,medium,2,2,12,False,"(256, 128, 64)",0.001,0.3,0.0,0.0949326679110527,0.0714378729462623,0.008627302974947,0.0326978228986263,0.0744742900133133,0.903618574142456
167125,Internet-Advertisements,3279,medium,2,2,13,False,"(128, 64)",0.003,0.0,0.001,0.0869707241654396,0.0633938685059547,0.0107987140858076,0.0309558287262916,0.063097707927227,1.0159902572631836
167125,Internet-Advertisements,3279,medium,2,2,14,False,"(512, 256, 128)",0.0005,0.05,0.0,0.0876055806875228,0.0667074397206306,0.0104068817222506,0.0303920004516839,0.0718229711055755,0.8535332679748535
6,letter,20000,large,26,3,0,True,"(256, 128)",0.001,0.1,0.0001,0.1133888438344001,0.0941769257187843,0.0053425846472382,0.0458320155739784,0.0947730913758277,1.129991054534912
6,letter,20000,large,26,3,1,False,"(512, 256)",0.0001,0.1,0.001,0.1378162503242492,0.1172238290309906,0.0088693080718318,0.0570536814630031,0.12623131275177,0.8108173608779907
6,letter,20000,large,26,3,2,False,"(256, 128, 64)",0.0001,0.05,0.0001,0.1540829837322235,0.1281752735376358,0.0083193207209309,0.0609316788613796,0.1431564837694168,0.7898147106170654
6,letter,20000,large,26,3,3,False,"(256, 128)",0.001,0.3,0.001,0.1112641915678978,0.0968865007162094,0.0052128058224916,0.0479842312633991,0.0977885350584983,0.9370236396789552
6,letter,20000,large,26,3,4,False,"(256, 128)",0.0005,0.3,1e-05,0.1414638608694076,0.1188501790165901,0.0069272377925614,0.057888738811016,0.1241770163178443,0.8549453020095825
6,letter,20000,large,26,3,5,False,"(512, 256)",0.0005,0.05,0.001,0.1033941507339477,0.090037353336811,0.0056805990214149,0.0424165427684783,0.0943368822336196,1.2360302209854126
6,letter,20000,large,26,3,6,False,"(512, 256)",0.0001,0.0,0.001,0.1314264684915542,0.1168676912784576,0.0062734400331973,0.0546964108943939,0.1183590739965438,0.9337262511253356
6,letter,20000,large,26,3,7,False,"(128, 64)",0.0005,0.3,0.001,0.2684638798236847,0.2338120937347412,0.0095261037809153,0.1073886379599571,0.2538776099681854,0.7566462755203247
6,letter,20000,large,26,3,8,False,"(64, 32)",0.0001,0.1,0.0001,0.7672626972198486,0.6441660523414612,0.041518374868979,0.2568310499191284,0.7539842128753662,0.6522995233535767
6,letter,20000,large,26,3,9,False,"(128, 64)",0.003,0.2,0.001,0.1377428919076919,0.1259326934814453,0.0068841529476146,0.0588498525321483,0.1259328126907348,0.9999735355377196
6,letter,20000,large,26,3,10,False,"(512, 256, 128)",0.0005,0.1,0.001,0.0826753377914428,0.0824426487088203,0.0073317764749129,0.0404233299195766,0.0880877971649169,1.2159656286239624
6,letter,20000,large,26,3,11,False,"(512, 256)",0.003,0.0,0.0001,0.1113324612379074,0.1071319654583931,0.0052926958352326,0.0507357083261013,0.11309465020895,1.2146703004837036
6,letter,20000,large,26,3,12,False,"(256, 128, 64)",0.001,0.3,0.0,0.121302805840969,0.1034639030694961,0.006205299993356,0.0496466942131519,0.1032419428229332,1.0252562761306765
6,letter,20000,large,26,3,13,False,"(128, 64)",0.003,0.0,0.001,0.1411642432212829,0.1284516006708145,0.0081642009839415,0.0617167130112648,0.1363952010869979,1.2647076845169067
6,letter,20000,large,26,3,14,False,"(512, 256, 128)",0.0005,0.05,0.0,0.0911431908607482,0.0943437367677688,0.0080168585330247,0.0457088984549045,0.0958751365542411,1.0754530429840088
6,letter,20000,large,26,4,0,True,"(256, 128)",0.001,0.1,0.0001,0.088491104543209,0.0843990370631218,0.004593323012193,0.0400143414735794,0.0846382305026054,1.055249810218811
6,letter,20000,large,26,4,1,False,"(512, 256)",0.0001,0.1,0.001,0.1298117935657501,0.1084001585841178,0.007884572935601,0.053125787526369,0.1205826699733734,0.7866448760032654
6,letter,20000,large,26,4,2,False,"(256, 128, 64)",0.0001,0.05,0.0001,0.1438380032777786,0.1230820640921592,0.0078946031493445,0.0593406595289707,0.1401399075984954,0.771167516708374
6,letter,20000,large,26,4,3,False,"(256, 128)",0.001,0.3,0.001,0.1033447682857513,0.0999336242675781,0.0063135799914598,0.0469789877533912,0.1021691560745239,0.875849187374115
6,letter,20000,large,26,4,4,False,"(256, 128)",0.0005,0.3,1e-05,0.1253323853015899,0.1215682849287986,0.0077921725834409,0.0579262971878051,0.1276854127645492,0.8119819164276123
6,letter,20000,large,26,4,5,False,"(512, 256)",0.0005,0.05,0.001,0.096635952591896,0.0859731510281562,0.0061941662753621,0.0408588983118534,0.0858714804053306,1.0779155492782593
6,letter,20000,large,26,4,6,False,"(512, 256)",0.0001,0.0,0.001,0.1161208748817443,0.1015785709023475,0.0065450214073061,0.0483131483197212,0.105083018541336,0.8879016041755676
6,letter,20000,large,26,4,7,False,"(128, 64)",0.0005,0.3,0.001,0.2598263025283813,0.2450627982616424,0.0114978004172444,0.1121223717927932,0.2654477655887604,0.7569425702095032
6,letter,20000,large,26,4,8,False,"(64, 32)",0.0001,0.1,0.0001,0.72526615858078,0.6057485342025757,0.037038801882416,0.2502863109111786,0.7264817357063293,0.6454846858978271
6,letter,20000,large,26,4,9,False,"(128, 64)",0.003,0.2,0.001,0.1306089907884597,0.1171164289116859,0.0092560876992841,0.0567866824567317,0.1178247332572937,0.9661234617233276
6,letter,20000,large,26,4,10,False,"(512, 256, 128)",0.0005,0.1,0.001,0.0880541950464248,0.0825611054897308,0.0062330058390895,0.0401927568018436,0.0825700536370277,1.0316224098205566
6,letter,20000,large,26,4,11,False,"(512, 256)",0.003,0.0,0.0001,0.1052507907152175,0.0816669017076492,0.0056963031043608,0.0388011969625949,0.0893053412437439,1.4287142753601074
6,letter,20000,large,26,4,12,False,"(256, 128, 64)",0.001,0.3,0.0,0.1149507462978363,0.1116927191615104,0.0071043048501014,0.0532926954329013,0.1123972684144973,0.9456548690795898
6,letter,20000,large,26,4,13,False,"(128, 64)",0.003,0.0,0.001,0.1465511173009872,0.1303105056285858,0.0072679642265041,0.0623002089560031,0.1350973546504974,1.2425278425216677
6,letter,20000,large,26,4,14,False,"(512, 256, 128)",0.0005,0.05,0.0,0.1041920036077499,0.0845561921596527,0.0062546000281969,0.0400116592645645,0.0843118876218795,1.1104973554611206
14,mfeat-fourier,2000,medium,10,3,0,True,"(256, 128)",0.001,0.1,0.0001,0.4807895421981811,0.4845134019851684,0.0566813000167409,0.2497660666704177,0.4848461151123047,0.9738687872886658
14,mfeat-fourier,2000,medium,10,3,1,False,"(512, 256)",0.0001,0.1,0.001,0.5169341564178467,0.4728789627552032,0.0386848949392636,0.2430576682090759,0.4767266809940338,0.9494598507881165
14,mfeat-fourier,2000,medium,10,3,2,False,"(256, 128, 64)",0.0001,0.05,0.0001,0.6581395864486694,0.5433639287948608,0.0554842317601044,0.2642084658145904,0.6655749678611755,0.6545103788375854
14,mfeat-fourier,2000,medium,10,3,3,False,"(256, 128)",0.001,0.3,0.001,0.4723665714263916,0.4462991654872894,0.050013411094745,0.2327673584222793,0.4495613873004913,1.1193574666976929
14,mfeat-fourier,2000,medium,10,3,4,False,"(256, 128)",0.0005,0.3,1e-05,0.4815726578235626,0.4517560601234436,0.0421130540594458,0.2370649725198745,0.4569723606109619,0.9285098910331726
14,mfeat-fourier,2000,medium,10,3,5,False,"(512, 256)",0.0005,0.05,0.001,0.5169364809989929,0.4805810451507568,0.053928288668394,0.2475103735923767,0.4806516170501709,0.9985488057136536
14,mfeat-fourier,2000,medium,10,3,6,False,"(512, 256)",0.0001,0.0,0.001,0.525434136390686,0.4928584396839142,0.045704096990327,0.2493240237236023,0.4965061247348785,0.9460760951042176
14,mfeat-fourier,2000,medium,10,3,7,False,"(128, 64)",0.0005,0.3,0.001,0.4946593344211578,0.4610658586025238,0.0464429545029997,0.2386868298053741,0.4636933505535126,0.9627740383148192
14,mfeat-fourier,2000,medium,10,3,8,False,"(64, 32)",0.0001,0.1,0.0001,1.2595142126083374,0.7947542667388916,0.0608059339349468,0.3877222537994385,1.2676788568496704,0.3334237933158874
14,mfeat-fourier,2000,medium,10,3,9,False,"(128, 64)",0.003,0.2,0.001,0.5035054087638855,0.4892362952232361,0.0505604926496744,0.252371072769165,0.4990087747573852,1.1687278747558594
14,mfeat-fourier,2000,medium,10,3,10,False,"(512, 256, 128)",0.0005,0.1,0.001,0.5273371338844299,0.4750983417034149,0.0411311025172471,0.2369243800640106,0.4924886226654053,0.8721144795417786
14,mfeat-fourier,2000,medium,10,3,11,False,"(512, 256)",0.003,0.0,0.0001,0.5354508757591248,0.4726121425628662,0.0476635799805323,0.2419057488441467,0.4834957122802734,1.225854992866516
14,mfeat-fourier,2000,medium,10,3,12,False,"(256, 128, 64)",0.001,0.3,0.0,0.4704004526138305,0.4358104467391968,0.0475431891282399,0.2268469631671905,0.4353565573692322,1.0097042322158811
14,mfeat-fourier,2000,medium,10,3,13,False,"(128, 64)",0.003,0.0,0.001,0.5591304302215576,0.5065271258354187,0.0388946051026383,0.2552123963832855,0.5043272972106934,1.0395779609680176
14,mfeat-fourier,2000,medium,10,3,14,False,"(512, 256, 128)",0.0005,0.05,0.0,0.5506082773208618,0.5064506530761719,0.0512073807790875,0.2468790113925933,0.5191121101379395,0.896879255771637
14,mfeat-fourier,2000,medium,10,4,0,True,"(256, 128)",0.001,0.1,0.0001,0.4988080263137817,0.4713902771472931,0.06128325526913,0.2518569827079773,0.470942884683609,1.0081449747085571
14,mfeat-fourier,2000,medium,10,4,1,False,"(512, 256)",0.0001,0.1,0.001,0.5111203789710999,0.5005691051483154,0.0537351762503385,0.2695116400718689,0.5081217885017395,0.9240921139717102
14,mfeat-fourier,2000,medium,10,4,2,False,"(256, 128, 64)",0.0001,0.05,0.0001,0.6423527598381042,0.5303106904029846,0.0600811877722541,0.2710949182510376,0.6500920653343201,0.6881018877029419
14,mfeat-fourier,2000,medium,10,4,3,False,"(256, 128)",0.001,0.3,0.001,0.4656524956226349,0.440817266702652,0.0564683403819799,0.2412569671869278,0.4432492554187774,0.9694480299949646
14,mfeat-fourier,2000,medium,10,4,4,False,"(256, 128)",0.0005,0.3,1e-05,0.4803556799888611,0.4540385007858276,0.0467771519968907,0.2459702640771865,0.4573952853679657,0.9606332778930664
14,mfeat-fourier,2000,medium,10,4,5,False,"(512, 256)",0.0005,0.05,0.001,0.5097475647926331,0.4929305911064148,0.0635998112211625,0.2642204165458679,0.4987952709197998,0.9398639798164368
14,mfeat-fourier,2000,medium,10,4,6,False,"(512, 256)",0.0001,0.0,0.001,0.5315451622009277,0.5146487355232239,0.0534105482200781,0.2734814882278442,0.5313878655433655,0.8808127641677856
14,mfeat-fourier,2000,medium,10,4,7,False,"(128, 64)",0.0005,0.3,0.001,0.4645712971687317,0.4570268988609314,0.0458843473345041,0.2503785192966461,0.4579636752605438,0.9709947109222412
14,mfeat-fourier,2000,medium,10,4,8,False,"(64, 32)",0.0001,0.1,0.0001,1.2750681638717651,0.8281535506248474,0.0748910974462827,0.3907871544361114,1.2684650421142578,0.3830872178077698
14,mfeat-fourier,2000,medium,10,4,9,False,"(128, 64)",0.003,0.2,0.001,0.4656353294849396,0.4575612545013428,0.0486267853528261,0.2491595149040222,0.458565354347229,0.9692447781562804
14,mfeat-fourier,2000,medium,10,4,10,False,"(512, 256, 128)",0.0005,0.1,0.001,0.5080460906028748,0.5341542959213257,0.0619915454710523,0.2798516154289245,0.5428128838539124,0.907692849636078
14,mfeat-fourier,2000,medium,10,4,11,False,"(512, 256)",0.003,0.0,0.0001,0.4972013831138611,0.5061086416244507,0.0632517664382855,0.2724263072013855,0.510883629322052,1.1181786060333252
14,mfeat-fourier,2000,medium,10,4,12,False,"(256, 128, 64)",0.001,0.3,0.0,0.4547051191329956,0.4517878592014313,0.0563426793615023,0.2497951835393905,0.4511186182498932,1.0329108238220217
14,mfeat-fourier,2000,medium,10,4,13,False,"(128, 64)",0.003,0.0,0.001,0.5156272649765015,0.509418785572052,0.0594086881478627,0.2717449069023132,0.5087839365005493,1.0223664045333862
14,mfeat-fourier,2000,medium,10,4,14,False,"(512, 256, 128)",0.0005,0.05,0.0,0.5434703826904297,0.5383455157279968,0.068452296393613,0.2805094420909881,0.5751428604125977,0.8106245994567871
15,breast-w,699,small,2,3,0,True,"(256, 128)",0.001,0.1,0.0001,0.0425210669636726,0.1925368010997772,0.0415553108567283,0.076308935880661,0.1512468010187149,0.6288413405418396
15,breast-w,699,small,2,3,1,False,"(512, 256)",0.0001,0.1,0.001,0.0439643040299415,0.204580932855606,0.0390271537360691,0.0750493183732032,0.1607976108789444,0.6464905738830566
15,breast-w,699,small,2,3,2,False,"(256, 128, 64)",0.0001,0.05,0.0001,0.0868237242102623,0.162587821483612,0.0285325159629186,0.0708406791090965,0.1608441770076751,0.5937038660049438
15,breast-w,699,small,2,3,3,False,"(256, 128)",0.001,0.3,0.001,0.0436976365745067,0.1853787004947662,0.0408857680502392,0.0766717940568924,0.1448242515325546,0.634010374546051
15,breast-w,699,small,2,3,4,False,"(256, 128)",0.0005,0.3,1e-05,0.0412079542875289,0.1914471834897995,0.0395090300412405,0.0747377499938011,0.1554699540138244,0.6844684481620789
15,breast-w,699,small,2,3,5,False,"(512, 256)",0.0005,0.05,0.001,0.0344473272562027,0.2121383994817733,0.0386199335257212,0.0789471790194511,0.1552282124757766,0.6132637858390808
15,breast-w,699,small,2,3,6,False,"(512, 256)",0.0001,0.0,0.001,0.0432807840406894,0.2107159495353698,0.0405409617083413,0.0746820345520973,0.1655454188585281,0.6542599201202393
15,breast-w,699,small,2,3,7,False,"(128, 64)",0.0005,0.3,0.001,0.0506545193493366,0.1639166176319122,0.0378480491184053,0.0735963135957717,0.1391466110944748,0.6336337924003601
15,breast-w,699,small,2,3,8,False,"(64, 32)",0.0001,0.1,0.0001,0.2108461260795593,0.1283556967973709,0.0251614248468762,0.0671920105814933,0.2425497025251388,0.3397755920886993
15,breast-w,699,small,2,3,9,False,"(128, 64)",0.003,0.2,0.001,0.034122496843338,0.1843014806509018,0.0435069969722202,0.0769200176000595,0.1508364081382751,0.7187924981117249
15,breast-w,699,small,2,3,10,False,"(512, 256, 128)",0.0005,0.1,0.001,0.048655804246664,0.2024720311164856,0.035007205463591,0.0740348398685455,0.1650481075048446,0.6432331800460815
15,breast-w,699,small,2,3,11,False,"(512, 256)",0.003,0.0,0.0001,0.0361623205244541,0.172455757856369,0.0435694282963162,0.0764404684305191,0.1448061913251876,0.7644607424736023
15,breast-w,699,small,2,3,12,False,"(256, 128, 64)",0.001,0.3,0.0,0.0537015087902545,0.1660176068544387,0.0366774276608512,0.0736466571688652,0.1462067514657974,0.6771419644355774
15,breast-w,699,small,2,3,13,False,"(128, 64)",0.003,0.0,0.001,0.0362498797476291,0.1816700845956802,0.0420501490434011,0.0750095695257186,0.1478835195302963,0.7002232074737549
15,breast-w,699,small,2,3,14,False,"(512, 256, 128)",0.0005,0.05,0.0,0.0515025407075881,0.1985615640878677,0.0366704676832471,0.0743779465556144,0.164660170674324,0.6512007117271423
15,breast-w,699,small,2,4,0,True,"(256, 128)",0.001,0.1,0.0001,0.1605915427207946,0.1099214106798172,0.0238243430852889,0.0547335557639598,0.1198161914944648,0.8153037428855896
15,breast-w,699,small,2,4,1,False,"(512, 256)",0.0001,0.1,0.001,0.197966068983078,0.1231468170881271,0.0292487013907659,0.0525773391127586,0.1550754755735397,0.6821444630622864
15,breast-w,699,small,2,4,2,False,"(256, 128, 64)",0.0001,0.05,0.0001,0.1736022531986236,0.120851069688797,0.0239847061179933,0.0616697706282138,0.1447422057390213,0.6630489230155945
15,breast-w,699,small,2,4,3,False,"(256, 128)",0.001,0.3,0.001,0.1628226488828659,0.108187198638916,0.0237366098733175,0.0538217201828956,0.1176317185163497,0.8351393342018127
15,breast-w,699,small,2,4,4,False,"(256, 128)",0.0005,0.3,1e-05,0.1673900485038757,0.1110261082649231,0.0244624244315283,0.0538217537105083,0.1239816546440124,0.8027428388595581
15,breast-w,699,small,2,4,5,False,"(512, 256)",0.0005,0.05,0.001,0.1680394560098648,0.1153331622481346,0.0196409326224099,0.0545622520148754,0.1288541853427887,0.7714766263961792
15,breast-w,699,small,2,4,6,False,"(512, 256)",0.0001,0.0,0.001,0.1938297003507614,0.1220933124423027,0.0279389517647879,0.0523643232882022,0.1529756486415863,0.6772675514221191
15,breast-w,699,small,2,4,7,False,"(128, 64)",0.0005,0.3,0.001,0.1572566628456115,0.1011184304952621,0.0211906654494149,0.0508869625627994,0.1203552484512329,0.7270861864089966
15,breast-w,699,small,2,4,8,False,"(64, 32)",0.0001,0.1,0.0001,0.2786414921283722,0.1097027510404586,0.0334356806107929,0.0479779057204723,0.257034033536911,0.4004580974578857
15,breast-w,699,small,2,4,9,False,"(128, 64)",0.003,0.2,0.001,0.1638382375240326,0.1039920225739479,0.0268932251703171,0.0515697263181209,0.1201528310775756,0.7746618390083313
15,breast-w,699,small,2,4,10,False,"(512, 256, 128)",0.0005,0.1,0.001,0.1602065563201904,0.1132374182343483,0.0229919542868932,0.0559834279119968,0.1238693073391914,0.7732816934585571
15,breast-w,699,small,2,4,11,False,"(512, 256)",0.003,0.0,0.0001,0.1799510717391967,0.1321460902690887,0.025091074903806,0.0586485303938388,0.1337169408798217,0.9345613718032836
15,breast-w,699,small,2,4,12,False,"(256, 128, 64)",0.001,0.3,0.0,0.1774414628744125,0.1020020246505737,0.0245063350314185,0.0522134900093078,0.139441579580307,0.6523405909538269
15,breast-w,699,small,2,4,13,False,"(128, 64)",0.003,0.0,0.001,0.1606321930885315,0.1034745797514915,0.0242478871629351,0.0524355471134185,0.1222764253616333,0.7324410676956177
15,breast-w,699,small,2,4,14,False,"(512, 256, 128)",0.0005,0.05,0.0,0.1626960486173629,0.1155144721269607,0.0246037541400818,0.0566058903932571,0.1275462508201599,0.7581879496574402
18,mfeat-morphological,2000,medium,10,3,0,True,"(256, 128)",0.001,0.1,0.0001,0.6225250363349915,0.6429839134216309,0.0497457113862037,0.3310665190219879,0.6438630819320679,1.0364972352981567
18,mfeat-morphological,2000,medium,10,3,1,False,"(512, 256)",0.0001,0.1,0.001,0.6345521807670593,0.6432340741157532,0.0389665562907854,0.3255322277545929,0.6433866620063782,0.9904956817626952
18,mfeat-morphological,2000,medium,10,3,2,False,"(256, 128, 64)",0.0001,0.05,0.0001,0.7031118869781494,0.6700102090835571,0.0608389097452163,0.3378548920154571,0.7227990627288818,0.7652626633644104
18,mfeat-morphological,2000,medium,10,3,3,False,"(256, 128)",0.001,0.3,0.001,0.6120544672012329,0.6287291049957275,0.04226717017591,0.3250335454940796,0.6312918663024902,1.072340965270996
18,mfeat-morphological,2000,medium,10,3,4,False,"(256, 128)",0.0005,0.3,1e-05,0.6155672669410706,0.6336172819137573,0.0334478010982275,0.3264270722866058,0.6340318322181702,1.0262926816940308
18,mfeat-morphological,2000,medium,10,3,5,False,"(512, 256)",0.0005,0.05,0.001,0.6241496205329895,0.6509513854980469,0.0419152112553517,0.329710453748703,0.6509883999824524,0.985050082206726
18,mfeat-morphological,2000,medium,10,3,6,False,"(512, 256)",0.0001,0.0,0.001,0.637142539024353,0.6573134064674377,0.0396943995356559,0.3304634392261505,0.6580671072006226,0.9608514308929444
18,mfeat-morphological,2000,medium,10,3,7,False,"(128, 64)",0.0005,0.3,0.001,0.6203810572624207,0.6571802496910095,0.0473027775933345,0.3357114493846893,0.6574941873550415,0.9409814476966858
18,mfeat-morphological,2000,medium,10,3,8,False,"(64, 32)",0.0001,0.1,0.0001,1.297437310218811,1.000571846961975,0.0777828166137138,0.4445510804653168,1.3044674396514893,0.4370475709438324
18,mfeat-morphological,2000,medium,10,3,9,False,"(128, 64)",0.003,0.2,0.001,0.6176193356513977,0.6395622491836548,0.0425950382153193,0.3300775289535522,0.6426712274551392,1.078297734260559
18,mfeat-morphological,2000,medium,10,3,10,False,"(512, 256, 128)",0.0005,0.1,0.001,0.6299983859062195,0.6430660486221313,0.059051207602024,0.3274541199207306,0.6430661082267761,0.9999834895133972
18,mfeat-morphological,2000,medium,10,3,11,False,"(512, 256)",0.003,0.0,0.0001,0.6322426795959473,0.6204879283905029,0.0357231134176254,0.3258755207061767,0.6263090372085571,1.1466047763824463
18,mfeat-morphological,2000,medium,10,3,12,False,"(256, 128, 64)",0.001,0.3,0.0,0.6215462684631348,0.6433064341545105,0.0389856622119744,0.3296587467193603,0.6444742679595947,1.0442461967468262
18,mfeat-morphological,2000,medium,10,3,13,False,"(128, 64)",0.003,0.0,0.001,0.6244432926177979,0.6703321933746338,0.0500403861701488,0.3390940427780151,0.6696518063545227,0.9702150821685792
18,mfeat-morphological,2000,medium,10,3,14,False,"(512, 256, 128)",0.0005,0.05,0.0,0.6334150433540344,0.6480371356010437,0.0536709664513667,0.3298919796943664,0.6480423212051392,1.0029133558273315
18,mfeat-morphological,2000,medium,10,4,0,True,"(256, 128)",0.001,0.1,0.0001,0.5457621216773987,0.5919201374053955,0.0653938576082388,0.3229568004608154,0.5910061001777649,0.9892129898071288
18,mfeat-morphological,2000,medium,10,4,1,False,"(512, 256)",0.0001,0.1,0.001,0.56647127866745,0.5914750695228577,0.0477075145641962,0.3139669299125671,0.5905299782752991,0.873580276966095
18,mfeat-morphological,2000,medium,10,4,2,False,"(256, 128, 64)",0.0001,0.05,0.0001,0.6660728454589844,0.616636335849762,0.0465286104877789,0.313406229019165,0.6807305812835693,0.6986353397369385
18,mfeat-morphological,2000,medium,10,4,3,False,"(256, 128)",0.001,0.3,0.001,0.5439900755882263,0.5633030533790588,0.040024399459362,0.3098382949829101,0.5613706111907959,0.9481617212295532
18,mfeat-morphological,2000,medium,10,4,4,False,"(256, 128)",0.0005,0.3,1e-05,0.5496281385421753,0.5730955600738525,0.0563441392282644,0.3143970370292663,0.570625901222229,0.9133785963058472
18,mfeat-morphological,2000,medium,10,4,5,False,"(512, 256)",0.0005,0.05,0.001,0.5581417679786682,0.5838380455970764,0.0551644410441319,0.3168398737907409,0.5817670226097107,0.962776243686676
18,mfeat-morphological,2000,medium,10,4,6,False,"(512, 256)",0.0001,0.0,0.001,0.5615584254264832,0.5926105380058289,0.0490117957442999,0.3159299790859222,0.5893276333808899,0.9029886722564696
18,mfeat-morphological,2000,medium,10,4,7,False,"(128, 64)",0.0005,0.3,0.001,0.5741598606109619,0.5788200497627258,0.0318793065597613,0.3162490725517273,0.5836468935012817,0.8441206812858582
18,mfeat-morphological,2000,medium,10,4,8,False,"(64, 32)",0.0001,0.1,0.0001,1.12864887714386,0.7091830372810364,0.0549853659172852,0.3722279071807861,1.1020861864089966,0.4112804532051086
18,mfeat-morphological,2000,medium,10,4,9,False,"(128, 64)",0.003,0.2,0.001,0.5574138164520264,0.5663625597953796,0.0423802933841943,0.3114863932132721,0.5654363632202148,0.9318658709526062
18,mfeat-morphological,2000,medium,10,4,10,False,"(512, 256, 128)",0.0005,0.1,0.001,0.5648191571235657,0.5908805727958679,0.0602971099317073,0.3171274662017822,0.5885986089706421,0.875128984451294
18,mfeat-morphological,2000,medium,10,4,11,False,"(512, 256)",0.003,0.0,0.0001,0.5673351287841797,0.5924926996231079,0.0410104437669118,0.3243728280067444,0.5911352634429932,0.9744048118591307
18,mfeat-morphological,2000,medium,10,4,12,False,"(256, 128, 64)",0.001,0.3,0.0,0.5428080558776855,0.5724330544471741,0.0415950723489125,0.3121667206287384,0.5697938799858093,0.9275172352790833
18,mfeat-morphological,2000,medium,10,4,13,False,"(128, 64)",0.003,0.0,0.001,0.5538607835769653,0.5864363312721252,0.0507197789351145,0.3179355263710022,0.5837417840957642,0.9450401663780212
18,mfeat-morphological,2000,medium,10,4,14,False,"(512, 256, 128)",0.0005,0.05,0.0,0.5610962510108948,0.5924938321113586,0.064830349261562,0.3130433261394501,0.5906248688697815,0.8870753049850464
23,cmc,1473,medium,3,3,0,True,"(256, 128)",0.001,0.1,0.0001,0.9238576292991638,0.9255739450454712,0.0620880756001014,0.5518884062767029,0.9305000901222228,1.1625146865844729
23,cmc,1473,medium,3,3,1,False,"(512, 256)",0.0001,0.1,0.001,0.9108653664588928,0.9126724600791932,0.043021178481269,0.5421136021614075,0.9126725792884828,1.0000191926956177
23,cmc,1473,medium,3,3,2,False,"(256, 128, 64)",0.0001,0.05,0.0001,0.9157119989395142,0.9219120144844056,0.0694323364960945,0.5515809655189514,0.922590672969818,1.025678038597107
23,cmc,1473,medium,3,3,3,False,"(256, 128)",0.001,0.3,0.001,0.9014182686805724,0.9125989079475404,0.069619676453919,0.5451698899269104,0.9126272201538086,1.0030187368392944
23,cmc,1473,medium,3,3,4,False,"(256, 128)",0.0005,0.3,1e-05,0.8942155241966248,0.9103251695632936,0.0697467790485101,0.5426926612854004,0.9102481007575988,0.9423701167106628
23,cmc,1473,medium,3,3,5,False,"(512, 256)",0.0005,0.05,0.001,0.9296949505805968,0.9172537922859192,0.0809954746968328,0.5481964349746704,0.9168978333473206,1.0851727724075315
23,cmc,1473,medium,3,3,6,False,"(512, 256)",0.0001,0.0,0.001,0.9101675152778624,0.9171521067619324,0.0550594122059601,0.5445395112037659,0.9173219799995422,1.0186902284622192
23,cmc,1473,medium,3,3,7,False,"(128, 64)",0.0005,0.3,0.001,0.8987631797790527,0.898883581161499,0.0847384199584271,0.5364733338356018,0.9015111923217772,0.8957453370094299
23,cmc,1473,medium,3,3,8,False,"(64, 32)",0.0001,0.1,0.0001,0.9342055320739746,0.9300018548965454,0.1008369223882923,0.5566805601119995,0.9417575597763062,0.7398316264152527
23,cmc,1473,medium,3,3,9,False,"(128, 64)",0.003,0.2,0.001,0.8943647146224976,0.9056648015975952,0.064646788505511,0.5434207916259766,0.90567547082901,1.0016372203826904
23,cmc,1473,medium,3,3,10,False,"(512, 256, 128)",0.0005,0.1,0.001,0.9067819118499756,0.9000684022903442,0.071972833514887,0.5363766551017761,0.902246117591858,0.9074097871780396
23,cmc,1473,medium,3,3,11,False,"(512, 256)",0.003,0.0,0.0001,0.9599454402923584,0.9397186636924744,0.0616900430560785,0.5597617030143738,0.9508402347564696,1.3113698959350586
23,cmc,1473,medium,3,3,12,False,"(256, 128, 64)",0.001,0.3,0.0,0.8997264504432678,0.904059648513794,0.0924010496355045,0.5395315289497375,0.904456377029419,1.0334601402282717
23,cmc,1473,medium,3,3,13,False,"(128, 64)",0.003,0.0,0.001,0.907123327255249,0.9111011624336244,0.0684137234243296,0.5450625419616699,0.912020206451416,1.093063473701477
23,cmc,1473,medium,3,3,14,False,"(512, 256, 128)",0.0005,0.05,0.0,0.9201250672340392,0.913006067276001,0.07059386214294,0.5448013544082642,0.9136751890182496,0.961233913898468
23,cmc,1473,medium,3,4,0,True,"(256, 128)",0.001,0.1,0.0001,0.9533478021621704,0.9233250617980956,0.0506682268307034,0.554084837436676,0.9220696091651917,1.1080245971679688
23,cmc,1473,medium,3,4,1,False,"(512, 256)",0.0001,0.1,0.001,0.9705525040626526,0.9378951787948608,0.055730502147459,0.5638331174850464,0.9382068514823914,1.200271725654602
23,cmc,1473,medium,3,4,2,False,"(256, 128, 64)",0.0001,0.05,0.0001,0.9758517742156982,0.9465240836143494,0.0602959145597145,0.5672153830528259,0.946038007736206,1.1666630506515503
23,cmc,1473,medium,3,4,3,False,"(256, 128)",0.001,0.3,0.001,0.9587766528129578,0.9153761863708496,0.0664079975610399,0.5499299764633179,0.915107250213623,1.2418262958526611
23,cmc,1473,medium,3,4,4,False,"(256, 128)",0.0005,0.3,1e-05,0.9667981266975404,0.9209681749343872,0.0402069571328028,0.5531772375106812,0.9187822937965392,1.2353596687316897
23,cmc,1473,medium,3,4,5,False,"(512, 256)",0.0005,0.05,0.001,0.971643567085266,0.9359970092773438,0.074133828703293,0.5625642538070679,0.9422460794448853,1.2817431688308716
23,cmc,1473,medium,3,4,6,False,"(512, 256)",0.0001,0.0,0.001,0.9736647009849548,0.9376175999641418,0.0720843429619309,0.5631465315818787,0.9407303333282472,1.25671648979187
23,cmc,1473,medium,3,4,7,False,"(128, 64)",0.0005,0.3,0.001,0.9615409970283508,0.9216309785842896,0.0675199870335853,0.5527594685554504,0.921553671360016,1.2491174936294556
23,cmc,1473,medium,3,4,8,False,"(64, 32)",0.0001,0.1,0.0001,1.093818426132202,1.103868007659912,0.0524915775000038,0.6715502738952637,1.1108893156051636,1.4184370040893557
23,cmc,1473,medium,3,4,9,False,"(128, 64)",0.003,0.2,0.001,0.96608567237854,0.93792724609375,0.0848060310223681,0.5643361210823059,0.9411861300468444,1.2558149099349976
23,cmc,1473,medium,3,4,10,False,"(512, 256, 128)",0.0005,0.1,0.001,0.9447627663612366,0.9434568285942078,0.0462616786108178,0.5646666288375854,0.9435145258903505,0.9866148233413696
23,cmc,1473,medium,3,4,11,False,"(512, 256)",0.003,0.0,0.0001,1.0145118236541748,0.9268484115600586,0.066039457294227,0.5539627075195312,0.9568992257118224,1.594963550567627
23,cmc,1473,medium,3,4,12,False,"(256, 128, 64)",0.001,0.3,0.0,0.9466773271560668,0.9220254421234132,0.059134967818772,0.551013171672821,0.9250524640083312,1.2071986198425293
23,cmc,1473,medium,3,4,13,False,"(128, 64)",0.003,0.0,0.001,0.9863386750221252,0.9347565174102784,0.071295299671464,0.5609186887741089,0.9527610540390016,1.4458223581314087
23,cmc,1473,medium,3,4,14,False,"(512, 256, 128)",0.0005,0.05,0.0,0.94951730966568,0.9481393694877625,0.0639495040063804,0.566027820110321,0.9481395483016968,0.9999243021011353
29,credit-approval,690,small,2,3,0,True,"(256, 128)",0.001,0.1,0.0001,0.3445395231246948,0.3725063800811767,0.0682694832771872,0.2209037393331527,0.3882184326648712,1.241109013557434
29,credit-approval,690,small,2,3,1,False,"(512, 256)",0.0001,0.1,0.001,0.3437670767307281,0.3588548302650451,0.0657368518304133,0.2084878832101822,0.3638871908187866,1.1230201721191406
29,credit-approval,690,small,2,3,2,False,"(256, 128, 64)",0.0001,0.05,0.0001,0.3395608067512512,0.3712785840034485,0.0536697213200555,0.2153341323137283,0.372311919927597,1.036865472793579
29,credit-approval,690,small,2,3,3,False,"(256, 128)",0.001,0.3,0.001,0.3605109453201294,0.3742507100105285,0.0612428037152774,0.2205980271100998,0.4052243232727051,1.3575547933578491
29,credit-approval,690,small,2,3,4,False,"(256, 128)",0.0005,0.3,1e-05,0.3341048657894134,0.3484449386596679,0.059599683192617,0.2049948871135711,0.3541938662528991,1.1625840663909912
29,credit-approval,690,small,2,3,5,False,"(512, 256)",0.0005,0.05,0.001,0.3524705469608307,0.372261494398117,0.0617438736169234,0.2190371006727218,0.3863196671009063,1.214479923248291
29,credit-approval,690,small,2,3,6,False,"(512, 256)",0.0001,0.0,0.001,0.3514993190765381,0.3709388375282287,0.0668988654003051,0.214345246553421,0.3807408213615417,1.1710975170135498
29,credit-approval,690,small,2,3,7,False,"(128, 64)",0.0005,0.3,0.001,0.326857179403305,0.3515616953372955,0.0591498403157589,0.2055056542158126,0.3511927425861358,0.9720180034637452
29,credit-approval,690,small,2,3,8,False,"(64, 32)",0.0001,0.1,0.0001,0.4479447901248932,0.3884265720844269,0.0610953366410904,0.2436711341142654,0.4470084309577942,0.5029073357582092
29,credit-approval,690,small,2,3,9,False,"(128, 64)",0.003,0.2,0.001,0.3619053661823272,0.3904350101947784,0.0608987439657754,0.2218893319368362,0.4376024305820465,1.4087132215499878
29,credit-approval,690,small,2,3,10,False,"(512, 256, 128)",0.0005,0.1,0.001,0.3686349987983703,0.4093940854072571,0.0560026793664204,0.2382878363132476,0.4329908490180969,1.2256367206573486
29,credit-approval,690,small,2,3,11,False,"(512, 256)",0.003,0.0,0.0001,0.3585561215877533,0.3749048113822937,0.0523788165930964,0.2178508788347244,0.3985527157783508,1.2981836795806885
29,credit-approval,690,small,2,3,12,False,"(256, 128, 64)",0.001,0.3,0.0,0.323883056640625,0.3418294489383697,0.050916874754256,0.196746826171875,0.3427863121032715,0.9044297933578492
29,credit-approval,690,small,2,3,13,False,"(128, 64)",0.003,0.0,0.001,0.3328677415847778,0.364558458328247,0.0440547896756066,0.2143026888370514,0.3638220429420471,0.9535027742385864
29,credit-approval,690,small,2,3,14,False,"(512, 256, 128)",0.0005,0.05,0.0,0.3831709623336792,0.4246219098567962,0.0841031065885571,0.2457491308450698,0.4581641852855682,1.285111427307129
29,credit-approval,690,small,2,4,0,True,"(256, 128)",0.001,0.1,0.0001,0.3808344006538391,0.3820856511592865,0.0698554926160453,0.2258057743310928,0.43167445063591,0.5344995856285095
29,credit-approval,690,small,2,4,1,False,"(512, 256)",0.0001,0.1,0.001,0.409974068403244,0.403101772069931,0.0584654632397895,0.2472627311944961,0.4522952139377594,0.5285800695419312
29,credit-approval,690,small,2,4,2,False,"(256, 128, 64)",0.0001,0.05,0.0001,0.3911321759223938,0.4305433332920074,0.0657482800852273,0.2608928382396698,0.4437252581119537,0.6345237493515015
29,credit-approval,690,small,2,4,3,False,"(256, 128)",0.001,0.3,0.001,0.3869597017765045,0.3883857727050781,0.0651401461322526,0.2301703095436096,0.4404453933238983,0.5291693210601807
29,credit-approval,690,small,2,4,4,False,"(256, 128)",0.0005,0.3,1e-05,0.4011024832725525,0.3854360282421112,0.0639368019242217,0.2293522655963897,0.451488196849823,0.5060491561889648
29,credit-approval,690,small,2,4,5,False,"(512, 256)",0.0005,0.05,0.001,0.3690867722034454,0.3617193698883056,0.0591475392021418,0.2148264646530151,0.4076341688632965,0.5895327925682068
29,credit-approval,690,small,2,4,6,False,"(512, 256)",0.0001,0.0,0.001,0.4029436409473419,0.3994751870632171,0.049073631060872,0.244255930185318,0.4458555281162262,0.5426059365272522
29,credit-approval,690,small,2,4,7,False,"(128, 64)",0.0005,0.3,0.001,0.4059940278530121,0.3798723220825195,0.0734193959961766,0.2284884303808212,0.4270896017551422,0.6415930986404419
29,credit-approval,690,small,2,4,8,False,"(64, 32)",0.0001,0.1,0.0001,0.3884538412094116,0.4269325733184814,0.0606259355222545,0.2611640691757202,0.4529874920845032,0.5663478374481201
29,credit-approval,690,small,2,4,9,False,"(128, 64)",0.003,0.2,0.001,0.4014069139957428,0.3785566389560699,0.0735760401700429,0.2267753034830093,0.4358994960784912,0.5631542205810547
29,credit-approval,690,small,2,4,10,False,"(512, 256, 128)",0.0005,0.1,0.001,0.3923054039478302,0.3917155563831329,0.0999665281910827,0.2356437444686889,0.4393472969532013,0.5293914675712585
29,credit-approval,690,small,2,4,11,False,"(512, 256)",0.003,0.0,0.0001,0.415637195110321,0.39729043841362,0.0715097855542593,0.2352266758680343,0.4485552012920379,0.5689293146133423
29,credit-approval,690,small,2,4,12,False,"(256, 128, 64)",0.001,0.3,0.0,0.3984475433826446,0.3745782077312469,0.067410674791981,0.2221741378307342,0.4350756108760834,0.5044059157371521
29,credit-approval,690,small,2,4,13,False,"(128, 64)",0.003,0.0,0.001,0.4020328223705292,0.3810150623321533,0.0672284834050901,0.2256256192922592,0.4454840719699859,0.5063461065292358
29,credit-approval,690,small,2,4,14,False,"(512, 256, 128)",0.0005,0.05,0.0,0.3693608939647674,0.3945079147815704,0.0543873759283535,0.2404285371303558,0.4235997200012207,0.6014989018440247
32,pendigits,10992,large,10,3,0,True,"(256, 128)",0.001,0.1,0.0001,0.0154245840385556,0.0300854295492172,0.0035622584037352,0.0103339990600943,0.0287825353443622,0.8781505227088928
32,pendigits,10992,large,10,3,1,False,"(512, 256)",0.0001,0.1,0.001,0.0156061695888638,0.029730511829257,0.0031346785257816,0.0106105990707874,0.0285914279520511,0.8617037534713745
32,pendigits,10992,large,10,3,2,False,"(256, 128, 64)",0.0001,0.05,0.0001,0.0209901165217161,0.0323430784046649,0.0038117837577005,0.0117425704374909,0.0340864621102809,0.7714043259620667
32,pendigits,10992,large,10,3,3,False,"(256, 128)",0.001,0.3,0.001,0.017666570842266,0.0317480936646461,0.0033248975473189,0.0109925856813788,0.0305654983967542,0.8896404504776001
32,pendigits,10992,large,10,3,4,False,"(256, 128)",0.0005,0.3,1e-05,0.0137040056288242,0.029044859111309,0.0029977145964076,0.0103727150708436,0.029025787487626,0.9986344575881958
32,pendigits,10992,large,10,3,5,False,"(512, 256)",0.0005,0.05,0.001,0.0125781064853072,0.0298954863101243,0.0037694907927487,0.0103330612182617,0.0298673696815967,0.9982520937919616
32,pendigits,10992,large,10,3,6,False,"(512, 256)",0.0001,0.0,0.001,0.015354142524302,0.0285375621169805,0.0043726304597668,0.0100322077050805,0.0275656469166278,0.8387770056724548
32,pendigits,10992,large,10,3,7,False,"(128, 64)",0.0005,0.3,0.001,0.0172880366444587,0.0357154160737991,0.0054882798833487,0.0129191242158412,0.0340142361819744,0.887226939201355
32,pendigits,10992,large,10,3,8,False,"(64, 32)",0.0001,0.1,0.0001,0.1421758383512497,0.0785485729575157,0.0123283698899611,0.032644011080265,0.1581432968378067,0.5747666954994202
32,pendigits,10992,large,10,3,9,False,"(128, 64)",0.003,0.2,0.001,0.0144695090129971,0.0303541924804449,0.0030979045561015,0.0090218717232346,0.0305175743997097,1.009080171585083
32,pendigits,10992,large,10,3,10,False,"(512, 256, 128)",0.0005,0.1,0.001,0.0124681778252124,0.0301727186888456,0.0046040871766041,0.0104162450879812,0.0339360535144805,1.1713178157806396
32,pendigits,10992,large,10,3,11,False,"(512, 256)",0.003,0.0,0.0001,0.0178665295243263,0.0321867801249027,0.0032412543321389,0.010355089791119,0.0354160703718662,1.1762818098068235
32,pendigits,10992,large,10,3,12,False,"(256, 128, 64)",0.001,0.3,0.0,0.0163752045482397,0.0304051395505666,0.0040985791181206,0.0108620151877403,0.0340303108096122,1.1827527284622192
32,pendigits,10992,large,10,3,13,False,"(128, 64)",0.003,0.0,0.001,0.0187572948634624,0.0354183129966259,0.0038846829668651,0.0129749476909637,0.0341014564037323,0.8711868524551392
32,pendigits,10992,large,10,3,14,False,"(512, 256, 128)",0.0005,0.05,0.0,0.015794662758708,0.0267535280436277,0.0028220473708068,0.0096096619963645,0.026315351948142,0.916804850101471
32,pendigits,10992,large,10,4,0,True,"(256, 128)",0.001,0.1,0.0001,0.0367865823209285,0.0283437818288803,0.0051385223711911,0.0095530217513442,0.0283437147736549,1.0000085830688477
32,pendigits,10992,large,10,4,1,False,"(512, 256)",0.0001,0.1,0.001,0.0341058447957038,0.0263147894293069,0.0045146811581279,0.008590736426413,0.0266758985817432,0.9623277187347412
32,pendigits,10992,large,10,4,2,False,"(256, 128, 64)",0.0001,0.05,0.0001,0.0359723344445228,0.022730054333806,0.0043269328787703,0.0075941090472042,0.0271075814962387,0.8597922325134277
32,pendigits,10992,large,10,4,3,False,"(256, 128)",0.001,0.3,0.001,0.0399119853973388,0.0329384207725524,0.0054395775804379,0.0122301448136568,0.0327517166733741,1.0394339561462402
32,pendigits,10992,large,10,4,4,False,"(256, 128)",0.0005,0.3,1e-05,0.0385900139808654,0.02860445715487,0.0048270224440688,0.0089344130828976,0.0283191483467817,1.120636820793152
32,pendigits,10992,large,10,4,5,False,"(512, 256)",0.0005,0.05,0.001,0.0354750268161296,0.0261402446776628,0.0053655950972866,0.008440364152193,0.0261932406574487,0.9951452612876892
32,pendigits,10992,large,10,4,6,False,"(512, 256)",0.0001,0.0,0.001,0.0316865891218185,0.0235425382852554,0.0042315513704226,0.0073704668320715,0.0238716471940279,0.9623035788536072
32,pendigits,10992,large,10,4,7,False,"(128, 64)",0.0005,0.3,0.001,0.0458780415356159,0.0380466915667057,0.0050054123153356,0.0136123644188046,0.0378776490688324,1.0291187763214111
32,pendigits,10992,large,10,4,8,False,"(64, 32)",0.0001,0.1,0.0001,0.1613394170999527,0.0978662818670272,0.0114415512629597,0.0444430336356163,0.1604471355676651,0.6209788918495178
32,pendigits,10992,large,10,4,9,False,"(128, 64)",0.003,0.2,0.001,0.0443173870444297,0.0377405099570751,0.0038821891941806,0.0143408626317977,0.0395361706614494,1.2077518701553345
32,pendigits,10992,large,10,4,10,False,"(512, 256, 128)",0.0005,0.1,0.001,0.0279976408928632,0.0209283214062452,0.0024992050014338,0.0067967190407216,0.0209841206669807,1.0871992111206057
32,pendigits,10992,large,10,4,11,False,"(512, 256)",0.003,0.0,0.0001,0.0599849298596382,0.0379374995827674,0.0045534321868601,0.0148720424622297,0.0413017608225345,1.4393770694732666
32,pendigits,10992,large,10,4,12,False,"(256, 128, 64)",0.001,0.3,0.0,0.0337335914373397,0.0251511000096797,0.0029771401021306,0.0081278607249259,0.0265632420778274,1.2437105178833008
32,pendigits,10992,large,10,4,13,False,"(128, 64)",0.003,0.0,0.001,0.0418598093092441,0.0401402339339256,0.0040825152281506,0.0151475276798009,0.0405463762581348,0.9414845705032348
32,pendigits,10992,large,10,4,14,False,"(512, 256, 128)",0.0005,0.05,0.0,0.026805592700839,0.0247274357825517,0.0024031949247467,0.0082204667851328,0.0247355736792087,0.9958301782608032
45,splice,3190,medium,3,3,0,True,"(256, 128)",0.001,0.1,0.0001,0.3561079800128937,0.4628562927246094,0.0496024499523727,0.2601485252380371,0.4618028104305267,0.9870681762695312
45,splice,3190,medium,3,3,1,False,"(512, 256)",0.0001,0.1,0.001,0.3337363600730896,0.447640985250473,0.0411056343975984,0.2508244514465332,0.44156214594841,0.9221484661102296
45,splice,3190,medium,3,3,2,False,"(256, 128, 64)",0.0001,0.05,0.0001,0.3928185701370239,0.4642340540885925,0.0308593131033479,0.2630264163017273,0.4624707400798797,0.8760478496551514
45,splice,3190,medium,3,3,3,False,"(256, 128)",0.001,0.3,0.001,0.3437860012054443,0.461402952671051,0.0457682227608801,0.2615938186645508,0.4688120782375335,1.0664291381835938
45,splice,3190,medium,3,3,4,False,"(256, 128)",0.0005,0.3,1e-05,0.348147988319397,0.4596543312072754,0.0391835607860778,0.2592091262340545,0.4601484835147857,1.0056625604629517
45,splice,3190,medium,3,3,5,False,"(512, 256)",0.0005,0.05,0.001,0.3311157822608948,0.4509941339492798,0.038639877750582,0.2543562650680542,0.4459034204483032,0.9425904750823976
45,splice,3190,medium,3,3,6,False,"(512, 256)",0.0001,0.0,0.001,0.3386858105659485,0.4466461837291717,0.0388888790035696,0.2500700354576111,0.4443345069885254,0.9725484251976012
45,splice,3190,medium,3,3,7,False,"(128, 64)",0.0005,0.3,0.001,0.3372727036476135,0.4497407078742981,0.0482158668051194,0.2504093050956726,0.4463719129562378,0.9565704464912416
45,splice,3190,medium,3,3,8,False,"(64, 32)",0.0001,0.1,0.0001,0.5259475708007812,0.5792003273963928,0.0509810586116406,0.3329000174999237,0.5987104177474976,0.5637656450271606
45,splice,3190,medium,3,3,9,False,"(128, 64)",0.003,0.2,0.001,0.3467075228691101,0.4459506869316101,0.0396254091302678,0.2513931691646576,0.4546366333961487,1.0902562141418457
45,splice,3190,medium,3,3,10,False,"(512, 256, 128)",0.0005,0.1,0.001,0.3684813976287842,0.4474813640117645,0.0577054042583224,0.2590413391590118,0.4644300937652588,1.154502272605896
45,splice,3190,medium,3,3,11,False,"(512, 256)",0.003,0.0,0.0001,0.3885340094566345,0.4497143626213074,0.0578058177650037,0.2457706183195114,0.5643249154090881,1.590889811515808
45,splice,3190,medium,3,3,12,False,"(256, 128, 64)",0.001,0.3,0.0,0.342549204826355,0.4389744102954864,0.0490055127826479,0.2476935237646103,0.4421271085739136,1.0360162258148191
45,splice,3190,medium,3,3,13,False,"(128, 64)",0.003,0.0,0.001,0.3746926784515381,0.4680729806423187,0.0375646802294092,0.2612314224243164,0.469743400812149,1.0231425762176514
45,splice,3190,medium,3,3,14,False,"(512, 256, 128)",0.0005,0.05,0.0,0.378442645072937,0.4563305974006653,0.0466105189162735,0.260594755411148,0.4631591737270355,1.0789861679077148
45,splice,3190,medium,3,4,0,True,"(256, 128)",0.001,0.1,0.0001,0.4249603450298309,0.3921123147010803,0.0320330303135087,0.2195790410041809,0.3918572962284088,1.057701587677002
45,splice,3190,medium,3,4,1,False,"(512, 256)",0.0001,0.1,0.001,0.4196254909038543,0.3646769225597381,0.036639351347148,0.2030491083860397,0.3633959591388702,1.156509518623352
45,splice,3190,medium,3,4,2,False,"(256, 128, 64)",0.0001,0.05,0.0001,0.4713635146617889,0.4203733205795288,0.0379142508050864,0.2310357242822647,0.4191363453865051,1.0463324785232544
45,splice,3190,medium,3,4,3,False,"(256, 128)",0.001,0.3,0.001,0.4058482050895691,0.3488907516002655,0.0239419800423031,0.1919190734624862,0.3695478737354278,1.362379789352417
45,splice,3190,medium,3,4,4,False,"(256, 128)",0.0005,0.3,1e-05,0.4057271778583526,0.3647109270095825,0.0285987347956112,0.2008601278066635,0.3733194172382355,1.2338696718215942
45,splice,3190,medium,3,4,5,False,"(512, 256)",0.0005,0.05,0.001,0.4223453998565674,0.3749396502971649,0.0457734206191175,0.2093093544244766,0.3732360005378723,1.0619566440582275
45,splice,3190,medium,3,4,6,False,"(512, 256)",0.0001,0.0,0.001,0.4281775951385498,0.3807054758071899,0.040316308273417,0.2118249535560608,0.37885582447052,1.0643590688705444
45,splice,3190,medium,3,4,7,False,"(128, 64)",0.0005,0.3,0.001,0.3675308525562286,0.3431585133075714,0.0170587022227304,0.1878467500209808,0.3572710454463959,1.2431204319000244
45,splice,3190,medium,3,4,8,False,"(64, 32)",0.0001,0.1,0.0001,0.5723562836647034,0.5092816352844238,0.0254715626422887,0.2897097766399383,0.5560421347618103,0.6418418884277344
45,splice,3190,medium,3,4,9,False,"(128, 64)",0.003,0.2,0.001,0.3662327826023102,0.3555356562137604,0.0175924694774791,0.197308599948883,0.3669064939022064,1.2090284824371338
45,splice,3190,medium,3,4,10,False,"(512, 256, 128)",0.0005,0.1,0.001,0.4456191956996918,0.3592993319034576,0.0340290784430977,0.1972473710775375,0.3614989817142486,1.2914223670959473
45,splice,3190,medium,3,4,11,False,"(512, 256)",0.003,0.0,0.0001,0.4507761001586914,0.3879205584526062,0.0327695849173495,0.2147157043218612,0.4126176536083221,1.419919729232788
45,splice,3190,medium,3,4,12,False,"(256, 128, 64)",0.001,0.3,0.0,0.4272838830947876,0.3758024573326111,0.0403994775086236,0.2113440781831741,0.3814293146133423,1.2180975675582886
45,splice,3190,medium,3,4,13,False,"(128, 64)",0.003,0.0,0.001,0.4043692052364349,0.3922604322433471,0.0420035803953308,0.2156976163387298,0.3922604620456695,1.0000076293945312
45,splice,3190,medium,3,4,14,False,"(512, 256, 128)",0.0005,0.05,0.0,0.458066314458847,0.376262217760086,0.0309714065356687,0.2049072682857513,0.3817928433418274,1.3206679821014404
49,tic-tac-toe,958,small,2,3,0,True,"(256, 128)",0.001,0.1,0.0001,0.267998605966568,0.3004695475101471,0.0606999677709407,0.1974589973688125,0.3037833869457245,0.8348773121833801
49,tic-tac-toe,958,small,2,3,1,False,"(512, 256)",0.0001,0.1,0.001,0.338159441947937,0.3328454196453094,0.0562130485971768,0.2078520059585571,0.3476786911487579,0.7466527223587036
49,tic-tac-toe,958,small,2,3,2,False,"(256, 128, 64)",0.0001,0.05,0.0001,0.408179372549057,0.3547411859035492,0.0698191160336137,0.2239630669355392,0.3926495015621185,0.6506106853485107
49,tic-tac-toe,958,small,2,3,3,False,"(256, 128)",0.001,0.3,0.001,0.3430908918380737,0.3716306984424591,0.0634036077600386,0.2388117462396621,0.3728436529636383,0.8630972504615784
49,tic-tac-toe,958,small,2,3,4,False,"(256, 128)",0.0005,0.3,1e-05,0.4070871770381927,0.4018510282039642,0.0704766022455361,0.2545112371444702,0.4084823131561279,0.8484881520271301
49,tic-tac-toe,958,small,2,3,5,False,"(512, 256)",0.0005,0.05,0.001,0.1915777325630188,0.2327035069465637,0.0260675246309902,0.1451562494039535,0.2372446060180664,0.7768030166625977
49,tic-tac-toe,958,small,2,3,6,False,"(512, 256)",0.0001,0.0,0.001,0.3088443279266357,0.3055010735988617,0.0635535964328381,0.1908146888017654,0.3179163634777069,0.7761480808258057
49,tic-tac-toe,958,small,2,3,7,False,"(128, 64)",0.0005,0.3,0.001,0.4647406041622162,0.4161793291568756,0.0654958902547756,0.2598804831504822,0.4459329843521118,0.7092680335044861
49,tic-tac-toe,958,small,2,3,8,False,"(64, 32)",0.0001,0.1,0.0001,0.7446771264076233,0.7015519142150879,0.1662437319755554,0.5084012150764465,0.7473611831665039,5.604766845703125
49,tic-tac-toe,958,small,2,3,9,False,"(128, 64)",0.003,0.2,0.001,0.2472948282957077,0.2633634805679321,0.0296218500783046,0.1664613932371139,0.2655409574508667,0.913726568222046
49,tic-tac-toe,958,small,2,3,10,False,"(512, 256, 128)",0.0005,0.1,0.001,0.1825760602951049,0.2016006112098693,0.027107791043818,0.1229448541998863,0.2107320427894592,0.8031878471374512
49,tic-tac-toe,958,small,2,3,11,False,"(512, 256)",0.003,0.0,0.0001,0.272004097700119,0.3292425572872162,0.045251816097233,0.2022189646959304,0.3340694904327392,1.140965461730957
49,tic-tac-toe,958,small,2,3,12,False,"(256, 128, 64)",0.001,0.3,0.0,0.2958095371723175,0.2952284514904022,0.0361685049202707,0.1837596446275711,0.3056642711162567,0.7837894558906555
49,tic-tac-toe,958,small,2,3,13,False,"(128, 64)",0.003,0.0,0.001,0.2613675594329834,0.286696195602417,0.0399217393456233,0.1775456219911575,0.2868064939975738,0.9113723039627076
49,tic-tac-toe,958,small,2,3,14,False,"(512, 256, 128)",0.0005,0.05,0.0,0.1652121394872665,0.1548135429620742,0.0316418397964702,0.0913305580615997,0.1677703708410263,0.7980668544769287
49,tic-tac-toe,958,small,2,4,0,True,"(256, 128)",0.001,0.1,0.0001,0.2556109428405761,0.2313566207885742,0.0495947840520077,0.1354015469551086,0.2335268706083297,0.9507339000701904
49,tic-tac-toe,958,small,2,4,1,False,"(512, 256)",0.0001,0.1,0.001,0.3276316225528717,0.3283895552158355,0.057749782068034,0.1870846599340438,0.341899961233139,0.7180103659629822
49,tic-tac-toe,958,small,2,4,2,False,"(256, 128, 64)",0.0001,0.05,0.0001,0.3644096851348877,0.3675254285335541,0.0568876541737053,0.2333039492368698,0.3908527791500091,0.5666021704673767
49,tic-tac-toe,958,small,2,4,3,False,"(256, 128)",0.001,0.3,0.001,0.3076305091381073,0.3088665604591369,0.0577761765776408,0.188257411122322,0.3122613430023193,0.8814924359321594
49,tic-tac-toe,958,small,2,4,4,False,"(256, 128)",0.0005,0.3,1e-05,0.3408754765987396,0.343440443277359,0.0513329938468006,0.2096033543348312,0.3528071939945221,0.8010799884796143
49,tic-tac-toe,958,small,2,4,5,False,"(512, 256)",0.0005,0.05,0.001,0.1878183633089065,0.1769257336854934,0.0267538823601272,0.1037364825606346,0.1854443103075027,0.7642921805381775
49,tic-tac-toe,958,small,2,4,6,False,"(512, 256)",0.0001,0.0,0.001,0.2872481942176819,0.2846930027008056,0.0488860980711049,0.1573810130357742,0.3012755811214447,0.6773176789283752
49,tic-tac-toe,958,small,2,4,7,False,"(128, 64)",0.0005,0.3,0.001,0.4198461771011352,0.4580812454223633,0.0653925384912226,0.2958664298057556,0.4616388082504272,0.7112274765968323
49,tic-tac-toe,958,small,2,4,8,False,"(64, 32)",0.0001,0.1,0.0001,0.5946889519691467,0.6014277935028076,0.0802945335292154,0.4143217504024505,0.603535532951355,0.6130304336547852
49,tic-tac-toe,958,small,2,4,9,False,"(128, 64)",0.003,0.2,0.001,0.2598478198051452,0.2242794781923294,0.0362920635897252,0.1329775303602218,0.2295596152544021,0.898282527923584
49,tic-tac-toe,958,small,2,4,10,False,"(512, 256, 128)",0.0005,0.1,0.001,0.1758865863084793,0.1340416818857193,0.0241757480220662,0.0766352787613868,0.1463601142168045,0.7330505847930908
49,tic-tac-toe,958,small,2,4,11,False,"(512, 256)",0.003,0.0,0.0001,0.1684021204710006,0.2433375865221023,0.0439564388038383,0.1304615139961242,0.2299363613128662,0.8066221475601196
49,tic-tac-toe,958,small,2,4,12,False,"(256, 128, 64)",0.001,0.3,0.0,0.2940086424350738,0.2872035205364227,0.0454196479792396,0.1696345061063766,0.2872518599033355,0.9962878823280334
49,tic-tac-toe,958,small,2,4,13,False,"(128, 64)",0.003,0.0,0.001,0.2583548724651336,0.3106288015842438,0.0571329368071423,0.1898121088743209,0.3198820054531097,1.121103048324585
49,tic-tac-toe,958,small,2,4,14,False,"(512, 256, 128)",0.0005,0.05,0.0,0.1524603962898254,0.1585723608732223,0.0297406806300083,0.0875479951500892,0.1628276258707046,0.7684234380722046
219,electricity,45312,large,2,3,0,True,"(256, 128)",0.001,0.1,0.0001,0.3982183933258056,0.4026528298854828,0.0071496195254563,0.2581915855407715,0.403396338224411,0.9276841282844543
219,electricity,45312,large,2,3,1,False,"(512, 256)",0.0001,0.1,0.001,0.4033523499965668,0.4084954261779785,0.008348966590566,0.2620883584022522,0.4092378914356231,0.9202215671539308
219,electricity,45312,large,2,3,2,False,"(256, 128, 64)",0.0001,0.05,0.0001,0.3950388729572296,0.3963173627853393,0.0116615384502537,0.2538400888442993,0.3978111445903778,0.90337872505188
219,electricity,45312,large,2,3,3,False,"(256, 128)",0.001,0.3,0.001,0.3966924250125885,0.3993528187274933,0.0097208575579973,0.2555854618549347,0.4011773765087127,0.8898695707321167
219,electricity,45312,large,2,3,4,False,"(256, 128)",0.0005,0.3,1e-05,0.4185219705104828,0.4190061390399933,0.011708072159683,0.2693354785442352,0.4206845462322235,0.9013735055923462
219,electricity,45312,large,2,3,5,False,"(512, 256)",0.0005,0.05,0.001,0.3865221738815307,0.3907802104949951,0.0095556536819221,0.2501154243946075,0.3908576965332031,0.9722796678543092
219,electricity,45312,large,2,3,6,False,"(512, 256)",0.0001,0.0,0.001,0.4143680930137634,0.4191201627254486,0.0069486327465786,0.2699853181838989,0.4194276034832001,0.9486940503120422
219,electricity,45312,large,2,3,7,False,"(128, 64)",0.0005,0.3,0.001,0.4275477230548858,0.4263424277305603,0.0096707637814504,0.2746824324131012,0.4295989871025085,0.8653825521469116
219,electricity,45312,large,2,3,8,False,"(64, 32)",0.0001,0.1,0.0001,0.4413358867168426,0.4394235610961914,0.0097092020559418,0.2839143872261047,0.441480427980423,0.891569197177887
219,electricity,45312,large,2,3,9,False,"(128, 64)",0.003,0.2,0.001,0.4016640782356262,0.4041431844234466,0.0080567394114394,0.2591429352760315,0.4065541326999664,0.8735604286193848
219,electricity,45312,large,2,3,10,False,"(512, 256, 128)",0.0005,0.1,0.001,0.3823936283588409,0.3859942853450775,0.0095610619884726,0.2475576251745224,0.3869818150997162,0.919998288154602
219,electricity,45312,large,2,3,11,False,"(512, 256)",0.003,0.0,0.0001,0.3803767263889313,0.3903404772281647,0.0142854770511293,0.2511234879493713,0.3923874497413635,1.0882999897003174
219,electricity,45312,large,2,3,12,False,"(256, 128, 64)",0.001,0.3,0.0,0.3873708248138428,0.3890902698040008,0.0098277015374562,0.2494838684797287,0.389798492193222,0.941368818283081
219,electricity,45312,large,2,3,13,False,"(128, 64)",0.003,0.0,0.001,0.3738486468791961,0.3785746395587921,0.0105118090523543,0.2416181862354278,0.3816158473491668,1.1198651790618896
219,electricity,45312,large,2,3,14,False,"(512, 256, 128)",0.0005,0.05,0.0,0.381371796131134,0.3863270282745361,0.007633979572896,0.2470918595790863,0.3863737881183624,1.0112589597702026
219,electricity,45312,large,2,4,0,True,"(256, 128)",0.001,0.1,0.0001,0.3887923061847687,0.3745689988136291,0.0072219597244978,0.238793671131134,0.3744252026081085,1.0222426652908323
219,electricity,45312,large,2,4,1,False,"(512, 256)",0.0001,0.1,0.001,0.4096520841121673,0.3929584324359894,0.0120675921650578,0.2517741620540619,0.3947516977787018,0.9295841455459596
219,electricity,45312,large,2,4,2,False,"(256, 128, 64)",0.0001,0.05,0.0001,0.3983857631683349,0.3827496767044067,0.0126999099102291,0.2441310286521911,0.3834259510040283,0.964248538017273
219,electricity,45312,large,2,4,3,False,"(256, 128)",0.001,0.3,0.001,0.4028318226337433,0.3899176716804504,0.0144250924048223,0.250422328710556,0.3909469246864319,0.9458838701248168
219,electricity,45312,large,2,4,4,False,"(256, 128)",0.0005,0.3,1e-05,0.4172933995723724,0.4055024087429046,0.0122097092280036,0.2614769637584686,0.4062980711460113,0.9550133347511292
219,electricity,45312,large,2,4,5,False,"(512, 256)",0.0005,0.05,0.001,0.3972150683403015,0.381130576133728,0.0123686753307945,0.2439125627279281,0.3810565173625946,1.0069122314453125
219,electricity,45312,large,2,4,6,False,"(512, 256)",0.0001,0.0,0.001,0.4029019176959991,0.3861322104930877,0.0113778007995508,0.2470299303531646,0.3859561383724212,1.0173364877700806
219,electricity,45312,large,2,4,7,False,"(128, 64)",0.0005,0.3,0.001,0.4236495792865753,0.4102965295314789,0.0121511177547699,0.2644340097904205,0.4124080538749695,0.9191185235977172
219,electricity,45312,large,2,4,8,False,"(64, 32)",0.0001,0.1,0.0001,0.4451380968093872,0.4318137168884277,0.0113664354484075,0.2796453535556793,0.4328574538230896,0.9514254331588744
219,electricity,45312,large,2,4,9,False,"(128, 64)",0.003,0.2,0.001,0.3957670331001282,0.3839116990566253,0.0113484547533605,0.2462873607873916,0.3855467736721039,0.9263095259666444
219,electricity,45312,large,2,4,10,False,"(512, 256, 128)",0.0005,0.1,0.001,0.3598218858242035,0.3458142578601837,0.0095000416407619,0.2197363376617431,0.3468128144741058,1.1209827661514282
219,electricity,45312,large,2,4,11,False,"(512, 256)",0.003,0.0,0.0001,0.3792886734008789,0.3666563332080841,0.008162108765103,0.2347627431154251,0.3687424063682556,1.1453152894973757
219,electricity,45312,large,2,4,12,False,"(256, 128, 64)",0.001,0.3,0.0,0.3922963142395019,0.3809638917446136,0.0105317241021623,0.2440313696861267,0.381788969039917,0.9503000974655152
219,electricity,45312,large,2,4,13,False,"(128, 64)",0.003,0.0,0.001,0.4020911455154419,0.3883066475391388,0.0069715030218145,0.2484927028417587,0.3888390660285949,1.0905940532684326
219,electricity,45312,large,2,4,14,False,"(512, 256, 128)",0.0005,0.05,0.0,0.378937304019928,0.3683939576148987,0.0066390246105744,0.2354193925857544,0.3683562278747558,1.0079247951507568
2074,satimage,6430,medium,6,3,0,True,"(256, 128)",0.001,0.1,0.0001,0.2230721712112426,0.2649509906768799,0.0216842152143525,0.1399680078029632,0.2690139412879944,1.089462161064148
2074,satimage,6430,medium,6,3,1,False,"(512, 256)",0.0001,0.1,0.001,0.2166128903627395,0.2606463432312011,0.0228327493660804,0.1413768082857132,0.2592038512229919,0.9337533712387084
2074,satimage,6430,medium,6,3,2,False,"(256, 128, 64)",0.0001,0.05,0.0001,0.2296016365289688,0.2681489586830139,0.026710306365234,0.1403805017471313,0.2695501446723938,0.8768756985664368
2074,satimage,6430,medium,6,3,3,False,"(256, 128)",0.001,0.3,0.001,0.2174922823905944,0.2606158554553985,0.021736329997865,0.139815092086792,0.2656317353248596,1.095759034156799
2074,satimage,6430,medium,6,3,4,False,"(256, 128)",0.0005,0.3,1e-05,0.2197903096675872,0.259410411119461,0.0159808447813357,0.1393530666828155,0.2589789628982544,0.9853731989860536
2074,satimage,6430,medium,6,3,5,False,"(512, 256)",0.0005,0.05,0.001,0.2217555046081543,0.270821213722229,0.0183068917414386,0.145987406373024,0.2718888521194458,1.0219147205352783
2074,satimage,6430,medium,6,3,6,False,"(512, 256)",0.0001,0.0,0.001,0.2202725559473037,0.2664833068847656,0.0277352164899703,0.1451041400432586,0.2649030983448028,0.948361873626709
2074,satimage,6430,medium,6,3,7,False,"(128, 64)",0.0005,0.3,0.001,0.2336115837097168,0.2732751369476318,0.0159026449396549,0.147783488035202,0.2730529308319092,0.9918126463890076
2074,satimage,6430,medium,6,3,8,False,"(64, 32)",0.0001,0.1,0.0001,0.389514684677124,0.3612352311611175,0.0237961765504241,0.1919760704040527,0.4068249464035034,0.6811828017234802
2074,satimage,6430,medium,6,3,9,False,"(128, 64)",0.003,0.2,0.001,0.2372271418571472,0.274827629327774,0.0195382818340204,0.1499669551849365,0.2768799960613251,1.0491124391555786
2074,satimage,6430,medium,6,3,10,False,"(512, 256, 128)",0.0005,0.1,0.001,0.2309688478708267,0.2644250392913818,0.0233509875582932,0.1419851630926132,0.2701125144958496,1.1101171970367432
2074,satimage,6430,medium,6,3,11,False,"(512, 256)",0.003,0.0,0.0001,0.2181652784347534,0.2694922983646393,0.0152643066789895,0.1437017768621444,0.2720561027526855,1.049202561378479
2074,satimage,6430,medium,6,3,12,False,"(256, 128, 64)",0.001,0.3,0.0,0.2199192345142364,0.2566365003585815,0.0137821777596753,0.1370296627283096,0.2615037858486175,1.1000847816467283
2074,satimage,6430,medium,6,3,13,False,"(128, 64)",0.003,0.0,0.001,0.2522241771221161,0.2752003371715545,0.0199962078891559,0.1392372846603393,0.3047445118427276,1.336447834968567
2074,satimage,6430,medium,6,3,14,False,"(512, 256, 128)",0.0005,0.05,0.0,0.2181521952152252,0.2608286142349243,0.018827199526498,0.140136033296585,0.2600996792316437,0.9682087302207948
2074,satimage,6430,medium,6,4,0,True,"(256, 128)",0.001,0.1,0.0001,0.2449150085449218,0.249300330877304,0.0155880209956532,0.134546160697937,0.2505484223365783,1.0843850374221802
2074,satimage,6430,medium,6,4,1,False,"(512, 256)",0.0001,0.1,0.001,0.2363374233245849,0.2347725331783294,0.0157507549702904,0.1299964040517807,0.234713539481163,1.0205328464508057
2074,satimage,6430,medium,6,4,2,False,"(256, 128, 64)",0.0001,0.05,0.0001,0.2414934784173965,0.2410667985677719,0.0195409737608481,0.1289162337779998,0.2432858645915985,0.9270076155662536
2074,satimage,6430,medium,6,4,3,False,"(256, 128)",0.001,0.3,0.001,0.242082417011261,0.241758182644844,0.0094352718954447,0.1325188279151916,0.2435463815927505,1.10243558883667
2074,satimage,6430,medium,6,4,4,False,"(256, 128)",0.0005,0.3,1e-05,0.246691808104515,0.2497753202915191,0.0124187804970981,0.1382162719964981,0.249931201338768,1.031652331352234
2074,satimage,6430,medium,6,4,5,False,"(512, 256)",0.0005,0.05,0.001,0.2574438154697418,0.2381271421909332,0.016090813968205,0.1320195943117141,0.2396327555179596,1.142168045043945
2074,satimage,6430,medium,6,4,6,False,"(512, 256)",0.0001,0.0,0.001,0.2402133494615554,0.2444339394569397,0.0158229088183818,0.1333498507738113,0.2456123083829879,1.0711244344711304
2074,satimage,6430,medium,6,4,7,False,"(128, 64)",0.0005,0.3,0.001,0.2699853479862213,0.271609753370285,0.0260491898064171,0.1517205834388733,0.2720837891101837,0.950803279876709
2074,satimage,6430,medium,6,4,8,False,"(64, 32)",0.0001,0.1,0.0001,0.3862591981887817,0.3223233222961426,0.0163819772737393,0.1745912730693817,0.3752812445163727,0.7070503830909729
2074,satimage,6430,medium,6,4,9,False,"(128, 64)",0.003,0.2,0.001,0.2618173658847809,0.2648770213127136,0.0197081110711045,0.1490035951137542,0.2655317783355713,1.0523602962493896
2074,satimage,6430,medium,6,4,10,False,"(512, 256, 128)",0.0005,0.1,0.001,0.2428220063447952,0.2380673140287399,0.019358202930928,0.1286725252866745,0.2407771944999694,1.1184478998184204
2074,satimage,6430,medium,6,4,11,False,"(512, 256)",0.003,0.0,0.0001,0.2632513344287872,0.2507302761077881,0.0159987097518193,0.134962573647499,0.2602527439594269,1.2619258165359497
2074,satimage,6430,medium,6,4,12,False,"(256, 128, 64)",0.001,0.3,0.0,0.2487389296293258,0.2272702157497406,0.0187050093944484,0.1279314011335373,0.2379098236560821,1.2747232913970947
2074,satimage,6430,medium,6,4,13,False,"(128, 64)",0.003,0.0,0.001,0.2704002559185028,0.2754457890987396,0.0163695470479685,0.1449052691459655,0.2958576083183288,1.3224973678588867
2074,satimage,6430,medium,6,4,14,False,"(512, 256, 128)",0.0005,0.05,0.0,0.2403646558523178,0.2384343147277832,0.0165002961088302,0.1307013630867004,0.2383199036121368,1.029383659362793
2079,eucalyptus,736,small,5,3,0,True,"(256, 128)",0.001,0.1,0.0001,0.8206635117530823,0.7921804189682007,0.1074892181131216,0.4620620012283325,0.8000826239585876,0.876197338104248
2079,eucalyptus,736,small,5,3,1,False,"(512, 256)",0.0001,0.1,0.001,0.8153517842292786,0.9449389576911926,0.1029072836175695,0.4833476543426513,0.9527251720428468,0.7794232964515686
2079,eucalyptus,736,small,5,3,2,False,"(256, 128, 64)",0.0001,0.05,0.0001,0.9241698384284972,1.0427026748657229,0.1173592271568538,0.495013564825058,1.0830413103103638,0.6263957023620605
2079,eucalyptus,736,small,5,3,3,False,"(256, 128)",0.001,0.3,0.001,0.7784940004348755,0.7309552431106567,0.0894188418447434,0.4309257566928863,0.7332586050033569,0.9515336751937866
2079,eucalyptus,736,small,5,3,4,False,"(256, 128)",0.0005,0.3,1e-05,0.7843048572540283,0.7444639205932617,0.0854279046525826,0.4374715983867645,0.754603385925293,0.8620747923851013
2079,eucalyptus,736,small,5,3,5,False,"(512, 256)",0.0005,0.05,0.001,0.8630713224411011,0.9807558655738832,0.1361299263867172,0.5057286024093628,0.9856473803520204,0.8590616583824158
2079,eucalyptus,736,small,5,3,6,False,"(512, 256)",0.0001,0.0,0.001,0.8207201361656189,0.9605042934417723,0.1193019383930945,0.4878670573234558,0.9643563032150269,0.7907334566116333
2079,eucalyptus,736,small,5,3,7,False,"(128, 64)",0.0005,0.3,0.001,0.7834868431091309,0.7220991849899292,0.0721231808399294,0.4244356453418731,0.7534477710723877,0.7613937258720398
2079,eucalyptus,736,small,5,3,8,False,"(64, 32)",0.0001,0.1,0.0001,1.294650912284851,1.1444100141525269,0.0943589388384475,0.5863035321235657,1.2623708248138428,0.4668134450912475
2079,eucalyptus,736,small,5,3,9,False,"(128, 64)",0.003,0.2,0.001,0.8035383224487305,0.7220181822776794,0.1302727080948718,0.4320380091667175,0.7188845276832581,1.061974048614502
2079,eucalyptus,736,small,5,3,10,False,"(512, 256, 128)",0.0005,0.1,0.001,0.8729373812675476,0.8641678094863892,0.0996628401649964,0.4855776131153106,0.8703712224960327,0.8603150844573975
2079,eucalyptus,736,small,5,3,11,False,"(512, 256)",0.003,0.0,0.0001,0.9430612325668336,0.942073941230774,0.1359816905077513,0.5061352849006653,1.004773497581482,1.369450330734253
2079,eucalyptus,736,small,5,3,12,False,"(256, 128, 64)",0.001,0.3,0.0,0.754249095916748,0.8788963556289673,0.0981885992863156,0.4454997181892395,0.8834395408630371,0.8599233627319336
2079,eucalyptus,736,small,5,3,13,False,"(128, 64)",0.003,0.0,0.001,0.8684365153312683,0.8029472231864929,0.089899819713455,0.4658268988132477,0.8029469847679138,1.000004768371582
2079,eucalyptus,736,small,5,3,14,False,"(512, 256, 128)",0.0005,0.05,0.0,0.9095845222473145,0.8815670609474182,0.1142763782728899,0.4930136501789093,0.9080246686935424,0.7479425072669983
2079,eucalyptus,736,small,5,4,0,True,"(256, 128)",0.001,0.1,0.0001,0.9523761868476868,0.8591534495353699,0.1103162992376465,0.4744386374950409,0.8508394360542297,1.1870577335357666
2079,eucalyptus,736,small,5,4,1,False,"(512, 256)",0.0001,0.1,0.001,0.8542636036872864,0.8752285838127136,0.1145176838512893,0.4844825267791748,0.8763464689254761,0.9483909010887146
2079,eucalyptus,736,small,5,4,2,False,"(256, 128, 64)",0.0001,0.05,0.0001,1.0841182470321655,0.9886210560798644,0.1077560840157775,0.4987968206405639,0.9986755847930908,0.9321200847625732
2079,eucalyptus,736,small,5,4,3,False,"(256, 128)",0.001,0.3,0.001,0.9358839988708496,0.8343333601951599,0.0938918980526494,0.4644151628017425,0.826967716217041,1.2516599893569946
2079,eucalyptus,736,small,5,4,4,False,"(256, 128)",0.0005,0.3,1e-05,0.9207167625427246,0.8242079019546509,0.1048182647775959,0.4569966495037079,0.8152631521224976,1.1798096895217896
2079,eucalyptus,736,small,5,4,5,False,"(512, 256)",0.0005,0.05,0.001,0.98558509349823,0.8838903307914734,0.0997639614585283,0.4780052900314331,0.8916817903518677,1.3043782711029053
2079,eucalyptus,736,small,5,4,6,False,"(512, 256)",0.0001,0.0,0.001,0.8634131550788879,0.8814907670021057,0.1082893885873459,0.4821986258029938,0.881596028804779,0.9851977825164796
2079,eucalyptus,736,small,5,4,7,False,"(128, 64)",0.0005,0.3,0.001,0.9587958455085754,0.8376325368881226,0.1065221201997619,0.4556713700294494,0.8285664916038513,1.0726749897003174
2079,eucalyptus,736,small,5,4,8,False,"(64, 32)",0.0001,0.1,0.0001,1.7744022607803345,1.6153743267059326,0.0795272778686102,0.8023200631141663,1.6574571132659912,5.790722370147705
2079,eucalyptus,736,small,5,4,9,False,"(128, 64)",0.003,0.2,0.001,0.9480219483375548,0.8109544515609741,0.1087497291532722,0.4488069713115692,0.8199816346168518,1.4024313688278198
2079,eucalyptus,736,small,5,4,10,False,"(512, 256, 128)",0.0005,0.1,0.001,0.9972339272499084,0.8915460705757141,0.0889684047113667,0.4785725474357605,0.8862143754959106,1.2072961330413818
2079,eucalyptus,736,small,5,4,11,False,"(512, 256)",0.003,0.0,0.0001,1.102946162223816,0.90366929769516,0.0859415984905517,0.4946399331092834,1.0411012172698977,1.7799450159072876
2079,eucalyptus,736,small,5,4,12,False,"(256, 128, 64)",0.001,0.3,0.0,0.9326982498168944,0.8263202905654907,0.0993194488791732,0.4459588229656219,0.818293035030365,1.1831943988800049
2079,eucalyptus,736,small,5,4,13,False,"(128, 64)",0.003,0.0,0.001,1.010235071182251,0.8923234939575195,0.0851687780237412,0.4856888949871063,0.891592264175415,1.301480412483215
2079,eucalyptus,736,small,5,4,14,False,"(512, 256, 128)",0.0005,0.05,0.0,1.023330807685852,0.9097733497619628,0.0995007424472688,0.4880684614181518,0.8997401595115662,1.1576523780822754
3021,sick,3772,medium,2,3,0,True,"(256, 128)",0.001,0.1,0.0001,0.0582863278687,0.0832865610718727,0.0127704695623705,0.0473553873598575,0.0832862928509712,0.9999871253967284
3021,sick,3772,medium,2,3,1,False,"(512, 256)",0.0001,0.1,0.001,0.0690596401691436,0.0838743075728416,0.0136700120982744,0.0477618388831615,0.0844597145915031,0.8153052926063538
3021,sick,3772,medium,2,3,2,False,"(256, 128, 64)",0.0001,0.05,0.0001,0.0876428857445716,0.0890898033976554,0.0122190559147209,0.0471747033298015,0.1023254767060279,0.686800479888916
3021,sick,3772,medium,2,3,3,False,"(256, 128)",0.001,0.3,0.001,0.0609376840293407,0.0856057852506637,0.0163470444300316,0.0462251678109169,0.0871676132082939,1.059083342552185
3021,sick,3772,medium,2,3,4,False,"(256, 128)",0.0005,0.3,1e-05,0.0598454698920249,0.0825709700584411,0.0123995134372584,0.0455582477152347,0.0825604647397995,0.9994812607765198
3021,sick,3772,medium,2,3,5,False,"(512, 256)",0.0005,0.05,0.001,0.0630586668848991,0.0808721333742141,0.0109913706516324,0.047531358897686,0.0801078975200653,0.9034762978553772
3021,sick,3772,medium,2,3,6,False,"(512, 256)",0.0001,0.0,0.001,0.069442294538021,0.0876127853989601,0.0118080527840334,0.0493538752198219,0.0872845351696014,0.867964506149292
3021,sick,3772,medium,2,3,7,False,"(128, 64)",0.0005,0.3,0.001,0.0616364255547523,0.0840284675359726,0.0174115066496741,0.046372003853321,0.082136258482933,0.868579089641571
3021,sick,3772,medium,2,3,8,False,"(64, 32)",0.0001,0.1,0.0001,0.203388974070549,0.1193055436015129,0.0167634196628797,0.0669932514429092,0.208464965224266,0.452961266040802
3021,sick,3772,medium,2,3,9,False,"(128, 64)",0.003,0.2,0.001,0.0562440380454063,0.088447518646717,0.0139070791913973,0.0426948741078376,0.1023268029093742,1.299103856086731
3021,sick,3772,medium,2,3,10,False,"(512, 256, 128)",0.0005,0.1,0.001,0.0606513954699039,0.0880921855568885,0.0153769816257569,0.0477577559649944,0.0868525430560112,0.9440184235572816
3021,sick,3772,medium,2,3,11,False,"(512, 256)",0.003,0.0,0.0001,0.0624444633722305,0.0803806856274604,0.0116718234079036,0.0436530001461505,0.0863214135169982,1.2158528566360474
3021,sick,3772,medium,2,3,12,False,"(256, 128, 64)",0.001,0.3,0.0,0.0607654154300689,0.0897531658411026,0.0161022031017749,0.0482663847506046,0.0883054584264755,0.9462460279464722
3021,sick,3772,medium,2,3,13,False,"(128, 64)",0.003,0.0,0.001,0.0570965111255645,0.096776008605957,0.0178632966729978,0.0506779886782169,0.1030012443661689,1.1256763935089111
3021,sick,3772,medium,2,3,14,False,"(512, 256, 128)",0.0005,0.05,0.0,0.0719738155603408,0.0949242189526557,0.0125272404542295,0.0508965663611888,0.0945914387702941,0.7910101413726807
3021,sick,3772,medium,2,4,0,True,"(256, 128)",0.001,0.1,0.0001,0.0559788569808006,0.0846551731228828,0.0121261860624317,0.0464369803667068,0.0872129648923873,1.08999764919281
3021,sick,3772,medium,2,4,1,False,"(512, 256)",0.0001,0.1,0.001,0.0634692013263702,0.0977831184864044,0.0124232777170261,0.0498407930135726,0.0943417176604271,0.8118216395378113
3021,sick,3772,medium,2,4,2,False,"(256, 128, 64)",0.0001,0.05,0.0001,0.0788937136530876,0.0949231311678886,0.0148708824816655,0.0508888997137546,0.1027766242623329,0.6927544474601746
3021,sick,3772,medium,2,4,3,False,"(256, 128)",0.001,0.3,0.001,0.0615329481661319,0.0921117588877677,0.0108705305105803,0.0477549359202384,0.090103231370449,0.9036785364151
3021,sick,3772,medium,2,4,4,False,"(256, 128)",0.0005,0.3,1e-05,0.0638656616210937,0.0924037843942642,0.0106294666168179,0.0494269654154777,0.090443916618824,0.8884975910186768
3021,sick,3772,medium,2,4,5,False,"(512, 256)",0.0005,0.05,0.001,0.0568239465355873,0.0959174484014511,0.0172148199534047,0.048359852284193,0.0927226468920707,0.881242036819458
3021,sick,3772,medium,2,4,6,False,"(512, 256)",0.0001,0.0,0.001,0.0576580427587032,0.0939704105257988,0.0117070132007135,0.0463634058833122,0.092087984085083,0.936317503452301
3021,sick,3772,medium,2,4,7,False,"(128, 64)",0.0005,0.3,0.001,0.0619491562247276,0.0987239629030227,0.0127333276845498,0.0515546277165412,0.0949468463659286,0.8461504578590393
3021,sick,3772,medium,2,4,8,False,"(64, 32)",0.0001,0.1,0.0001,0.1656402349472046,0.1307722181081771,0.0138158516115437,0.0717623233795166,0.1816144287586212,0.4948043525218963
3021,sick,3772,medium,2,4,9,False,"(128, 64)",0.003,0.2,0.001,0.0589329078793525,0.0940697863698005,0.0140657049404337,0.0479498095810413,0.0912525132298469,0.8944465517997742
3021,sick,3772,medium,2,4,10,False,"(512, 256, 128)",0.0005,0.1,0.001,0.053341832011938,0.0838090181350708,0.0088565375368063,0.0461859814822673,0.0831979140639305,0.9583826661109924
3021,sick,3772,medium,2,4,11,False,"(512, 256)",0.003,0.0,0.0001,0.0732310563325882,0.1085045412182807,0.0146770472031818,0.0540464483201503,0.1060285419225692,0.9167325496673584
3021,sick,3772,medium,2,4,12,False,"(256, 128, 64)",0.001,0.3,0.0,0.0541059039533138,0.0862808302044868,0.0165817688632484,0.0446177721023559,0.0861890986561775,0.9965426921844482
3021,sick,3772,medium,2,4,13,False,"(128, 64)",0.003,0.0,0.001,0.0486106276512146,0.0900574252009391,0.0140408232512063,0.0457057170569896,0.0899165496230125,0.9961435198783876
3021,sick,3772,medium,2,4,14,False,"(512, 256, 128)",0.0005,0.05,0.0,0.0587012656033039,0.0952524542808532,0.0161177217039314,0.051146138459444,0.0922828242182731,0.8651875257492065
3022,vowel,990,small,11,3,0,True,"(256, 128)",0.001,0.1,0.0001,0.2723162174224853,0.1862124502658844,0.0571621085959251,0.0883171111345291,0.2305895537137985,0.767004668712616
3022,vowel,990,small,11,3,1,False,"(512, 256)",0.0001,0.1,0.001,0.5528602004051208,0.3396268188953399,0.0688714628869836,0.1720056235790252,0.5476846694946289,0.5215601325035095
3022,vowel,990,small,11,3,2,False,"(256, 128, 64)",0.0001,0.05,0.0001,1.0230748653411863,0.5265411138534546,0.0554169659763073,0.2446270883083343,1.0399900674819946,0.3460883200168609
3022,vowel,990,small,11,3,3,False,"(256, 128)",0.001,0.3,0.001,0.246871531009674,0.1732215732336044,0.0404206389931315,0.0846022516489029,0.2144171595573425,0.7304158806800842
3022,vowel,990,small,11,3,4,False,"(256, 128)",0.0005,0.3,1e-05,0.4217380583286285,0.2606323063373565,0.0518250269721252,0.1354220360517501,0.3960567116737366,0.570362389087677
3022,vowel,990,small,11,3,5,False,"(512, 256)",0.0005,0.05,0.001,0.2715674042701721,0.2070047408342361,0.0606766308497901,0.0856166258454322,0.2307966649532318,0.8527750968933105
3022,vowel,990,small,11,3,6,False,"(512, 256)",0.0001,0.0,0.001,0.4494511783123016,0.2785293459892273,0.0567118108071863,0.1331982463598251,0.4494675099849701,0.5654192566871643
3022,vowel,990,small,11,3,7,False,"(128, 64)",0.0005,0.3,0.001,0.7578357458114624,0.4840891659259796,0.0637654108732236,0.2732716202735901,0.7769630551338196,0.3931476175785064
3022,vowel,990,small,11,3,8,False,"(64, 32)",0.0001,0.1,0.0001,1.9637179374694824,8.993939399719238,0.5609100559343794,1.136454701423645,1.9988969564437864,0.0107245920225977
3022,vowel,990,small,11,3,9,False,"(128, 64)",0.003,0.2,0.001,0.2031980603933334,0.1606847047805786,0.0468664293738728,0.0763699784874916,0.1932809650897979,0.7465900778770447
3022,vowel,990,small,11,3,10,False,"(512, 256, 128)",0.0005,0.1,0.001,0.2351220697164535,0.1540175974369049,0.0625423967135875,0.0605399794876575,0.1855033785104751,0.8184921741485596
3022,vowel,990,small,11,3,11,False,"(512, 256)",0.003,0.0,0.0001,0.2449121326208114,0.2190788388252258,0.0514307209237256,0.098618134856224,0.2171353101730346,1.1045053005218506
3022,vowel,990,small,11,3,12,False,"(256, 128, 64)",0.001,0.3,0.0,0.2194856256246566,0.1536378115415573,0.0347291616980074,0.076004721224308,0.2162752300500869,0.6368162631988525
3022,vowel,990,small,11,3,13,False,"(128, 64)",0.003,0.0,0.001,0.2552903592586517,0.2269815355539322,0.0526611958990996,0.1026058420538902,0.2500204145908355,0.8125805854797363
3022,vowel,990,small,11,3,14,False,"(512, 256, 128)",0.0005,0.05,0.0,0.245027557015419,0.1748627871274948,0.044876019210125,0.0764151811599731,0.200928047299385,0.8390548229217529
3022,vowel,990,small,11,4,0,True,"(256, 128)",0.001,0.1,0.0001,0.1997573673725128,0.2423283755779266,0.0420225053423583,0.1306408643722534,0.2564280033111572,0.7282483577728271
3022,vowel,990,small,11,4,1,False,"(512, 256)",0.0001,0.1,0.001,0.5703091621398926,0.4370072484016418,0.0499365693993038,0.2224802672863006,0.607734203338623,0.5816980600357056
3022,vowel,990,small,11,4,2,False,"(256, 128, 64)",0.0001,0.05,0.0001,1.0339176654815674,0.4798536896705627,0.0584941196321236,0.2522976100444793,1.078213453292847,0.3031084835529327
3022,vowel,990,small,11,4,3,False,"(256, 128)",0.001,0.3,0.001,0.239197164773941,0.2415826171636581,0.0369101235962877,0.1268168985843658,0.2736592888832092,0.7392100095748901
3022,vowel,990,small,11,4,4,False,"(256, 128)",0.0005,0.3,1e-05,0.4202419221401214,0.3390731811523437,0.0431014632536506,0.1804516762495041,0.4466000199317932,0.6198304891586304
3022,vowel,990,small,11,4,5,False,"(512, 256)",0.0005,0.05,0.001,0.1973911374807357,0.2416631877422332,0.0488956235474609,0.1165730431675911,0.2560129165649414,0.7840573191642761
3022,vowel,990,small,11,4,6,False,"(512, 256)",0.0001,0.0,0.001,0.4415566027164459,0.3505441546440124,0.0633007013035141,0.1808815747499466,0.4948311150074005,0.5889789462089539
3022,vowel,990,small,11,4,7,False,"(128, 64)",0.0005,0.3,0.001,0.7825601100921631,0.5301963090896606,0.0622597850031322,0.2871317863464355,0.8086045980453491,0.4860589504241943
3022,vowel,990,small,11,4,8,False,"(64, 32)",0.0001,0.1,0.0001,2.056905031204224,10.484248161315918,0.6190048589148505,1.2487796545028689,2.0512421131134038,0.0095772203058004
3022,vowel,990,small,11,4,9,False,"(128, 64)",0.003,0.2,0.001,0.1935243755578994,0.242907777428627,0.0463524328337775,0.1296846866607666,0.2503853738307953,0.7523425221443176
3022,vowel,990,small,11,4,10,False,"(512, 256, 128)",0.0005,0.1,0.001,0.1648965924978256,0.191100999712944,0.0183247557593515,0.0861667990684509,0.2012565284967422,0.8502434492111206
3022,vowel,990,small,11,4,11,False,"(512, 256)",0.003,0.0,0.0001,0.2374999821186065,0.2693198621273041,0.040625851563733,0.1329021900892257,0.2742078900337219,1.1585218906402588
3022,vowel,990,small,11,4,12,False,"(256, 128, 64)",0.001,0.3,0.0,0.2013566792011261,0.1943169087171554,0.0572419039127401,0.1197360157966613,0.2441292405128479,0.6314759254455566
3022,vowel,990,small,11,4,13,False,"(128, 64)",0.003,0.0,0.001,0.1602864265441894,0.2418847680091858,0.0283051153726449,0.1231578066945076,0.2405444830656051,0.8944718837738037
3022,vowel,990,small,11,4,14,False,"(512, 256, 128)",0.0005,0.05,0.0,0.1614554077386856,0.1959555149078369,0.0184436062168994,0.0900900661945343,0.2007235735654831,0.899701714515686
3549,analcatdata_authorship,841,small,4,3,0,True,"(256, 128)",0.001,0.1,0.0001,0.0123120248317718,0.0071176360361278,0.0043456293422089,0.0054291929118335,0.0115942042320966,0.5173267126083374
3549,analcatdata_authorship,841,small,4,3,1,False,"(512, 256)",0.0001,0.1,0.001,0.0398842021822929,0.0221338011324405,0.009212917359858,0.0121132265776395,0.0418149158358573,0.5187774896621704
3549,analcatdata_authorship,841,small,4,3,2,False,"(256, 128, 64)",0.0001,0.05,0.0001,0.1899064481258392,0.0172637365758419,0.0141478811025149,0.0048142969608306,0.1674859523773193,0.4333466589450836
3549,analcatdata_authorship,841,small,4,3,3,False,"(256, 128)",0.001,0.3,0.001,0.0112054655328392,0.0118943303823471,0.0054328416931558,0.0086615523323416,0.0131468940526247,0.5074494481086731
3549,analcatdata_authorship,841,small,4,3,4,False,"(256, 128)",0.0005,0.3,1e-05,0.0224572643637657,0.0103236613795161,0.0055405471687015,0.0073719932697713,0.0199305340647697,0.5157588124275208
3549,analcatdata_authorship,841,small,4,3,5,False,"(512, 256)",0.0005,0.05,0.001,0.0099728899076581,0.0199733283370733,0.0073200949785507,0.0117513667792081,0.0186256151646375,0.5468951463699341
3549,analcatdata_authorship,841,small,4,3,6,False,"(512, 256)",0.0001,0.0,0.001,0.0395951345562934,0.0210717860609293,0.008702401578779,0.0119446087628602,0.040888138115406,0.5196715593338013
3549,analcatdata_authorship,841,small,4,3,7,False,"(128, 64)",0.0005,0.3,0.001,0.0453286096453666,0.0168450027704238,0.0074960672878889,0.009826204739511,0.0425423085689544,0.5477448105812073
3549,analcatdata_authorship,841,small,4,3,8,False,"(64, 32)",0.0001,0.1,0.0001,0.6486610174179077,0.0966192707419395,0.0273468753054767,0.0457607544958591,0.6335458755493164,0.125820517539978
3549,analcatdata_authorship,841,small,4,3,9,False,"(128, 64)",0.003,0.2,0.001,0.005191187839955,0.0223551243543624,0.0055722276839984,0.0112863508984446,0.0157213006168603,0.5662798285484314
3549,analcatdata_authorship,841,small,4,3,10,False,"(512, 256, 128)",0.0005,0.1,0.001,0.0128752021118998,0.0148994754999876,0.0047704585675422,0.0094725573435425,0.0188877061009407,0.5841187834739685
3549,analcatdata_authorship,841,small,4,3,11,False,"(512, 256)",0.003,0.0,0.0001,0.0018733402248471,0.0186364687979221,0.0089232872223713,0.0137571105733513,0.0147580681368708,0.6140192151069641
3549,analcatdata_authorship,841,small,4,3,12,False,"(256, 128, 64)",0.001,0.3,0.0,0.012205921113491,0.0122000537812709,0.0053824464950335,0.00887097325176,0.0143322264775633,0.5572089552879333
3549,analcatdata_authorship,841,small,4,3,13,False,"(128, 64)",0.003,0.0,0.001,0.006726368330419,0.0205873306840658,0.0055623333129657,0.0110966404899954,0.0152092771604657,0.5531674027442932
3549,analcatdata_authorship,841,small,4,3,14,False,"(512, 256, 128)",0.0005,0.05,0.0,0.013596992008388,0.0145517140626907,0.0038508021619898,0.0093333218246698,0.0192703884094953,0.5804383754730225
3549,analcatdata_authorship,841,small,4,4,0,True,"(256, 128)",0.001,0.1,0.0001,0.0093259885907173,0.0555796884000301,0.0141893011578441,0.024916423484683,0.0415773801505565,0.5880671143531799
3549,analcatdata_authorship,841,small,4,4,1,False,"(512, 256)",0.0001,0.1,0.001,0.0395852029323577,0.0444968082010746,0.0121752267053141,0.0242715701460838,0.0588537119328975,0.5095639228820801
3549,analcatdata_authorship,841,small,4,4,2,False,"(256, 128, 64)",0.0001,0.05,0.0001,0.1829195022583007,0.0393650569021701,0.0148788209144885,0.017645115032792,0.2039054036140442,0.4244008362293243
3549,analcatdata_authorship,841,small,4,4,3,False,"(256, 128)",0.001,0.3,0.001,0.0081484504044055,0.0548436976969242,0.0138646265458778,0.0238687433302402,0.0407159216701984,0.5925056338310242
3549,analcatdata_authorship,841,small,4,4,4,False,"(256, 128)",0.0005,0.3,1e-05,0.0173767823725938,0.0520165413618087,0.0139824296595782,0.0252085402607917,0.0459364540874958,0.5704297423362732
3549,analcatdata_authorship,841,small,4,4,5,False,"(512, 256)",0.0005,0.05,0.001,0.0106515185907483,0.0547797419130802,0.0145111787013518,0.0258096158504486,0.0391119346022605,0.542038083076477
3549,analcatdata_authorship,841,small,4,4,6,False,"(512, 256)",0.0001,0.0,0.001,0.0399953015148639,0.0454367510974407,0.0126507906518744,0.0250392332673072,0.0588723234832286,0.5026886463165283
3549,analcatdata_authorship,841,small,4,4,7,False,"(128, 64)",0.0005,0.3,0.001,0.0405542850494384,0.0391893535852432,0.0115513963812202,0.020928967744112,0.0560885556042194,0.5169175267219543
3549,analcatdata_authorship,841,small,4,4,8,False,"(64, 32)",0.0001,0.1,0.0001,0.5622732043266296,0.0879067331552505,0.0249007150266297,0.0471556410193443,0.5964440703392029,0.0754909217357635
3549,analcatdata_authorship,841,small,4,4,9,False,"(128, 64)",0.003,0.2,0.001,0.006512495689094,0.0555490963160991,0.0110329181484922,0.0178830884397029,0.0333039313554763,0.493088960647583
3549,analcatdata_authorship,841,small,4,4,10,False,"(512, 256, 128)",0.0005,0.1,0.001,0.0106104314327239,0.0465879365801811,0.0102023712746961,0.0212129168212413,0.0393190868198871,0.6224972009658813
3549,analcatdata_authorship,841,small,4,4,11,False,"(512, 256)",0.003,0.0,0.0001,0.0023087901063263,0.068195141851902,0.0143339918445083,0.0250907707959413,0.0443552359938621,0.5997433066368103
3549,analcatdata_authorship,841,small,4,4,12,False,"(256, 128, 64)",0.001,0.3,0.0,0.0094287451356649,0.0501211136579513,0.0111287867529152,0.0192781686782836,0.0415211282670497,0.640653133392334
3549,analcatdata_authorship,841,small,4,4,13,False,"(128, 64)",0.003,0.0,0.001,0.0067814253270626,0.0506086535751819,0.0096465807694655,0.0204779300838708,0.0329944677650928,0.5320162773132324
3549,analcatdata_authorship,841,small,4,4,14,False,"(512, 256, 128)",0.0005,0.05,0.0,0.011129000224173,0.0437509156763553,0.009877039483313,0.0211059488356113,0.0374277159571647,0.6153085231781006
3560,analcatdata_dmft,797,small,6,3,0,True,"(256, 128)",0.001,0.1,0.0001,1.7810646295547483,1.7895885705947876,0.032989030983299,0.832686722278595,1.7895885705947876,0.9999224543571472
3560,analcatdata_dmft,797,small,6,3,1,False,"(512, 256)",0.0001,0.1,0.001,1.7718467712402344,1.7925297021865845,0.0250092517584562,0.8339102864265442,1.7925294637680054,0.999990940093994
3560,analcatdata_dmft,797,small,6,3,2,False,"(256, 128, 64)",0.0001,0.05,0.0001,1.7870420217514038,1.7913687229156494,0.0021190023981034,0.8331054449081421,1.7913682460784912,0.999911904335022
3560,analcatdata_dmft,797,small,6,3,3,False,"(256, 128)",0.001,0.3,0.001,1.7847130298614502,1.7920738458633425,0.0391746633686125,0.8336310386657715,1.7920738458633425,0.9999921917915344
3560,analcatdata_dmft,797,small,6,3,4,False,"(256, 128)",0.0005,0.3,1e-05,1.7822136878967283,1.791944146156311,0.0428490354989965,0.8336944580078125,1.791944146156311,1.0000110864639282
3560,analcatdata_dmft,797,small,6,3,5,False,"(512, 256)",0.0005,0.05,0.001,1.777957558631897,1.7913929224014282,0.0659618343226611,0.8330450057983398,1.7913925647735596,0.9999423027038574
3560,analcatdata_dmft,797,small,6,3,6,False,"(512, 256)",0.0001,0.0,0.001,1.7724440097808838,1.7905890941619873,0.0212339610792696,0.8331411480903625,1.7905641794204712,0.9975663423538208
3560,analcatdata_dmft,797,small,6,3,7,False,"(128, 64)",0.0005,0.3,0.001,1.8061673641204836,1.7919450998306274,0.0092136353254318,0.8333877325057983,1.7960898876190186,4.44820499420166
3560,analcatdata_dmft,797,small,6,3,8,False,"(64, 32)",0.0001,0.1,0.0001,1.802845120429993,1.7952797412872314,0.0252214878797531,0.8344842195510864,1.808271050453186,3.124948740005493
3560,analcatdata_dmft,797,small,6,3,9,False,"(128, 64)",0.003,0.2,0.001,1.7921242713928225,1.792269945144653,0.0645235773175954,0.8334029316902161,1.7922700643539429,1.0000505447387695
3560,analcatdata_dmft,797,small,6,3,10,False,"(512, 256, 128)",0.0005,0.1,0.001,1.7894498109817505,1.7890169620513916,0.0110172390937805,0.8324958086013794,1.7890169620513916,0.9999972581863404
3560,analcatdata_dmft,797,small,6,3,11,False,"(512, 256)",0.003,0.0,0.0001,1.7909626960754397,1.7997077703475952,0.0698943722682694,0.8365650177001953,1.8316707611083984,1.65682053565979
3560,analcatdata_dmft,797,small,6,3,12,False,"(256, 128, 64)",0.001,0.3,0.0,1.785553216934204,1.7906150817871094,0.0042496051639318,0.8328226208686829,1.7906150817871094,0.9999518990516664
3560,analcatdata_dmft,797,small,6,3,13,False,"(128, 64)",0.003,0.0,0.001,1.792200207710266,1.7912330627441406,0.0575528961916764,0.8331054449081421,1.7912380695343018,1.00106680393219
3560,analcatdata_dmft,797,small,6,3,14,False,"(512, 256, 128)",0.0005,0.05,0.0,1.7891223430633545,1.7890160083770752,0.0172742426395416,0.832473635673523,1.7890160083770752,0.9999943971633912
3560,analcatdata_dmft,797,small,6,4,0,True,"(256, 128)",0.001,0.1,0.0001,1.7724225521087646,1.7768867015838623,0.0178559088148176,0.8284414410591125,1.776914358139038,0.9860745072364808
3560,analcatdata_dmft,797,small,6,4,1,False,"(512, 256)",0.0001,0.1,0.001,1.7862226963043213,1.7930583953857422,0.0393074030677477,0.8337713479995728,1.7930591106414795,1.000063419342041
3560,analcatdata_dmft,797,small,6,4,2,False,"(256, 128, 64)",0.0001,0.05,0.0001,1.797156810760498,1.7925922870635986,0.0256580531597137,0.8336063623428345,1.7971473932266235,2.9134817123413086
3560,analcatdata_dmft,797,small,6,4,3,False,"(256, 128)",0.001,0.3,0.001,1.772315263748169,1.7784169912338257,0.017126271687448,0.8289840817451477,1.7784321308135986,0.9848230481147766
3560,analcatdata_dmft,797,small,6,4,4,False,"(256, 128)",0.0005,0.3,1e-05,1.7736799716949463,1.7785228490829468,0.0230914864689111,0.8290208578109741,1.7785227298736572,0.9999630451202391
3560,analcatdata_dmft,797,small,6,4,5,False,"(512, 256)",0.0005,0.05,0.001,1.7801440954208374,1.784401297569275,0.0171528227627277,0.8307449221611023,1.784401297569275,0.9999352097511292
3560,analcatdata_dmft,797,small,6,4,6,False,"(512, 256)",0.0001,0.0,0.001,1.7870200872421265,1.79315984249115,0.0424215042032301,0.8337961435317993,1.7931610345840454,1.0001240968704224
3560,analcatdata_dmft,797,small,6,4,7,False,"(128, 64)",0.0005,0.3,0.001,1.762581706047058,1.766028642654419,0.0389417665700117,0.8259493112564087,1.765998125076294,0.8311328887939453
3560,analcatdata_dmft,797,small,6,4,8,False,"(64, 32)",0.0001,0.1,0.0001,1.8071638345718384,1.7971103191375732,0.008695837855339,0.8350410461425781,1.8155845403671265,2.600205421447754
3560,analcatdata_dmft,797,small,6,4,9,False,"(128, 64)",0.003,0.2,0.001,1.781040072441101,1.7775764465332031,0.0472347004339099,0.8289457559585571,1.7775787115097046,0.9996647834777832
3560,analcatdata_dmft,797,small,6,4,10,False,"(512, 256, 128)",0.0005,0.1,0.001,1.7585279941558838,1.7604970932006836,0.0353173143230378,0.8227583169937134,1.7625967264175415,0.6275703310966492
3560,analcatdata_dmft,797,small,6,4,11,False,"(512, 256)",0.003,0.0,0.0001,1.7787567377090454,1.7680187225341797,0.0309239502375324,0.8249727487564087,1.7731754779815674,1.4577784538269043
3560,analcatdata_dmft,797,small,6,4,12,False,"(256, 128, 64)",0.001,0.3,0.0,1.784035325050354,1.7842271327972412,0.017797671072185,0.8308574557304382,1.7842273712158203,1.0000025033950806
3560,analcatdata_dmft,797,small,6,4,13,False,"(128, 64)",0.003,0.0,0.001,1.7804895639419556,1.774561643600464,0.0066181772388517,0.8278884887695312,1.774563550949097,0.9998323917388916
3560,analcatdata_dmft,797,small,6,4,14,False,"(512, 256, 128)",0.0005,0.05,0.0,1.7621183395385742,1.7657101154327393,0.0180319849401712,0.8245006799697876,1.7663310766220093,0.9600338339805604
3573,mnist_784,70000,large,10,3,0,True,"(256, 128)",0.001,0.1,0.0001,0.1036012172698974,0.0966270864009857,0.0035075085879791,0.0429042279720306,0.0985259637236595,1.1262227296829224
3573,mnist_784,70000,large,10,3,1,False,"(512, 256)",0.0001,0.1,0.001,0.0973498970270156,0.0869126394391059,0.0032212385613293,0.0378966778516769,0.0877814069390297,1.0918445587158203
3573,mnist_784,70000,large,10,3,2,False,"(256, 128, 64)",0.0001,0.05,0.0001,0.1024286448955535,0.0889082923531532,0.002681693571664,0.0382981374859809,0.0897711366415023,1.0905144214630127
3573,mnist_784,70000,large,10,3,3,False,"(256, 128)",0.001,0.3,0.001,0.1059864237904548,0.0951756387948989,0.0021272108178763,0.0429947301745414,0.0957689210772514,1.0710886716842651
3573,mnist_784,70000,large,10,3,4,False,"(256, 128)",0.0005,0.3,1e-05,0.0979221165180206,0.0874106958508491,0.0033396458200045,0.0384002588689327,0.0935149639844894,1.244397759437561
3573,mnist_784,70000,large,10,3,5,False,"(512, 256)",0.0005,0.05,0.001,0.1009254828095436,0.0837927907705307,0.0024191350738207,0.0379057936370372,0.0888770744204521,1.2614893913269043
3573,mnist_784,70000,large,10,3,6,False,"(512, 256)",0.0001,0.0,0.001,0.1047568768262863,0.0964820310473442,0.0036492584588981,0.0417107976973056,0.0976520106196403,0.9249833226203918
3573,mnist_784,70000,large,10,3,7,False,"(128, 64)",0.0005,0.3,0.001,0.1111516281962394,0.0945962816476821,0.001973713441264,0.0418613590300083,0.0977852866053581,1.1928234100341797
3573,mnist_784,70000,large,10,3,8,False,"(64, 32)",0.0001,0.1,0.0001,0.1291129440069198,0.1120428293943405,0.0030689849207798,0.0487311780452728,0.1119516566395759,1.019901156425476
3573,mnist_784,70000,large,10,3,9,False,"(128, 64)",0.003,0.2,0.001,0.1140898168087005,0.1012669578194618,0.0032188290740762,0.044757705181837,0.1025979667901992,1.114462971687317
3573,mnist_784,70000,large,10,3,10,False,"(512, 256, 128)",0.0005,0.1,0.001,0.0971817597746849,0.0811153128743171,0.0032015652645911,0.036398209631443,0.0867051631212234,1.253332257270813
3573,mnist_784,70000,large,10,3,11,False,"(512, 256)",0.003,0.0,0.0001,0.1177588924765586,0.1017902642488479,0.0030078365533124,0.046289499849081,0.1050085201859474,1.194452881813049
3573,mnist_784,70000,large,10,3,12,False,"(256, 128, 64)",0.001,0.3,0.0,0.1098670288920402,0.0883782058954238,0.002613081973933,0.0399125702679157,0.0898292064666748,1.1578727960586548
3573,mnist_784,70000,large,10,3,13,False,"(128, 64)",0.003,0.0,0.001,0.1210825890302658,0.0985223278403282,0.0043851522874264,0.0447886474430561,0.1001925766468048,1.1764473915100098
3573,mnist_784,70000,large,10,3,14,False,"(512, 256, 128)",0.0005,0.05,0.0,0.1011761501431465,0.0859120562672615,0.0024730902633496,0.0375536680221557,0.0903914421796798,1.2122981548309326
3573,mnist_784,70000,large,10,4,0,True,"(256, 128)",0.001,0.1,0.0001,0.1133046671748161,0.0840561315417289,0.0030119452519076,0.036768838763237,0.0947786048054695,1.424405574798584
3573,mnist_784,70000,large,10,4,1,False,"(512, 256)",0.0001,0.1,0.001,0.0992388278245925,0.0887736082077026,0.0033729369562296,0.0381278172135353,0.0908745005726814,1.156946301460266
3573,mnist_784,70000,large,10,4,2,False,"(256, 128, 64)",0.0001,0.05,0.0001,0.0988963469862937,0.0869573354721069,0.0023726684145984,0.0378959476947784,0.0870024263858795,1.0512396097183228
3573,mnist_784,70000,large,10,4,3,False,"(256, 128)",0.001,0.3,0.001,0.102182388305664,0.0818516463041305,0.0040502368935516,0.0353653132915496,0.086891584098339,1.290977954864502
3573,mnist_784,70000,large,10,4,4,False,"(256, 128)",0.0005,0.3,1e-05,0.0991329029202461,0.0851871892809867,0.0026315193126598,0.0370724312961101,0.0892926231026649,1.226549744606018
3573,mnist_784,70000,large,10,4,5,False,"(512, 256)",0.0005,0.05,0.001,0.1058803871273994,0.0883021727204322,0.0034503767327184,0.0390928797423839,0.091286689043045,1.213443636894226
3573,mnist_784,70000,large,10,4,6,False,"(512, 256)",0.0001,0.0,0.001,0.0995025113224983,0.0909771099686622,0.0036189692254577,0.0389951765537261,0.0920769497752189,1.1062617301940918
3573,mnist_784,70000,large,10,4,7,False,"(128, 64)",0.0005,0.3,0.001,0.1103471145033836,0.096583642065525,0.002436852229493,0.0413046516478061,0.1016073524951934,1.2321906089782717
3573,mnist_784,70000,large,10,4,8,False,"(64, 32)",0.0001,0.1,0.0001,0.1343758404254913,0.1162996441125869,0.0038671960582335,0.0488101541996002,0.1199394017457962,1.188949704170227
3573,mnist_784,70000,large,10,4,9,False,"(128, 64)",0.003,0.2,0.001,0.1101077497005462,0.0894142910838127,0.0033007115111464,0.0395563840866088,0.0954632759094238,1.2901252508163452
3573,mnist_784,70000,large,10,4,10,False,"(512, 256, 128)",0.0005,0.1,0.001,0.0998202338814735,0.0767882540822029,0.0032779795201051,0.0338157452642917,0.0851408466696739,1.353645920753479
3573,mnist_784,70000,large,10,4,11,False,"(512, 256)",0.003,0.0,0.0001,0.1122715920209884,0.0892948359251022,0.0026630547195673,0.0396416075527668,0.0990906879305839,1.3892375230789185
3573,mnist_784,70000,large,10,4,12,False,"(256, 128, 64)",0.001,0.3,0.0,0.1009279713034629,0.0806624442338943,0.004515646277439,0.0340188294649124,0.0954527929425239,1.442836046218872
3573,mnist_784,70000,large,10,4,13,False,"(128, 64)",0.003,0.0,0.001,0.1197181344032287,0.093550905585289,0.0033673364839383,0.0408310964703559,0.103474386036396,1.3811805248260498
3573,mnist_784,70000,large,10,4,14,False,"(512, 256, 128)",0.0005,0.05,0.0,0.1224854737520217,0.0750610008835792,0.0023819442632652,0.032673142850399,0.1000240668654441,1.748032808303833
3913,kc2,522,small,2,3,0,True,"(256, 128)",0.001,0.1,0.0001,0.3513942956924438,0.2867606878280639,0.0715507995514642,0.1852315068244934,0.3082532584667206,0.7624738216400146
3913,kc2,522,small,2,3,1,False,"(512, 256)",0.0001,0.1,0.001,0.3841708302497864,0.2972680032253265,0.0730285924578469,0.1900961995124817,0.3409813642501831,0.6534625291824341
3913,kc2,522,small,2,3,2,False,"(256, 128, 64)",0.0001,0.05,0.0001,0.3965398371219635,0.3105612993240356,0.0549608014878772,0.1934490501880645,0.359108418226242,0.6329193115234375
3913,kc2,522,small,2,3,3,False,"(256, 128)",0.001,0.3,0.001,0.3518119156360626,0.2943328022956848,0.0564935449569944,0.1926558911800384,0.3117265105247497,0.7762400507926941
3913,kc2,522,small,2,3,4,False,"(256, 128)",0.0005,0.3,1e-05,0.3578794300556183,0.3010279238224029,0.0829338546783205,0.1970469653606414,0.322870135307312,0.7395002841949463
3913,kc2,522,small,2,3,5,False,"(512, 256)",0.0005,0.05,0.001,0.3712118864059448,0.2891002595424652,0.0634337519842481,0.1893248260021209,0.3253063857555389,0.6601530909538269
3913,kc2,522,small,2,3,6,False,"(512, 256)",0.0001,0.0,0.001,0.3996895551681518,0.3160215020179748,0.1050739549455188,0.203357309103012,0.3588855862617492,0.639092743396759
3913,kc2,522,small,2,3,7,False,"(128, 64)",0.0005,0.3,0.001,0.379099577665329,0.3089015185832977,0.109054380371457,0.1984580606222152,0.3426412642002105,0.6891713738441467
3913,kc2,522,small,2,3,8,False,"(64, 32)",0.0001,0.1,0.0001,0.5108495354652405,0.4346199631690979,0.1924667880648658,0.2626890540122986,0.4803995788097381,0.754096508026123
3913,kc2,522,small,2,3,9,False,"(128, 64)",0.003,0.2,0.001,0.3657654225826263,0.3184978365898132,0.0710291989265926,0.2055370807647705,0.3226559460163116,0.9135690927505492
3913,kc2,522,small,2,3,10,False,"(512, 256, 128)",0.0005,0.1,0.001,0.4121211767196655,0.3106022179126739,0.0862855559303646,0.1966391056776046,0.3767986595630646,0.568703293800354
3913,kc2,522,small,2,3,11,False,"(512, 256)",0.003,0.0,0.0001,0.3474608063697815,0.2756692171096802,0.0753055447623843,0.1769095212221145,0.2916828989982605,0.8118665814399719
3913,kc2,522,small,2,3,12,False,"(256, 128, 64)",0.001,0.3,0.0,0.3613117635250091,0.3066069483757019,0.0795918394648839,0.1931459307670593,0.3271437585353851,0.7688459157943726
3913,kc2,522,small,2,3,13,False,"(128, 64)",0.003,0.0,0.001,0.3837955296039581,0.3248071670532226,0.0895695871777004,0.2048438787460327,0.3289841413497925,0.9309058785438538
3913,kc2,522,small,2,3,14,False,"(512, 256, 128)",0.0005,0.05,0.0,0.4169769883155823,0.3114243745803833,0.0893877088077484,0.1959535628557205,0.3850966989994049,0.5500775575637817
3913,kc2,522,small,2,4,0,True,"(256, 128)",0.001,0.1,0.0001,0.3887947499752044,0.4139823615550995,0.0873707601002284,0.2600431442260742,0.413963258266449,1.013506531715393
3913,kc2,522,small,2,4,1,False,"(512, 256)",0.0001,0.1,0.001,0.4061524271965027,0.4438883364200592,0.0859465835586426,0.2901871800422668,0.4474678337574005,0.694070041179657
3913,kc2,522,small,2,4,2,False,"(256, 128, 64)",0.0001,0.05,0.0001,0.4316875040531158,0.4344979524612427,0.0790525207443842,0.2865303754806518,0.4533642828464508,0.6327959299087524
3913,kc2,522,small,2,4,3,False,"(256, 128)",0.001,0.3,0.001,0.3813145458698272,0.4122852385044098,0.0579749175480433,0.2597970366477966,0.4122253656387329,0.9935534596443176
3913,kc2,522,small,2,4,4,False,"(256, 128)",0.0005,0.3,1e-05,0.3835431337356567,0.4155357778072357,0.0662545351755051,0.262769490480423,0.4176733791828155,0.844714343547821
3913,kc2,522,small,2,4,5,False,"(512, 256)",0.0005,0.05,0.001,0.3999253809452057,0.4511844515800476,0.0830663730227758,0.2971059083938598,0.4545342326164245,1.0621761083602903
3913,kc2,522,small,2,4,6,False,"(512, 256)",0.0001,0.0,0.001,0.4073968529701233,0.4365315735340118,0.0850762191272917,0.2905450463294983,0.443087488412857,0.7111424803733826
3913,kc2,522,small,2,4,7,False,"(128, 64)",0.0005,0.3,0.001,0.3789116442203522,0.4189213812351227,0.0654864367984589,0.2689456641674042,0.417903184890747,0.8949598073959351
3913,kc2,522,small,2,4,8,False,"(64, 32)",0.0001,0.1,0.0001,0.5204169750213623,0.5030789375305176,0.1750452054871453,0.3204821944236755,0.5341259241104126,0.7740341424942017
3913,kc2,522,small,2,4,9,False,"(128, 64)",0.003,0.2,0.001,0.3871768414974212,0.4065860211849212,0.0574917566208612,0.2599164545536041,0.4066369235515594,1.0067869424819946
3913,kc2,522,small,2,4,10,False,"(512, 256, 128)",0.0005,0.1,0.001,0.3950435519218445,0.4168571531772613,0.0674647633991544,0.2674590349197387,0.4239733815193176,0.7830381989479065
3913,kc2,522,small,2,4,11,False,"(512, 256)",0.003,0.0,0.0001,0.3977920711040497,0.4408107697963714,0.0732653712469434,0.2838307917118072,0.4400775730609894,0.9852190017700196
3913,kc2,522,small,2,4,12,False,"(256, 128, 64)",0.001,0.3,0.0,0.3850945830345154,0.4181831777095794,0.0763754782222566,0.271694928407669,0.4180144071578979,0.913454532623291
3913,kc2,522,small,2,4,13,False,"(128, 64)",0.003,0.0,0.001,0.3935728073120117,0.4112862944602966,0.0679052589431641,0.2645384073257446,0.4112588465213775,0.9957435131072998
3913,kc2,522,small,2,4,14,False,"(512, 256, 128)",0.0005,0.05,0.0,0.376940369606018,0.4207688570022583,0.0717526218247792,0.2689304649829864,0.4195975959300995,0.9636496901512146
9946,wdbc,569,small,2,3,0,True,"(256, 128)",0.001,0.1,0.0001,0.0613897778093814,0.0738407969474792,0.020561855438857,0.0356122963130474,0.0727473050355911,0.7106198668479919
9946,wdbc,569,small,2,3,1,False,"(512, 256)",0.0001,0.1,0.001,0.0561869740486145,0.0705235451459884,0.0240435577624025,0.0376879721879959,0.0722749531269073,0.4514981508255005
9946,wdbc,569,small,2,3,2,False,"(256, 128, 64)",0.0001,0.05,0.0001,0.0981901139020919,0.0797629281878471,0.0178937075430886,0.042937759310007,0.1107805073261261,0.4803608357906341
9946,wdbc,569,small,2,3,3,False,"(256, 128)",0.001,0.3,0.001,0.0413784049451351,0.1469897180795669,0.0165619923357378,0.0350805819034576,0.0679995045065879,0.3239066898822784
9946,wdbc,569,small,2,3,4,False,"(256, 128)",0.0005,0.3,1e-05,0.0571760982275009,0.0826037526130676,0.0240147014458974,0.0367627702653408,0.076014220714569,0.5281818509101868
9946,wdbc,569,small,2,3,5,False,"(512, 256)",0.0005,0.05,0.001,0.0375728607177734,0.1080444380640983,0.022806130480348,0.0383241735398769,0.0755062848329544,0.5428929924964905
9946,wdbc,569,small,2,3,6,False,"(512, 256)",0.0001,0.0,0.001,0.0556153655052185,0.0707317888736724,0.0225522605299252,0.0372342839837074,0.0714500918984413,0.4890819489955902
9946,wdbc,569,small,2,3,7,False,"(128, 64)",0.0005,0.3,0.001,0.0622157603502273,0.0741668418049812,0.0144712832587504,0.0354440696537494,0.0749725699424743,0.5743390321731567
9946,wdbc,569,small,2,3,8,False,"(64, 32)",0.0001,0.1,0.0001,0.3040556609630584,,0.0,,0.3281247019767761,
9946,wdbc,569,small,2,3,9,False,"(128, 64)",0.003,0.2,0.001,0.024029366672039,0.2334073483943939,0.0325679768595779,0.0538217239081859,0.0735258907079696,0.2179771214723587
9946,wdbc,569,small,2,3,10,False,"(512, 256, 128)",0.0005,0.1,0.001,0.0564573369920253,0.1023906916379928,0.0213660193465606,0.0455277748405933,0.096624881029129,0.8689859509468079
9946,wdbc,569,small,2,3,11,False,"(512, 256)",0.003,0.0,0.0001,0.0595404021441936,0.0641124621033668,0.0260988548833724,0.0336612276732921,0.0688973739743232,0.7366915941238403
9946,wdbc,569,small,2,3,12,False,"(256, 128, 64)",0.001,0.3,0.0,0.0640558078885078,0.0724432542920112,0.0177883962441606,0.0408280119299888,0.0713023245334625,0.942338526248932
9946,wdbc,569,small,2,3,13,False,"(128, 64)",0.003,0.0,0.001,0.0724143236875534,0.080772690474987,0.0190302815005095,0.044649202376604,0.0816453322768211,0.6634012460708618
9946,wdbc,569,small,2,3,14,False,"(512, 256, 128)",0.0005,0.05,0.0,0.0585165321826934,0.0821727886795997,0.0254213217406245,0.0475233159959316,0.077150285243988,0.5306823253631592
9946,wdbc,569,small,2,4,0,True,"(256, 128)",0.001,0.1,0.0001,0.0839654430747032,0.0905014649033546,0.0306445635550203,0.0539943501353263,0.0880890786647796,1.2486625909805298
9946,wdbc,569,small,2,4,1,False,"(512, 256)",0.0001,0.1,0.001,0.073389858007431,0.0968834608793258,0.0374718819096771,0.0598764643073082,0.0992524921894073,0.922607719898224
9946,wdbc,569,small,2,4,2,False,"(256, 128, 64)",0.0001,0.05,0.0001,0.1152912825345993,0.1049337536096572,0.0307246092815845,0.0600359104573726,0.1351458132266998,0.6801044344902039
9946,wdbc,569,small,2,4,3,False,"(256, 128)",0.001,0.3,0.001,0.0731028243899345,0.0884255096316337,0.0302960124977847,0.0521178022027015,0.0866901651024818,1.154883623123169
9946,wdbc,569,small,2,4,4,False,"(256, 128)",0.0005,0.3,1e-05,0.0797514840960502,0.0924892276525497,0.0207967421813317,0.0531214848160743,0.0906851515173912,1.0979572534561155
9946,wdbc,569,small,2,4,5,False,"(512, 256)",0.0005,0.05,0.001,0.1021845117211341,0.103209301829338,0.0524375602515817,0.0660290867090225,0.1052285432815551,1.4625786542892456
9946,wdbc,569,small,2,4,6,False,"(512, 256)",0.0001,0.0,0.001,0.074906438589096,0.0944896042346954,0.0451786378670854,0.0581006407737731,0.0960766524076461,0.951083481311798
9946,wdbc,569,small,2,4,7,False,"(128, 64)",0.0005,0.3,0.001,0.0776362940669059,0.1022378876805305,0.0243395146919272,0.0612908340990543,0.1115453839302063,0.7694898247718811
9946,wdbc,569,small,2,4,8,False,"(64, 32)",0.0001,0.1,0.0001,0.2181024551391601,0.1453486979007721,0.0432624590327168,0.0877960845828056,0.2657428085803985,0.3552410900592804
9946,wdbc,569,small,2,4,9,False,"(128, 64)",0.003,0.2,0.001,0.082151673734188,0.1010855510830879,0.0474636176524803,0.0646559670567512,0.1060183644294738,1.3009027242660522
9946,wdbc,569,small,2,4,10,False,"(512, 256, 128)",0.0005,0.1,0.001,0.0968349203467369,0.1023387759923935,0.0483300312917832,0.0642619282007217,0.1039010360836982,1.2774879932403564
9946,wdbc,569,small,2,4,11,False,"(512, 256)",0.003,0.0,0.0001,0.1617256999015808,0.111661709845066,0.0305722125789575,0.0665539801120758,0.194503054022789,2.40976619720459
9946,wdbc,569,small,2,4,12,False,"(256, 128, 64)",0.001,0.3,0.0,0.0923870876431465,0.1039289534091949,0.0307478247678767,0.0609584152698516,0.1099894195795059,1.3084789514541626
9946,wdbc,569,small,2,4,13,False,"(128, 64)",0.003,0.0,0.001,0.1068538948893547,0.1226630508899688,0.0372702411392278,0.0785128623247146,0.1351393461227417,1.4865326881408691
9946,wdbc,569,small,2,4,14,False,"(512, 256, 128)",0.0005,0.05,0.0,0.0866993442177772,0.1067466288805008,0.027074727921458,0.063515193760395,0.1079252883791923,1.13696551322937
9960,wall-robot-navigation,5456,medium,4,3,0,True,"(256, 128)",0.001,0.1,0.0001,0.2726296186447143,0.2219820171594619,0.0178286926832245,0.1173715814948082,0.2313088029623031,1.3602186441421509
9960,wall-robot-navigation,5456,medium,4,3,1,False,"(512, 256)",0.0001,0.1,0.001,0.2686997950077057,0.2453031688928604,0.0172117653056087,0.1305426061153412,0.2448491752147674,1.0183337926864624
9960,wall-robot-navigation,5456,medium,4,3,2,False,"(256, 128, 64)",0.0001,0.05,0.0001,0.2784854471683502,0.2663700580596924,0.0169177165889478,0.1406183540821075,0.268901377916336,0.9265804886817932
9960,wall-robot-navigation,5456,medium,4,3,3,False,"(256, 128)",0.001,0.3,0.001,0.2529416680335998,0.2181874811649322,0.0195675457808415,0.1172118186950683,0.2220561057329177,1.267341136932373
9960,wall-robot-navigation,5456,medium,4,3,4,False,"(256, 128)",0.0005,0.3,1e-05,0.2611876428127289,0.2390967905521392,0.0246298236724658,0.1283247321844101,0.2385946959257125,1.1106187105178833
9960,wall-robot-navigation,5456,medium,4,3,5,False,"(512, 256)",0.0005,0.05,0.001,0.2848184108734131,0.2330831736326217,0.0134401740881549,0.122295506298542,0.246507778763771,1.3787386417388916
9960,wall-robot-navigation,5456,medium,4,3,6,False,"(512, 256)",0.0001,0.0,0.001,0.268151044845581,0.2470316886901855,0.0210143751277155,0.1270258426666259,0.2476552277803421,1.1088067293167114
9960,wall-robot-navigation,5456,medium,4,3,7,False,"(128, 64)",0.0005,0.3,0.001,0.2892120480537414,0.270067036151886,0.0237596764232649,0.1466127038002014,0.270941823720932,0.9740147590637208
9960,wall-robot-navigation,5456,medium,4,3,8,False,"(64, 32)",0.0001,0.1,0.0001,0.5706720352172852,0.5020293593406677,0.042180615003074,0.2793906629085541,0.562642514705658,0.6656724810600281
9960,wall-robot-navigation,5456,medium,4,3,9,False,"(128, 64)",0.003,0.2,0.001,0.217641219496727,0.1721199452877044,0.0153848840621947,0.0901058316230773,0.1932871788740158,1.5352483987808228
9960,wall-robot-navigation,5456,medium,4,3,10,False,"(512, 256, 128)",0.0005,0.1,0.001,0.271765261888504,0.2301721572875976,0.013593371416259,0.1199904382228851,0.2508163452148437,1.4041008949279783
9960,wall-robot-navigation,5456,medium,4,3,11,False,"(512, 256)",0.003,0.0,0.0001,0.3203703463077545,0.2301971912384033,0.0165882853106555,0.1232693567872047,0.2855618298053741,1.7991797924041748
9960,wall-robot-navigation,5456,medium,4,3,12,False,"(256, 128, 64)",0.001,0.3,0.0,0.2542609870433807,0.2191053330898285,0.0127395807568698,0.116639919579029,0.2289891242980957,1.2916468381881714
9960,wall-robot-navigation,5456,medium,4,3,13,False,"(128, 64)",0.003,0.0,0.001,0.2942191660404205,0.2703263759613037,0.0257751030053702,0.1431782245635986,0.2840529084205627,1.280956506729126
9960,wall-robot-navigation,5456,medium,4,3,14,False,"(512, 256, 128)",0.0005,0.05,0.0,0.2537625133991241,0.2496052533388137,0.0179394489934301,0.1317123770713806,0.263119637966156,1.2477514743804932
9960,wall-robot-navigation,5456,medium,4,4,0,True,"(256, 128)",0.001,0.1,0.0001,0.2736123204231262,0.2702292203903198,0.0187574640480444,0.13875113427639,0.2757502794265747,1.1652638912200928
9960,wall-robot-navigation,5456,medium,4,4,1,False,"(512, 256)",0.0001,0.1,0.001,0.2789839506149292,0.2848779559135437,0.0177453644346259,0.1477736681699752,0.2853910624980926,1.0496069192886353
9960,wall-robot-navigation,5456,medium,4,4,2,False,"(256, 128, 64)",0.0001,0.05,0.0001,0.2899969220161438,0.2901250720024109,0.0188671061098211,0.1521964520215988,0.2904695570468902,0.9778720140457152
9960,wall-robot-navigation,5456,medium,4,4,3,False,"(256, 128)",0.001,0.3,0.001,0.2566008269786834,0.2567160129547119,0.0150480551033375,0.135502427816391,0.2657282948493957,1.224056601524353
9960,wall-robot-navigation,5456,medium,4,4,4,False,"(256, 128)",0.0005,0.3,1e-05,0.2643479108810425,0.2738877832889557,0.0201521675956409,0.1448898464441299,0.2795597314834595,1.160792589187622
9960,wall-robot-navigation,5456,medium,4,4,5,False,"(512, 256)",0.0005,0.05,0.001,0.2806988954544067,0.2892584502696991,0.018437747972061,0.1496345400810241,0.2902446985244751,1.0634634494781494
9960,wall-robot-navigation,5456,medium,4,4,6,False,"(512, 256)",0.0001,0.0,0.001,0.2809156775474548,0.276142805814743,0.0124672034593874,0.1412638872861862,0.2783803045749664,1.112471580505371
9960,wall-robot-navigation,5456,medium,4,4,7,False,"(128, 64)",0.0005,0.3,0.001,0.2794727683067322,0.312540739774704,0.017126884579804,0.1669150590896606,0.3125406801700592,0.9999935030937196
9960,wall-robot-navigation,5456,medium,4,4,8,False,"(64, 32)",0.0001,0.1,0.0001,0.5718047618865967,0.5482891798019409,0.0497863984988577,0.2980552315711975,0.6064523458480835,0.6494700312614441
9960,wall-robot-navigation,5456,medium,4,4,9,False,"(128, 64)",0.003,0.2,0.001,0.2387675791978836,0.2472799718379974,0.0127106143550558,0.1313268542289734,0.2562917172908783,1.1989041566848757
9960,wall-robot-navigation,5456,medium,4,4,10,False,"(512, 256, 128)",0.0005,0.1,0.001,0.2676326930522918,0.2641924619674682,0.015928931033946,0.1381668448448181,0.2675082087516784,1.1203806400299072
9960,wall-robot-navigation,5456,medium,4,4,11,False,"(512, 256)",0.003,0.0,0.0001,0.2978990972042084,0.308907687664032,0.0241418351875265,0.1609188169240951,0.3295992612838745,1.2905453443527222
9960,wall-robot-navigation,5456,medium,4,4,12,False,"(256, 128, 64)",0.001,0.3,0.0,0.2619953453540802,0.2798542976379394,0.02525845356513,0.1548993289470672,0.2819526195526123,1.086696743965149
9960,wall-robot-navigation,5456,medium,4,4,13,False,"(128, 64)",0.003,0.0,0.001,0.294655978679657,0.2792088389396667,0.0217206466292578,0.1454353779554367,0.2910833060741424,1.2608147859573364
9960,wall-robot-navigation,5456,medium,4,4,14,False,"(512, 256, 128)",0.0005,0.05,0.0,0.2675383388996124,0.2704907953739166,0.01653436239313,0.1386171579360962,0.2785771489143371,1.1617623567581177
9985,first-order-theorem-proving,6118,medium,6,3,0,True,"(256, 128)",0.001,0.1,0.0001,1.2491780519485474,1.2483021020889282,0.0304889479948284,0.5943225622177124,1.2539732456207275,1.0996242761611938
9985,first-order-theorem-proving,6118,medium,6,3,1,False,"(512, 256)",0.0001,0.1,0.001,1.2472635507583618,1.243118405342102,0.036072457091546,0.591401219367981,1.2464710474014282,1.074275255203247
9985,first-order-theorem-proving,6118,medium,6,3,2,False,"(256, 128, 64)",0.0001,0.05,0.0001,1.2414987087249756,1.2336276769638062,0.0191430578572363,0.5855775475502014,1.2353246212005615,1.0598782300949097
9985,first-order-theorem-proving,6118,medium,6,3,3,False,"(256, 128)",0.001,0.3,0.001,1.2401775121688845,1.2304741144180298,0.0358083783679343,0.5884340405464172,1.2334070205688477,1.074988842010498
9985,first-order-theorem-proving,6118,medium,6,3,4,False,"(256, 128)",0.0005,0.3,1e-05,1.2391434907913208,1.2344695329666138,0.0326015633492363,0.5877767205238342,1.2376981973648071,1.073144555091858
9985,first-order-theorem-proving,6118,medium,6,3,5,False,"(512, 256)",0.0005,0.05,0.001,1.2460557222366333,1.2458516359329224,0.0365259988813748,0.588958203792572,1.261478066444397,1.1582369804382324
9985,first-order-theorem-proving,6118,medium,6,3,6,False,"(512, 256)",0.0001,0.0,0.001,1.2493960857391355,1.2444552183151243,0.0328735282729848,0.5862720012664795,1.256896734237671,1.1482545137405396
9985,first-order-theorem-proving,6118,medium,6,3,7,False,"(128, 64)",0.0005,0.3,0.001,1.2566338777542114,1.237163543701172,0.0261048063725103,0.5927937030792236,1.237163543701172,1.0000392198562622
9985,first-order-theorem-proving,6118,medium,6,3,8,False,"(64, 32)",0.0001,0.1,0.0001,1.3372790813446045,1.3366280794143677,0.0453271556540122,0.6306866407394409,1.3418397903442385,0.8804193735122681
9985,first-order-theorem-proving,6118,medium,6,3,9,False,"(128, 64)",0.003,0.2,0.001,1.2581244707107544,1.2254245281219482,0.0394852817797128,0.583672821521759,1.229015827178955,1.1103204488754272
9985,first-order-theorem-proving,6118,medium,6,3,10,False,"(512, 256, 128)",0.0005,0.1,0.001,1.245823621749878,1.223175883293152,0.0270335119753296,0.5815526843070984,1.228757619857788,1.1163606643676758
9985,first-order-theorem-proving,6118,medium,6,3,11,False,"(512, 256)",0.003,0.0,0.0001,1.279091715812683,1.2693523168563845,0.0328139684290862,0.6030850410461426,1.2749429941177368,1.1125186681747437
9985,first-order-theorem-proving,6118,medium,6,3,12,False,"(256, 128, 64)",0.001,0.3,0.0,1.243608832359314,1.23065185546875,0.0340355749532158,0.5871208906173706,1.2313847541809082,1.0434043407440186
9985,first-order-theorem-proving,6118,medium,6,3,13,False,"(128, 64)",0.003,0.0,0.001,1.25007963180542,1.252105712890625,0.0354926814578782,0.5965861678123474,1.2548680305480957,1.0600857734680176
9985,first-order-theorem-proving,6118,medium,6,3,14,False,"(512, 256, 128)",0.0005,0.05,0.0,1.2354716062545776,1.232030987739563,0.0436493280934157,0.5830204486846924,1.240774631500244,1.1239211559295654
9985,first-order-theorem-proving,6118,medium,6,4,0,True,"(256, 128)",0.001,0.1,0.0001,1.2810941934585571,1.2678457498550415,0.0486339127567793,0.5928937196731567,1.2681952714920044,1.0665490627288818
9985,first-order-theorem-proving,6118,medium,6,4,1,False,"(512, 256)",0.0001,0.1,0.001,1.2715280055999756,1.2634891271591189,0.0461997794543346,0.5913680195808411,1.2646360397338867,1.0694866180419922
9985,first-order-theorem-proving,6118,medium,6,4,2,False,"(256, 128, 64)",0.0001,0.05,0.0001,1.2509502172470093,1.2351248264312744,0.0479643157356639,0.5780614614486694,1.235277533531189,1.069404363632202
9985,first-order-theorem-proving,6118,medium,6,4,3,False,"(256, 128)",0.001,0.3,0.001,1.2728424072265625,1.2569923400878906,0.0519731638664968,0.5868532061576843,1.2596989870071411,1.112846851348877
9985,first-order-theorem-proving,6118,medium,6,4,4,False,"(256, 128)",0.0005,0.3,1e-05,1.2859817743301392,1.27118718624115,0.0509303008573442,0.5964572429656982,1.2709453105926514,1.0310883522033691
9985,first-order-theorem-proving,6118,medium,6,4,5,False,"(512, 256)",0.0005,0.05,0.001,1.2725785970687866,1.267246961593628,0.0486787148347542,0.5915923118591309,1.2710431814193726,1.1087377071380615
9985,first-order-theorem-proving,6118,medium,6,4,6,False,"(512, 256)",0.0001,0.0,0.001,1.2652246952056885,1.2587069272994995,0.0448570834647271,0.58864825963974,1.2588002681732178,1.0426150560379028
9985,first-order-theorem-proving,6118,medium,6,4,7,False,"(128, 64)",0.0005,0.3,0.001,1.2788044214248655,1.2746697664260864,0.0479778861403789,0.598052978515625,1.274538278579712,1.0183736085891724
9985,first-order-theorem-proving,6118,medium,6,4,8,False,"(64, 32)",0.0001,0.1,0.0001,1.3563759326934814,1.3336257934570312,0.0474271694267237,0.6250220537185669,1.3384287357330322,0.9253037571907043
9985,first-order-theorem-proving,6118,medium,6,4,9,False,"(128, 64)",0.003,0.2,0.001,1.290117621421814,1.2621145248413086,0.0620758583635286,0.5865511298179626,1.2764887809753418,1.2259372472763062
9985,first-order-theorem-proving,6118,medium,6,4,10,False,"(512, 256, 128)",0.0005,0.1,0.001,1.2720754146575928,1.255942702293396,0.0449967191499822,0.5898740887641907,1.2565960884094238,1.0798468589782717
9985,first-order-theorem-proving,6118,medium,6,4,11,False,"(512, 256)",0.003,0.0,0.0001,1.3366891145706177,1.2954622507095337,0.0417692567585015,0.6088275909423828,1.3114975690841677,1.2361887693405151
9985,first-order-theorem-proving,6118,medium,6,4,12,False,"(256, 128, 64)",0.001,0.3,0.0,1.2738609313964844,1.242834210395813,0.0629318364873561,0.5827481746673584,1.2462798357009888,1.1490302085876465
9985,first-order-theorem-proving,6118,medium,6,4,13,False,"(128, 64)",0.003,0.0,0.001,1.2799561023712158,1.264779567718506,0.0457201169393875,0.5935375690460205,1.264861822128296,1.075145244598389
9985,first-order-theorem-proving,6118,medium,6,4,14,False,"(512, 256, 128)",0.0005,0.05,0.0,1.265868902206421,1.2443522214889526,0.0379058340958001,0.5866658687591553,1.243644118309021,1.0564075708389282
10101,blood-transfusion-service-center,748,small,2,3,0,True,"(256, 128)",0.001,0.1,0.0001,0.576697587966919,0.4737125039100647,0.0948395869466993,0.3028661012649536,0.4679025411605835,1.495344638824463
10101,blood-transfusion-service-center,748,small,2,3,1,False,"(512, 256)",0.0001,0.1,0.001,0.5781155228614807,0.4789273142814636,0.0992211612065633,0.3082934617996216,0.4796542227268219,1.4906601905822754
10101,blood-transfusion-service-center,748,small,2,3,2,False,"(256, 128, 64)",0.0001,0.05,0.0001,0.5599051117897034,0.4782960116863251,0.0953629423512352,0.3066647946834564,0.4709832370281219,1.2696973085403442
10101,blood-transfusion-service-center,748,small,2,3,3,False,"(256, 128)",0.001,0.3,0.001,0.5843943357467651,0.4743319749832153,0.0908404201931423,0.3043713867664337,0.4701524972915649,1.5342715978622437
10101,blood-transfusion-service-center,748,small,2,3,4,False,"(256, 128)",0.0005,0.3,1e-05,0.5823293328285217,0.4794604480266571,0.0913463995191786,0.3089830577373504,0.4743288159370422,1.4965088367462158
10101,blood-transfusion-service-center,748,small,2,3,5,False,"(512, 256)",0.0005,0.05,0.001,0.5839318633079529,0.4736256003379822,0.0965931970543331,0.3038530349731445,0.4698319435119629,1.5434530973434448
10101,blood-transfusion-service-center,748,small,2,3,6,False,"(512, 256)",0.0001,0.0,0.001,0.5964562296867371,0.4840501844882965,0.0736288939581977,0.3115783035755157,0.4928582906723022,1.5996733903884888
10101,blood-transfusion-service-center,748,small,2,3,7,False,"(128, 64)",0.0005,0.3,0.001,0.5648856163024902,0.472972571849823,0.0738565724425845,0.3033992648124695,0.4675405919551849,1.4124072790145874
10101,blood-transfusion-service-center,748,small,2,3,8,False,"(64, 32)",0.0001,0.1,0.0001,0.5393795967102051,0.4880292117595672,0.088129717376497,0.3158012330532074,0.491823673248291,0.9279611706733704
10101,blood-transfusion-service-center,748,small,2,3,9,False,"(128, 64)",0.003,0.2,0.001,0.5775565505027771,0.4696470499038696,0.0775450792577531,0.2996185421943664,0.4675533473491668,1.530467867851257
10101,blood-transfusion-service-center,748,small,2,3,10,False,"(512, 256, 128)",0.0005,0.1,0.001,0.6155690550804138,0.4928657114505768,0.0977895253234439,0.3190336227416992,0.5120240449905396,1.68812358379364
10101,blood-transfusion-service-center,748,small,2,3,11,False,"(512, 256)",0.003,0.0,0.0001,0.6111451983451843,0.4728138148784637,0.0698295844925774,0.3032368123531341,0.4838153123855591,1.7074934244155884
10101,blood-transfusion-service-center,748,small,2,3,12,False,"(256, 128, 64)",0.001,0.3,0.0,0.6101948022842407,0.4911891222000122,0.1078924281067318,0.318105012178421,0.4944659471511841,1.660322189331055
10101,blood-transfusion-service-center,748,small,2,3,13,False,"(128, 64)",0.003,0.0,0.001,0.5945390462875366,0.4734977185726166,0.0754767824543847,0.3026914596557617,0.472251683473587,1.6075387001037598
10101,blood-transfusion-service-center,748,small,2,3,14,False,"(512, 256, 128)",0.0005,0.05,0.0,0.6089636087417603,0.4869977831840515,0.0957297462887234,0.3134555518627167,0.5027625560760498,1.6660200357437134
10101,blood-transfusion-service-center,748,small,2,4,0,True,"(256, 128)",0.001,0.1,0.0001,0.513278067111969,0.4902563989162445,0.0551980479558308,0.3184186816215515,0.490679919719696,1.0997775793075562
10101,blood-transfusion-service-center,748,small,2,4,1,False,"(512, 256)",0.0001,0.1,0.001,0.507685661315918,0.4827593863010406,0.0519018673896789,0.3116782903671264,0.4829753637313843,1.0841479301452637
10101,blood-transfusion-service-center,748,small,2,4,2,False,"(256, 128, 64)",0.0001,0.05,0.0001,0.521504819393158,0.497826337814331,0.0730623205502827,0.3241690993309021,0.4975702464580536,1.0447840690612793
10101,blood-transfusion-service-center,748,small,2,4,3,False,"(256, 128)",0.001,0.3,0.001,0.5135564208030701,0.4877805709838867,0.0618824255466461,0.3160514831542969,0.4879986047744751,1.103664755821228
10101,blood-transfusion-service-center,748,small,2,4,4,False,"(256, 128)",0.0005,0.3,1e-05,0.5113796591758728,0.4823671877384186,0.0336811994181739,0.3119278848171234,0.48583984375,1.175605058670044
10101,blood-transfusion-service-center,748,small,2,4,5,False,"(512, 256)",0.0005,0.05,0.001,0.5034523606300354,0.4959572255611419,0.0622411690817938,0.3208059668540954,0.4958455264568329,0.9790761470794678
10101,blood-transfusion-service-center,748,small,2,4,6,False,"(512, 256)",0.0001,0.0,0.001,0.5149406790733337,0.4882276952266693,0.0561231892638736,0.3162592947483063,0.4881706833839416,1.0960750579833984
10101,blood-transfusion-service-center,748,small,2,4,7,False,"(128, 64)",0.0005,0.3,0.001,0.5100849270820618,0.4814662635326385,0.0402789168887668,0.3099313378334045,0.4824112057685852,1.1242098808288574
10101,blood-transfusion-service-center,748,small,2,4,8,False,"(64, 32)",0.0001,0.1,0.0001,0.6217018365859985,0.6026752591133118,0.1028331873151991,0.4104717373847961,0.6051366329193115,0.8621887564659119
10101,blood-transfusion-service-center,748,small,2,4,9,False,"(128, 64)",0.003,0.2,0.001,0.5083768963813782,0.4910745620727539,0.0658909775151146,0.3168797791004181,0.4935448169708252,1.136330485343933
10101,blood-transfusion-service-center,748,small,2,4,10,False,"(512, 256, 128)",0.0005,0.1,0.001,0.505464494228363,0.4873424172401428,0.0480617761611938,0.3147188723087311,0.4873424768447876,0.9999902844429016
10101,blood-transfusion-service-center,748,small,2,4,11,False,"(512, 256)",0.003,0.0,0.0001,0.5109086632728577,0.4947462379932403,0.0609449905819363,0.3197244703769684,0.5009822845458984,1.187382459640503
10101,blood-transfusion-service-center,748,small,2,4,12,False,"(256, 128, 64)",0.001,0.3,0.0,0.5243955254554749,0.4953887462615967,0.0311667262183295,0.3223777115345001,0.5010775923728943,1.2236652374267578
10101,blood-transfusion-service-center,748,small,2,4,13,False,"(128, 64)",0.003,0.0,0.001,0.5110954642295837,0.4933052659034729,0.0752764639589521,0.319520503282547,0.4938142299652099,1.075431227684021
10101,blood-transfusion-service-center,748,small,2,4,14,False,"(512, 256, 128)",0.0005,0.05,0.0,0.508822500705719,0.4920629262924194,0.0636634449164072,0.3178250789642334,0.4920794665813446,1.0106920003890991
14952,PhishingWebsites,11055,large,2,3,0,True,"(256, 128)",0.001,0.1,0.0001,0.107529230415821,0.0964741185307502,0.0086041891465229,0.054293867200613,0.1002465561032295,1.2674380540847778
14952,PhishingWebsites,11055,large,2,3,1,False,"(512, 256)",0.0001,0.1,0.001,0.1024087369441986,0.0916341096162796,0.0062186012580062,0.0518725179135799,0.0936353132128715,1.211980938911438
14952,PhishingWebsites,11055,large,2,3,2,False,"(256, 128, 64)",0.0001,0.05,0.0001,0.1071808934211731,0.0964338630437851,0.0084813000407133,0.0531251952052116,0.0985294133424758,1.1873008012771606
14952,PhishingWebsites,11055,large,2,3,3,False,"(256, 128)",0.001,0.3,0.001,0.0944811552762985,0.0913612246513366,0.0076458825526617,0.0523626580834388,0.0967031642794609,1.2967556715011597
14952,PhishingWebsites,11055,large,2,3,4,False,"(256, 128)",0.0005,0.3,1e-05,0.0962961539626121,0.0965314358472824,0.0088144205516232,0.0555593706667423,0.100611999630928,1.2302124500274658
14952,PhishingWebsites,11055,large,2,3,5,False,"(512, 256)",0.0005,0.05,0.001,0.1059571802616119,0.0941269099712371,0.00734509338751,0.0528174638748168,0.0970605462789535,1.243699550628662
14952,PhishingWebsites,11055,large,2,3,6,False,"(512, 256)",0.0001,0.0,0.001,0.1117527037858963,0.0931134074926376,0.0052785746529686,0.0518393665552139,0.0962658897042274,1.2977412939071655
14952,PhishingWebsites,11055,large,2,3,7,False,"(128, 64)",0.0005,0.3,0.001,0.098295010626316,0.0931994616985321,0.0102899974150551,0.0531761609017849,0.09425700455904,1.1517268419265747
14952,PhishingWebsites,11055,large,2,3,8,False,"(64, 32)",0.0001,0.1,0.0001,0.1453494280576706,0.126730814576149,0.0114531196585324,0.0731768608093261,0.1284072548151016,0.9333997964859008
14952,PhishingWebsites,11055,large,2,3,9,False,"(128, 64)",0.003,0.2,0.001,0.1004708558320999,0.0882797315716743,0.0088659168889255,0.050526738166809,0.1000903099775314,1.549538493156433
14952,PhishingWebsites,11055,large,2,3,10,False,"(512, 256, 128)",0.0005,0.1,0.001,0.1050618886947631,0.0902711898088455,0.0069187738660699,0.0503363534808158,0.0994064062833786,1.4024463891983032
14952,PhishingWebsites,11055,large,2,3,11,False,"(512, 256)",0.003,0.0,0.0001,0.1151092946529388,0.0966027081012725,0.0066429076197638,0.0554043613374233,0.1063316762447357,1.4648202657699585
14952,PhishingWebsites,11055,large,2,3,12,False,"(256, 128, 64)",0.001,0.3,0.0,0.1006456092000007,0.0920605286955833,0.0075748153407164,0.0540372319519519,0.1004389002919197,1.3952447175979614
14952,PhishingWebsites,11055,large,2,3,13,False,"(128, 64)",0.003,0.0,0.001,0.1100132167339325,0.0931767895817756,0.0061813927462391,0.0537898391485214,0.1026531606912612,1.4586889743804932
14952,PhishingWebsites,11055,large,2,3,14,False,"(512, 256, 128)",0.0005,0.05,0.0,0.1062875241041183,0.0981694757938385,0.0065677036136303,0.0552148483693599,0.1003628820180893,1.1967254877090454
14952,PhishingWebsites,11055,large,2,4,0,True,"(256, 128)",0.001,0.1,0.0001,0.1040737032890319,0.0864039734005928,0.0056084286262596,0.0489144660532474,0.0988652408123016,1.5697021484375
14952,PhishingWebsites,11055,large,2,4,1,False,"(512, 256)",0.0001,0.1,0.001,0.0960525497794151,0.0872570797801017,0.0057950087501581,0.0497542805969715,0.0885121822357177,1.2016923427581787
14952,PhishingWebsites,11055,large,2,4,2,False,"(256, 128, 64)",0.0001,0.05,0.0001,0.0994756817817688,0.0913289040327072,0.0055829334650826,0.0508980676531791,0.0932172983884811,1.1983776092529297
14952,PhishingWebsites,11055,large,2,4,3,False,"(256, 128)",0.001,0.3,0.001,0.0954760015010833,0.0908652395009994,0.0096095962598459,0.0521721132099628,0.0971428900957107,1.3498646020889282
14952,PhishingWebsites,11055,large,2,4,4,False,"(256, 128)",0.0005,0.3,1e-05,0.0947210714221,0.0891990959644317,0.0073305395471551,0.0512876473367214,0.0928417742252349,1.2929649353027344
14952,PhishingWebsites,11055,large,2,4,5,False,"(512, 256)",0.0005,0.05,0.001,0.117022231221199,0.0851673856377601,0.0104198673273595,0.0478615574538707,0.1024003624916076,1.7229026556015017
14952,PhishingWebsites,11055,large,2,4,6,False,"(512, 256)",0.0001,0.0,0.001,0.1025118678808212,0.0900258719921112,0.0103481813970956,0.0504558198153972,0.0955780595541,1.3549624681472778
14952,PhishingWebsites,11055,large,2,4,7,False,"(128, 64)",0.0005,0.3,0.001,0.0960896536707878,0.0961242020130157,0.0071036034483688,0.0559366717934608,0.0966456606984138,1.1157292127609253
14952,PhishingWebsites,11055,large,2,4,8,False,"(64, 32)",0.0001,0.1,0.0001,0.1439191251993179,0.1372243165969848,0.0115976870446368,0.0826557502150535,0.1381683498620987,0.938261866569519
14952,PhishingWebsites,11055,large,2,4,9,False,"(128, 64)",0.003,0.2,0.001,0.1095967143774032,0.0887450501322746,0.011458099571339,0.0496784746646881,0.1040635257959365,1.7168997526168823
14952,PhishingWebsites,11055,large,2,4,10,False,"(512, 256, 128)",0.0005,0.1,0.001,0.0975380316376686,0.0905198082327842,0.0070713329832783,0.0489754639565944,0.1015579476952552,1.4292172193527222
14952,PhishingWebsites,11055,large,2,4,11,False,"(512, 256)",0.003,0.0,0.0001,0.1150366440415382,0.0934231430292129,0.0110603374592341,0.052931722253561,0.119786687195301,1.7982890605926514
14952,PhishingWebsites,11055,large,2,4,12,False,"(256, 128, 64)",0.001,0.3,0.0,0.1051850840449333,0.0898356735706329,0.0065517564911154,0.0498925894498825,0.0975255072116851,1.4445521831512451
14952,PhishingWebsites,11055,large,2,4,13,False,"(128, 64)",0.003,0.0,0.001,0.1051516905426979,0.0826050639152526,0.0097175318605666,0.0474157109856605,0.0928900986909866,1.5876057147979736
14952,PhishingWebsites,11055,large,2,4,14,False,"(512, 256, 128)",0.0005,0.05,0.0,0.1209745481610298,0.0934745818376541,0.0087711226521403,0.0502061322331428,0.1150679439306259,1.708979606628418
14954,cylinder-bands,540,small,2,3,0,True,"(256, 128)",0.001,0.1,0.0001,0.5793259143829346,0.4600118696689605,0.0627531217940059,0.3010057806968689,0.5098208785057068,1.821991205215454
14954,cylinder-bands,540,small,2,3,1,False,"(512, 256)",0.0001,0.1,0.001,0.4596534371376037,0.4545661509037018,0.0811600856207035,0.2943256795406341,0.4543372988700866,1.1802644729614258
14954,cylinder-bands,540,small,2,3,2,False,"(256, 128, 64)",0.0001,0.05,0.0001,0.4496662318706512,0.4756898283958435,0.0859622090686986,0.313934713602066,0.47630175948143,0.9391387701034546
14954,cylinder-bands,540,small,2,3,3,False,"(256, 128)",0.001,0.3,0.001,0.5233100652694702,0.4813389480113983,0.10533949530419,0.3157894611358642,0.4911060929298401,1.5282096862792969
14954,cylinder-bands,540,small,2,3,4,False,"(256, 128)",0.0005,0.3,1e-05,0.5100809931755066,0.4557634890079498,0.0634677283189914,0.2965907454490661,0.467892974615097,1.5300129652023315
14954,cylinder-bands,540,small,2,3,5,False,"(512, 256)",0.0005,0.05,0.001,0.555500864982605,0.4519170522689819,0.0527912372792208,0.2864731550216675,0.5260252356529236,1.8675999641418457
14954,cylinder-bands,540,small,2,3,6,False,"(512, 256)",0.0001,0.0,0.001,0.4612659513950348,0.4540309607982635,0.0712710966666539,0.2923648357391357,0.45443856716156,1.2097866535186768
14954,cylinder-bands,540,small,2,3,7,False,"(128, 64)",0.0005,0.3,0.001,0.4962942600250244,0.4856632649898529,0.0686775789952572,0.3209708631038666,0.4919757843017578,1.3202189207077026
14954,cylinder-bands,540,small,2,3,8,False,"(64, 32)",0.0001,0.1,0.0001,0.5681228041648865,0.5767013430595398,0.0846714316694824,0.3959070742130279,0.5823590755462646,0.6766204833984375
14954,cylinder-bands,540,small,2,3,9,False,"(128, 64)",0.003,0.2,0.001,0.5569503903388977,0.460981547832489,0.062880664879893,0.3065322637557983,0.4941232800483703,1.704204797744751
14954,cylinder-bands,540,small,2,3,10,False,"(512, 256, 128)",0.0005,0.1,0.001,0.6431072354316711,0.4819937944412231,0.1140751216882541,0.314589649438858,0.6198309659957886,2.0624260902404785
14954,cylinder-bands,540,small,2,3,11,False,"(512, 256)",0.003,0.0,0.0001,0.6117774248123169,0.4339569509029388,0.047714466114103,0.285641998052597,0.523095965385437,2.103736639022827
14954,cylinder-bands,540,small,2,3,12,False,"(256, 128, 64)",0.001,0.3,0.0,0.4880383312702179,0.45522341132164,0.0659315860197867,0.2962660491466522,0.4802475571632385,1.5166548490524292
14954,cylinder-bands,540,small,2,3,13,False,"(128, 64)",0.003,0.0,0.001,0.5650656819343567,0.4791246354579925,0.0630545281333687,0.3138127624988556,0.5411676168441772,1.7077945470809937
14954,cylinder-bands,540,small,2,3,14,False,"(512, 256, 128)",0.0005,0.05,0.0,0.5891770720481873,0.4832328855991363,0.0617783478012791,0.3102720081806183,0.6195196509361267,1.9564059972763064
14954,cylinder-bands,540,small,2,4,0,True,"(256, 128)",0.001,0.1,0.0001,0.4616693556308746,0.4250071346759796,0.0374177379740609,0.2805503010749817,0.4232816398143768,1.0438108444213867
14954,cylinder-bands,540,small,2,4,1,False,"(512, 256)",0.0001,0.1,0.001,0.4743915200233459,0.4027594327926636,0.0971958285864488,0.2579128444194793,0.3910909295082092,1.310797929763794
14954,cylinder-bands,540,small,2,4,2,False,"(256, 128, 64)",0.0001,0.05,0.0001,0.4648623168468475,0.445276528596878,0.0637524429662728,0.2930324375629425,0.4611986577510834,0.7589287757873535
14954,cylinder-bands,540,small,2,4,3,False,"(256, 128)",0.001,0.3,0.001,0.4861444234848022,0.3732887506484985,0.0764656072413479,0.2387361675500869,0.3660993874073028,1.5057445764541626
14954,cylinder-bands,540,small,2,4,4,False,"(256, 128)",0.0005,0.3,1e-05,0.4645314812660217,0.4029850661754608,0.0657082165097013,0.2610253691673279,0.3954484760761261,1.1644270420074463
14954,cylinder-bands,540,small,2,4,5,False,"(512, 256)",0.0005,0.05,0.001,0.4956412017345428,0.4050757884979248,0.068167213856438,0.259750097990036,0.4165885746479034,1.5458272695541382
14954,cylinder-bands,540,small,2,4,6,False,"(512, 256)",0.0001,0.0,0.001,0.4803036153316498,0.4341992139816284,0.0873286251300647,0.2799048125743866,0.4297720491886139,1.0827295780181885
14954,cylinder-bands,540,small,2,4,7,False,"(128, 64)",0.0005,0.3,0.001,0.5004317760467529,0.4687806367874145,0.1024802932400762,0.3100192248821258,0.4692963063716888,0.991320550441742
14954,cylinder-bands,540,small,2,4,8,False,"(64, 32)",0.0001,0.1,0.0001,0.5556516647338867,0.5599342584609985,0.0702924722874606,0.377899020910263,0.574520468711853,0.6534225344657898
14954,cylinder-bands,540,small,2,4,9,False,"(128, 64)",0.003,0.2,0.001,0.5167322754859924,0.4170860350131988,0.0683018537583174,0.2667864263057709,0.4281535446643829,1.522560477256775
14954,cylinder-bands,540,small,2,4,10,False,"(512, 256, 128)",0.0005,0.1,0.001,0.4553814232349396,0.3876091539859772,0.1008991330494115,0.2417040169239044,0.383714497089386,1.0466793775558472
14954,cylinder-bands,540,small,2,4,11,False,"(512, 256)",0.003,0.0,0.0001,0.4722700417041778,0.438538908958435,0.090744670342516,0.2860047519207001,0.4378989934921264,1.0211338996887207
14954,cylinder-bands,540,small,2,4,12,False,"(256, 128, 64)",0.001,0.3,0.0,0.4747821390628814,0.4340333938598633,0.0791675479691705,0.2820014059543609,0.4308981299400329,1.0749753713607788
14954,cylinder-bands,540,small,2,4,13,False,"(128, 64)",0.003,0.0,0.001,0.4942902326583862,0.4688698947429657,0.0969330405379518,0.3062679767608642,0.4682411253452301,1.0142672061920166
14954,cylinder-bands,540,small,2,4,14,False,"(512, 256, 128)",0.0005,0.05,0.0,0.4599915146827698,0.3713241517543793,0.0800791160192018,0.2303908020257949,0.3619926869869232,1.1058701276779177
14965,bank-marketing,45211,large,2,3,0,True,"(256, 128)",0.001,0.1,0.0001,0.2285352796316146,0.2262386381626129,0.0057617503036166,0.1385057270526886,0.227996751666069,1.1035908460617063
14965,bank-marketing,45211,large,2,3,1,False,"(512, 256)",0.0001,0.1,0.001,0.2291481494903564,0.2275885790586471,0.0046135789171559,0.1394294053316116,0.2286853641271591,1.0847235918045044
14965,bank-marketing,45211,large,2,3,2,False,"(256, 128, 64)",0.0001,0.05,0.0001,0.2247334420680999,0.2244131118059158,0.0051186824878417,0.1370453089475631,0.2245660126209259,1.0263820886611938
14965,bank-marketing,45211,large,2,3,3,False,"(256, 128)",0.001,0.3,0.001,0.2200403958559036,0.2202186435461044,0.0076333158748887,0.1352278292179107,0.220536932349205,1.0354276895523071
14965,bank-marketing,45211,large,2,3,4,False,"(256, 128)",0.0005,0.3,1e-05,0.2219014465808868,0.2227737158536911,0.0056041927469295,0.1361012607812881,0.2230673730373382,1.0319602489471436
14965,bank-marketing,45211,large,2,3,5,False,"(512, 256)",0.0005,0.05,0.001,0.22914719581604,0.229753315448761,0.0041373664597474,0.140730395913124,0.2303361594676971,1.0527064800262451
14965,bank-marketing,45211,large,2,3,6,False,"(512, 256)",0.0001,0.0,0.001,0.2349319756031036,0.2326985001564026,0.0059099448689964,0.1427458375692367,0.2357760816812515,1.1400971412658691
14965,bank-marketing,45211,large,2,3,7,False,"(128, 64)",0.0005,0.3,0.001,0.2220347225666046,0.22160604596138,0.0102289027024187,0.1355926543474197,0.2215971052646637,0.9754664301872252
14965,bank-marketing,45211,large,2,3,8,False,"(64, 32)",0.0001,0.1,0.0001,0.2278081476688385,0.228945106267929,0.0086867048643803,0.1395298838615417,0.2289819568395614,0.9718278646469116
14965,bank-marketing,45211,large,2,3,9,False,"(128, 64)",0.003,0.2,0.001,0.2200442850589752,0.2191880345344543,0.0089941367964523,0.1346599012613296,0.2197941392660141,1.0513461828231812
14965,bank-marketing,45211,large,2,3,10,False,"(512, 256, 128)",0.0005,0.1,0.001,0.2249913811683654,0.2255442589521408,0.0075661973977151,0.1381301879882812,0.2267078012228012,1.0774548053741455
14965,bank-marketing,45211,large,2,3,11,False,"(512, 256)",0.003,0.0,0.0001,0.2281953394412994,0.2251641154289245,0.0059804686479147,0.1375578343868255,0.2272373139858245,1.12108051776886
14965,bank-marketing,45211,large,2,3,12,False,"(256, 128, 64)",0.001,0.3,0.0,0.2225162982940673,0.2196821719408035,0.0072322509142813,0.1347090303897857,0.2232335954904556,1.162022829055786
14965,bank-marketing,45211,large,2,3,13,False,"(128, 64)",0.003,0.0,0.001,0.2334467619657516,0.2312394231557846,0.0079601825045987,0.1413071006536483,0.2320252805948257,1.0711562633514404
14965,bank-marketing,45211,large,2,3,14,False,"(512, 256, 128)",0.0005,0.05,0.0,0.2294287383556366,0.2293142229318618,0.0078872610739722,0.1403097808361053,0.2302396446466446,1.0718958377838137
14965,bank-marketing,45211,large,2,4,0,True,"(256, 128)",0.001,0.1,0.0001,0.2271217703819275,0.2232838720083236,0.0053305394958239,0.1378075182437896,0.2243763655424118,1.088450908660889
14965,bank-marketing,45211,large,2,4,1,False,"(512, 256)",0.0001,0.1,0.001,0.2264711856842041,0.2275217771530151,0.0044503560608111,0.1389614790678024,0.2274812906980514,0.98043292760849
14965,bank-marketing,45211,large,2,4,2,False,"(256, 128, 64)",0.0001,0.05,0.0001,0.2249385416507721,0.2243385165929794,0.005490901876293,0.1377162486314773,0.2244324386119842,1.0144269466400146
14965,bank-marketing,45211,large,2,4,3,False,"(256, 128)",0.001,0.3,0.001,0.2229888141155243,0.2176142185926437,0.0077738437524629,0.1347286999225616,0.2177837193012237,1.04585063457489
14965,bank-marketing,45211,large,2,4,4,False,"(256, 128)",0.0005,0.3,1e-05,0.2222040891647339,0.2197091281414032,0.002954445413784,0.1355186253786087,0.2197091579437255,1.0000205039978027
14965,bank-marketing,45211,large,2,4,5,False,"(512, 256)",0.0005,0.05,0.001,0.2278422862291336,0.2258100360631942,0.0055409383903871,0.1380829215049743,0.2273391932249069,1.097076416015625
14965,bank-marketing,45211,large,2,4,6,False,"(512, 256)",0.0001,0.0,0.001,0.2276458442211151,0.2284793406724929,0.0065354312875425,0.1398099362850189,0.2287980169057846,1.0325777530670166
14965,bank-marketing,45211,large,2,4,7,False,"(128, 64)",0.0005,0.3,0.001,0.22229565680027,0.2192594408988952,0.0043479168167678,0.1356793045997619,0.2194812446832656,0.9565923810005188
14965,bank-marketing,45211,large,2,4,8,False,"(64, 32)",0.0001,0.1,0.0001,0.2253064662218094,0.2279083579778671,0.0057339364615185,0.1391867846250534,0.2278461307287216,0.9783469438552856
14965,bank-marketing,45211,large,2,4,9,False,"(128, 64)",0.003,0.2,0.001,0.2228162884712219,0.2210771590471267,0.0040698451563288,0.1369858086109161,0.221244677901268,1.0307540893554688
14965,bank-marketing,45211,large,2,4,10,False,"(512, 256, 128)",0.0005,0.1,0.001,0.2294949442148208,0.2242414206266403,0.0057200315892487,0.1381080746650695,0.2259821444749832,1.117312788963318
14965,bank-marketing,45211,large,2,4,11,False,"(512, 256)",0.003,0.0,0.0001,0.2323287278413772,0.2275007218122482,0.0076013234987019,0.1394565403461456,0.2275400310754776,1.0274404287338257
14965,bank-marketing,45211,large,2,4,12,False,"(256, 128, 64)",0.001,0.3,0.0,0.2218210250139236,0.2197591662406921,0.0057573832093366,0.135654792189598,0.2197981625795364,1.0114675760269165
14965,bank-marketing,45211,large,2,4,13,False,"(128, 64)",0.003,0.0,0.001,0.2276063412427902,0.2217493951320648,0.0070623031604294,0.1365987658500671,0.2225234359502792,1.0882556438446045
14965,bank-marketing,45211,large,2,4,14,False,"(512, 256, 128)",0.0005,0.05,0.0,0.2345481216907501,0.2274380028247833,0.007103139487012,0.1398571282625198,0.2313841581344604,1.1789473295211792
14970,har,10299,large,6,3,0,True,"(256, 128)",0.001,0.1,0.0001,0.0585359372198581,0.0420911833643913,0.0047134100185243,0.0216865707188844,0.0434118919074535,1.257224202156067
14970,har,10299,large,6,3,1,False,"(512, 256)",0.0001,0.1,0.001,0.0511859022080898,0.0444609858095645,0.0042063793173499,0.0225091651082038,0.0445782616734504,0.9839910268783568
14970,har,10299,large,6,3,2,False,"(256, 128, 64)",0.0001,0.05,0.0001,0.0505530871450901,0.0376518405973911,0.005309708657581,0.0169160831719636,0.0386370085179805,0.9519866704940796
14970,har,10299,large,6,3,3,False,"(256, 128)",0.001,0.3,0.001,0.0561801865696907,0.0463852807879447,0.0039080434294966,0.0238985009491443,0.0492954477667808,1.2672072649002075
14970,har,10299,large,6,3,4,False,"(256, 128)",0.0005,0.3,1e-05,0.0539820194244384,0.0417149886488914,0.004316089184153,0.0211039967834949,0.0437923409044742,1.212589979171753
14970,har,10299,large,6,3,5,False,"(512, 256)",0.0005,0.05,0.001,0.056677334010601,0.0383671559393405,0.006349090185366,0.01756795309484,0.037494421005249,1.1653701066970823
14970,har,10299,large,6,3,6,False,"(512, 256)",0.0001,0.0,0.001,0.0474017523229122,0.039581935852766,0.0027263086542342,0.0187772549688816,0.0399409793317317,1.124638319015503
14970,har,10299,large,6,3,7,False,"(128, 64)",0.0005,0.3,0.001,0.0517616048455238,0.0425395220518112,0.0053646283820994,0.0209995862096548,0.0436190441250801,1.1675333976745603
14970,har,10299,large,6,3,8,False,"(64, 32)",0.0001,0.1,0.0001,0.0718066915869712,0.0471356138586998,0.007045388187984,0.0210724957287311,0.0660716518759727,0.7454754114151001
14970,har,10299,large,6,3,9,False,"(128, 64)",0.003,0.2,0.001,0.0695403441786766,0.0429831892251968,0.0045739734925112,0.0217361431568861,0.046990368515253,1.4546356201171875
14970,har,10299,large,6,3,10,False,"(512, 256, 128)",0.0005,0.1,0.001,0.0485445410013198,0.0442016012966632,0.0051198122233249,0.0216406434774398,0.0442016683518886,0.9999929070472716
14970,har,10299,large,6,3,11,False,"(512, 256)",0.003,0.0,0.0001,0.06258425116539,0.0500896573066711,0.0034841169576042,0.0262604355812072,0.0506775788962841,1.1942737102508545
14970,har,10299,large,6,3,12,False,"(256, 128, 64)",0.001,0.3,0.0,0.0555232502520084,0.0515898801386356,0.0064558140620058,0.0281378664076328,0.0521858222782611,1.1083379983901978
14970,har,10299,large,6,3,13,False,"(128, 64)",0.003,0.0,0.001,0.0645547658205032,0.0523371696472168,0.0048804072500432,0.025171959772706,0.0530485548079013,1.184565186500549
14970,har,10299,large,6,3,14,False,"(512, 256, 128)",0.0005,0.05,0.0,0.0526335276663303,0.0417299941182136,0.0047238436717431,0.0202974639832973,0.0418124422430992,1.1005444526672363
14970,har,10299,large,6,4,0,True,"(256, 128)",0.001,0.1,0.0001,0.0512292273342609,0.0475685894489288,0.0053202599479928,0.0257383454591035,0.0483981519937515,1.1178193092346191
14970,har,10299,large,6,4,1,False,"(512, 256)",0.0001,0.1,0.001,0.0453687272965908,0.0415801554918289,0.0037623384527403,0.0222613587975502,0.0415340512990951,1.023247480392456
14970,har,10299,large,6,4,2,False,"(256, 128, 64)",0.0001,0.05,0.0001,0.0404740385711193,0.0335985273122787,0.0033131043839609,0.0154088223353028,0.036267302930355,0.8695124387741089
14970,har,10299,large,6,4,3,False,"(256, 128)",0.001,0.3,0.001,0.0461565591394901,0.0437960065901279,0.0064234125768482,0.0242010429501533,0.0446271151304245,1.1593828201293943
14970,har,10299,large,6,4,4,False,"(256, 128)",0.0005,0.3,1e-05,0.0374039709568023,0.0305651053786277,0.0042666628040542,0.0170852541923522,0.0303747449070215,1.0907094478607178
14970,har,10299,large,6,4,5,False,"(512, 256)",0.0005,0.05,0.001,0.0448045693337917,0.0352282859385013,0.0056078974145516,0.01981021463871,0.0349910929799079,1.029523849487305
14970,har,10299,large,6,4,6,False,"(512, 256)",0.0001,0.0,0.001,0.0463399924337863,0.0374154336750507,0.0044041005828233,0.0202506072819232,0.0370790399610996,1.0632294416427612
14970,har,10299,large,6,4,7,False,"(128, 64)",0.0005,0.3,0.001,0.0371660329401493,0.0312569327652454,0.002604778086869,0.0171609465032815,0.0312525555491447,1.1005325317382812
14970,har,10299,large,6,4,8,False,"(64, 32)",0.0001,0.1,0.0001,0.0662823989987373,0.0348924808204174,0.0091113080291686,0.0189876146614551,0.0595863536000251,0.7049822211265564
14970,har,10299,large,6,4,9,False,"(128, 64)",0.003,0.2,0.001,0.0407147966325283,0.0312167853116989,0.004904866623647,0.017502250149846,0.0332651995122432,1.4553265571594238
14970,har,10299,large,6,4,10,False,"(512, 256, 128)",0.0005,0.1,0.001,0.0421984046697616,0.0445561818778514,0.0076669817796417,0.0239183772355318,0.0447785072028636,1.0602233409881592
14970,har,10299,large,6,4,11,False,"(512, 256)",0.003,0.0,0.0001,0.0486518964171409,0.0387492217123508,0.0043295783903992,0.022289490327239,0.0404805354773998,1.315862059593201
14970,har,10299,large,6,4,12,False,"(256, 128, 64)",0.001,0.3,0.0,0.063807912170887,0.0489133261144161,0.010073598158398,0.0287016127258539,0.0503971353173255,1.2645139694213867
14970,har,10299,large,6,4,13,False,"(128, 64)",0.003,0.0,0.001,0.069249004125595,0.0479788556694984,0.0079941099997862,0.0275512598454952,0.0486548766493797,1.2869547605514526
14970,har,10299,large,6,4,14,False,"(512, 256, 128)",0.0005,0.05,0.0,0.0568423718214035,0.0499401316046714,0.0067816154181378,0.026446184143424,0.0525615364313125,1.2196495532989502
146195,connect-4,67557,large,3,3,0,True,"(256, 128)",0.001,0.1,0.0001,0.4611037373542785,0.4586417973041534,0.0089557814055795,0.2544849812984466,0.4603575766086578,1.0857383012771606
146195,connect-4,67557,large,3,3,1,False,"(512, 256)",0.0001,0.1,0.001,0.4778543710708618,0.483818918466568,0.0115829074443951,0.2690602540969848,0.4841084778308868,1.0238929986953735
146195,connect-4,67557,large,3,3,2,False,"(256, 128, 64)",0.0001,0.05,0.0001,0.4944458603858948,0.490088015794754,0.0093749431488498,0.2738961577415466,0.4907076954841614,1.0611995458602903
146195,connect-4,67557,large,3,3,3,False,"(256, 128)",0.001,0.3,0.001,0.4444304704666137,0.4423270225524902,0.0073269363430234,0.2458396852016449,0.4452767670154571,0.8945821523666382
146195,connect-4,67557,large,3,3,4,False,"(256, 128)",0.0005,0.3,1e-05,0.4647631645202636,0.4630757868289947,0.0117180760385946,0.2587405741214752,0.468002438545227,0.8632555603981018
146195,connect-4,67557,large,3,3,5,False,"(512, 256)",0.0005,0.05,0.001,0.4845391511917114,0.4749897122383117,0.0092574597251986,0.2646134197711944,0.4855118989944458,1.215768814086914
146195,connect-4,67557,large,3,3,6,False,"(512, 256)",0.0001,0.0,0.001,0.5181732773780823,0.5126195549964905,0.012185772085051,0.2838682234287262,0.525915801525116,1.2191764116287231
146195,connect-4,67557,large,3,3,7,False,"(128, 64)",0.0005,0.3,0.001,0.5230397582054138,0.5138263702392578,0.0112651524944361,0.2885034382343292,0.5246879458427429,0.8134593963623047
146195,connect-4,67557,large,3,3,8,False,"(64, 32)",0.0001,0.1,0.0001,0.6054123044013977,0.602782130241394,0.0189964372553673,0.3411514461040497,0.607935905456543,0.8687587976455688
146195,connect-4,67557,large,3,3,9,False,"(128, 64)",0.003,0.2,0.001,0.4589710533618927,0.4552885591983795,0.0120916561546505,0.2529978454113006,0.4587076306343078,0.8929244875907898
146195,connect-4,67557,large,3,3,10,False,"(512, 256, 128)",0.0005,0.1,0.001,0.4673477113246918,0.456929475069046,0.0086684780136906,0.255060613155365,0.464774876832962,1.1969828605651855
146195,connect-4,67557,large,3,3,11,False,"(512, 256)",0.003,0.0,0.0001,0.4809217154979706,0.4795781075954437,0.0142776465250386,0.2662340104579925,0.4896031320095062,1.1926136016845703
146195,connect-4,67557,large,3,3,12,False,"(256, 128, 64)",0.001,0.3,0.0,0.4466542899608612,0.4429492354393005,0.0090737920566931,0.2470278143882751,0.442885547876358,1.028288722038269
146195,connect-4,67557,large,3,3,13,False,"(128, 64)",0.003,0.0,0.001,0.4857368767261505,0.4823388457298279,0.0094566766524811,0.268962413072586,0.4874982237815857,1.143397569656372
146195,connect-4,67557,large,3,3,14,False,"(512, 256, 128)",0.0005,0.05,0.0,0.4785652458667755,0.4721380770206451,0.0079820584855019,0.2634766697883606,0.4786057472229004,1.1680570840835571
146195,connect-4,67557,large,3,4,0,True,"(256, 128)",0.001,0.1,0.0001,0.4583724737167358,0.4574362337589264,0.0075122377465221,0.2510349452495575,0.4607511162757873,1.1090281009674072
146195,connect-4,67557,large,3,4,1,False,"(512, 256)",0.0001,0.1,0.001,0.4809432029724121,0.4790173470973968,0.0130312036791272,0.2643191814422607,0.4790929555892944,1.0153700113296509
146195,connect-4,67557,large,3,4,2,False,"(256, 128, 64)",0.0001,0.05,0.0001,0.4903057217597961,0.4870364665985107,0.0090302461723333,0.2694500386714935,0.4877061545848846,1.0490152835845947
146195,connect-4,67557,large,3,4,3,False,"(256, 128)",0.001,0.3,0.001,0.4444819986820221,0.4511162340641022,0.0064020358586255,0.2484273165464401,0.4526423513889313,0.9001714587211609
146195,connect-4,67557,large,3,4,4,False,"(256, 128)",0.0005,0.3,1e-05,0.4620377421379089,0.4636456668376922,0.0123612214499602,0.2552018165588379,0.4661445319652557,0.890399694442749
146195,connect-4,67557,large,3,4,5,False,"(512, 256)",0.0005,0.05,0.001,0.4832339882850647,0.4675782322883606,0.0111108615572445,0.2576662302017212,0.479358047246933,1.2293920516967771
146195,connect-4,67557,large,3,4,6,False,"(512, 256)",0.0001,0.0,0.001,0.5212669968605042,0.5142629742622375,0.0093742514785304,0.2850679755210876,0.515031099319458,1.055145263671875
146195,connect-4,67557,large,3,4,7,False,"(128, 64)",0.0005,0.3,0.001,0.5216655135154724,0.5124642848968506,0.0137380496732036,0.2837108969688415,0.5213449001312256,0.8253471851348877
146195,connect-4,67557,large,3,4,8,False,"(64, 32)",0.0001,0.1,0.0001,0.6082896590232849,0.5967615246772766,0.0123280503836542,0.3336661458015442,0.6007287502288818,0.8982663154602051
146195,connect-4,67557,large,3,4,9,False,"(128, 64)",0.003,0.2,0.001,0.4711065888404846,0.4736131131649017,0.0068824578084688,0.2613706290721893,0.4771847128868103,0.8685398101806641
146195,connect-4,67557,large,3,4,10,False,"(512, 256, 128)",0.0005,0.1,0.001,0.4722201228141784,0.4695383012294769,0.0101387747093808,0.2583668529987335,0.4731023907661438,1.1179243326187134
146195,connect-4,67557,large,3,4,11,False,"(512, 256)",0.003,0.0,0.0001,0.4942308664321899,0.4750201106071472,0.0095204838378991,0.2615622878074646,0.4939717352390289,1.2882113456726074
146195,connect-4,67557,large,3,4,12,False,"(256, 128, 64)",0.001,0.3,0.0,0.4386448264122009,0.4416465163230896,0.0085182566190579,0.2435731440782547,0.4416369795799255,0.9978544116020204
146195,connect-4,67557,large,3,4,13,False,"(128, 64)",0.003,0.0,0.001,0.4850645661354065,0.4852050244808197,0.008195979064483,0.268654853105545,0.4942146837711334,1.168240666389465
146195,connect-4,67557,large,3,4,14,False,"(512, 256, 128)",0.0005,0.05,0.0,0.4814904630184173,0.4785282015800476,0.005529742386506,0.2647533714771271,0.4870223999023437,1.1765871047973633
146800,MiceProtein,1080,medium,8,3,0,True,"(256, 128)",0.001,0.1,0.0001,0.0165767110884189,0.005183492321521,0.0039035411620581,0.0021906411275267,0.00951858330518,0.7909195423126221
146800,MiceProtein,1080,medium,8,3,1,False,"(512, 256)",0.0001,0.1,0.001,0.0801179334521293,0.0133777149021625,0.0071846063214319,0.0045885276049375,0.0684180632233619,0.5459299683570862
146800,MiceProtein,1080,medium,8,3,2,False,"(256, 128, 64)",0.0001,0.05,0.0001,0.3674561083316803,0.0263506136834621,0.024487447499493,0.0043132407590746,0.3429669141769409,0.4294323027133941
146800,MiceProtein,1080,medium,8,3,3,False,"(256, 128)",0.001,0.3,0.001,0.0197773557156324,0.0092493537813425,0.0042412419010091,0.0050300513394176,0.0147222364321351,0.7442952990531921
146800,MiceProtein,1080,medium,8,3,4,False,"(256, 128)",0.0005,0.3,1e-05,0.0284013841301202,0.0092398058623075,0.0050091420610745,0.0046769590117037,0.0207971017807722,0.7072286605834961
146800,MiceProtein,1080,medium,8,3,5,False,"(512, 256)",0.0005,0.05,0.001,0.0118069294840097,0.0094441948458552,0.0033255870695467,0.0055831293575465,0.0135659612715244,0.6051213145256042
146800,MiceProtein,1080,medium,8,3,6,False,"(512, 256)",0.0001,0.0,0.001,0.0711923763155937,0.0098096430301666,0.0074295066297054,0.0032374500297009,0.059238027781248,0.5455306172370911
146800,MiceProtein,1080,medium,8,3,7,False,"(128, 64)",0.0005,0.3,0.001,0.0860360562801361,0.0144637068733572,0.0130923486050264,0.0035019856877624,0.0709870755672454,0.6197730302810669
146800,MiceProtein,1080,medium,8,3,8,False,"(64, 32)",0.0001,0.1,0.0001,1.255881667137146,0.4876703023910522,0.0565828937623236,0.2380423694849014,1.237243890762329,0.1691439151763916
146800,MiceProtein,1080,medium,8,3,9,False,"(128, 64)",0.003,0.2,0.001,0.0123531175777316,0.0004511926963459,0.000443160533905,2.581788066891022e-05,0.0041411030106246,0.5950489640235901
146800,MiceProtein,1080,medium,8,3,10,False,"(512, 256, 128)",0.0005,0.1,0.001,0.021402271464467,0.0021704542450606,0.0020968741104926,0.0001761785970302,0.0086547946557402,0.7659511566162109
146800,MiceProtein,1080,medium,8,3,11,False,"(512, 256)",0.003,0.0,0.0001,0.0068402891047298,0.0197292324155569,0.0042417822060761,0.0087284678593277,0.0157166812568902,0.6165124773979187
146800,MiceProtein,1080,medium,8,3,12,False,"(256, 128, 64)",0.001,0.3,0.0,0.0115592461079359,0.0010441178455948,0.0009691880808936,0.0001632475468795,0.0071397982537746,0.6618784070014954
146800,MiceProtein,1080,medium,8,3,13,False,"(128, 64)",0.003,0.0,0.001,0.01503586769104,0.0038109996821731,0.0033052285880218,0.001323047443293,0.0073535917326807,0.7800748944282532
146800,MiceProtein,1080,medium,8,3,14,False,"(512, 256, 128)",0.0005,0.05,0.0,0.0231796074658632,0.0019973251037299,0.0019404863317807,0.0001368678931612,0.0087308837100863,0.7653977274894714
146800,MiceProtein,1080,medium,8,4,0,True,"(256, 128)",0.001,0.1,0.0001,0.0282047111541032,0.0045975814573466,0.0044508244336387,0.0004729497886728,0.0091557977721095,0.8614886999130249
146800,MiceProtein,1080,medium,8,4,1,False,"(512, 256)",0.0001,0.1,0.001,0.0748384147882461,0.0131751764565706,0.0106573259388958,0.0041060508228838,0.0657560229301452,0.6042538285255432
146800,MiceProtein,1080,medium,8,4,2,False,"(256, 128, 64)",0.0001,0.05,0.0001,0.3189871311187744,0.0253519173711538,0.0236386669638716,0.0039537665434181,0.3015390634536743,0.4623498320579529
146800,MiceProtein,1080,medium,8,4,3,False,"(256, 128)",0.001,0.3,0.001,0.0274318289011716,0.0049729216843843,0.0048151761293411,0.0005236920551396,0.0112697249278426,0.82981938123703
146800,MiceProtein,1080,medium,8,4,4,False,"(256, 128)",0.0005,0.3,1e-05,0.0414307676255703,0.0083543490618467,0.0078847739431593,0.0014029153389856,0.0212108828127384,0.7942178845405579
146800,MiceProtein,1080,medium,8,4,5,False,"(512, 256)",0.0005,0.05,0.001,0.0183410793542861,0.0028567367698997,0.0022992729036896,0.0013371416134759,0.0097691109403967,0.6287305951118469
146800,MiceProtein,1080,medium,8,4,6,False,"(512, 256)",0.0001,0.0,0.001,0.0681477561593055,0.0115131819620728,0.0091317750421571,0.0036694747395813,0.0589487478137016,0.6064581871032715
146800,MiceProtein,1080,medium,8,4,7,False,"(128, 64)",0.0005,0.3,0.001,0.0833217799663543,0.0143530610948801,0.013428763842877,0.0027158041484653,0.0671475529670715,0.6410379409790039
146800,MiceProtein,1080,medium,8,4,8,False,"(64, 32)",0.0001,0.1,0.0001,1.2645858526229858,0.5233230590820312,0.0624253850108311,0.2706730365753174,1.24989914894104,0.1459726244211197
146800,MiceProtein,1080,medium,8,4,9,False,"(128, 64)",0.003,0.2,0.001,0.0250613428652286,0.002840829314664,0.0027935240003797,0.0001510903966845,0.0027838279493153,1.0037925243377686
146800,MiceProtein,1080,medium,8,4,10,False,"(512, 256, 128)",0.0005,0.1,0.001,0.0158220194280147,0.001075061969459,0.0010237257789682,0.0001454937446396,0.0099774543195962,0.6248683333396912
146800,MiceProtein,1080,medium,8,4,11,False,"(512, 256)",0.003,0.0,0.0001,0.0175165403634309,0.0039531108923256,0.0035760517657538,0.0011720806360244,0.0076383431442081,0.7910845279693604
146800,MiceProtein,1080,medium,8,4,12,False,"(256, 128, 64)",0.001,0.3,0.0,0.0276932884007692,0.0026443938259035,0.0026279075278176,4.492890366236679e-05,0.0115793664008378,0.7859252691268921
146800,MiceProtein,1080,medium,8,4,13,False,"(128, 64)",0.003,0.0,0.001,0.0116220228374004,0.0007455418817698,0.0007246046522517,7.04399571986869e-05,0.0059021646156907,0.5859033465385437
146800,MiceProtein,1080,medium,8,4,14,False,"(512, 256, 128)",0.0005,0.05,0.0,0.0162636786699295,0.0010845694923773,0.0010560357276304,8.170828368747607e-05,0.0115148890763521,0.6264996528625488
146819,climate-model-simulation-crashes,540,small,2,3,0,True,"(256, 128)",0.001,0.1,0.0001,0.1767766028642654,0.166625440120697,0.051606481090004,0.1054527834057807,0.1666124910116195,1.1021536588668823
146819,climate-model-simulation-crashes,540,small,2,3,1,False,"(512, 256)",0.0001,0.1,0.001,0.1741516292095184,0.1578166782855987,0.0532839973399668,0.1020076721906662,0.1810934692621231,0.6819528341293335
146819,climate-model-simulation-crashes,540,small,2,3,2,False,"(256, 128, 64)",0.0001,0.05,0.0001,0.3075157403945923,0.2038216590881347,0.0604318338043895,0.1310091167688369,0.3178848326206207,0.3765006959438324
146819,climate-model-simulation-crashes,540,small,2,3,3,False,"(256, 128)",0.001,0.3,0.001,0.1645195037126541,0.1641832441091537,0.0537025188958203,0.1064246743917465,0.165534034371376,0.926033079624176
146819,climate-model-simulation-crashes,540,small,2,3,4,False,"(256, 128)",0.0005,0.3,1e-05,0.1769524812698364,0.1456857025623321,0.0557000083319934,0.0901648476719856,0.1686536818742752,0.7101529240608215
146819,climate-model-simulation-crashes,540,small,2,3,5,False,"(512, 256)",0.0005,0.05,0.001,0.1586936563253402,0.1409103870391845,0.0459851184744893,0.0929006710648536,0.163798451423645,0.6876443028450012
146819,climate-model-simulation-crashes,540,small,2,3,6,False,"(512, 256)",0.0001,0.0,0.001,0.1788906753063202,0.1666787415742874,0.0624361111793988,0.1047988086938858,0.1912536770105362,0.6842739582061768
146819,climate-model-simulation-crashes,540,small,2,3,7,False,"(128, 64)",0.0005,0.3,0.001,0.2089207619428634,0.1510509550571441,0.0405126140441423,0.0893632918596267,0.1827267259359359,0.7081533670425415
146819,climate-model-simulation-crashes,540,small,2,3,8,False,"(64, 32)",0.0001,0.1,0.0001,0.3674376010894775,0.227592259645462,0.0435903670243274,0.1280367225408554,0.3550867438316345,0.4233066737651825
146819,climate-model-simulation-crashes,540,small,2,3,9,False,"(128, 64)",0.003,0.2,0.001,0.2128288894891739,0.1668836921453476,0.0531953867570853,0.1033504605293273,0.1709108054637909,1.2932873964309692
146819,climate-model-simulation-crashes,540,small,2,3,10,False,"(512, 256, 128)",0.0005,0.1,0.001,0.1530305594205856,0.1593436598777771,0.0447598999297177,0.103061705827713,0.159572884440422,0.9780882000923156
146819,climate-model-simulation-crashes,540,small,2,3,11,False,"(512, 256)",0.003,0.0,0.0001,0.1589211821556091,0.2161024063825607,0.0437494755527119,0.1308368593454361,0.2182752937078476,1.0527052879333496
146819,climate-model-simulation-crashes,540,small,2,3,12,False,"(256, 128, 64)",0.001,0.3,0.0,0.1839010864496231,0.1795976608991623,0.0494339914969456,0.1088431999087333,0.1797810792922973,0.951988935470581
146819,climate-model-simulation-crashes,540,small,2,3,13,False,"(128, 64)",0.003,0.0,0.001,0.254783034324646,0.1775796562433242,0.0404095879675429,0.1127771735191345,0.199635773897171,1.5826553106307983
146819,climate-model-simulation-crashes,540,small,2,3,14,False,"(512, 256, 128)",0.0005,0.05,0.0,0.1549992710351944,0.1765061020851135,0.0480702537813304,0.116351842880249,0.1763630807399749,0.9816684126853944
146819,climate-model-simulation-crashes,540,small,2,4,0,True,"(256, 128)",0.001,0.1,0.0001,0.1747295707464218,0.0953464359045028,0.0698148330420623,0.0494965277612209,0.0805353969335556,1.2998487949371338
146819,climate-model-simulation-crashes,540,small,2,4,1,False,"(512, 256)",0.0001,0.1,0.001,0.1711125522851944,0.1113784983754158,0.0639330170772693,0.0572598539292812,0.1469161212444305,0.7426717281341553
146819,climate-model-simulation-crashes,540,small,2,4,2,False,"(256, 128, 64)",0.0001,0.05,0.0001,0.3201273679733276,0.1370540410280227,0.0525887135738208,0.0761684477329254,0.3087163865566253,0.3559210300445556
146819,climate-model-simulation-crashes,540,small,2,4,3,False,"(256, 128)",0.001,0.3,0.001,0.1837314516305923,0.1058611795306205,0.0716874124827208,0.0510622449219226,0.0922146216034889,1.164445161819458
146819,climate-model-simulation-crashes,540,small,2,4,4,False,"(256, 128)",0.0005,0.3,1e-05,0.1704229265451431,0.0976365059614181,0.0680593125246189,0.0463498868048191,0.09360933303833,1.043278455734253
146819,climate-model-simulation-crashes,540,small,2,4,5,False,"(512, 256)",0.0005,0.05,0.001,0.1673106253147125,0.1039433404803276,0.0591330734300024,0.0545249246060848,0.0940491184592247,1.1511298418045044
146819,climate-model-simulation-crashes,540,small,2,4,6,False,"(512, 256)",0.0001,0.0,0.001,0.171848177909851,0.1115063801407814,0.0698932057913438,0.0562800653278827,0.1339310854673385,0.8223798871040344
146819,climate-model-simulation-crashes,540,small,2,4,7,False,"(128, 64)",0.0005,0.3,0.001,0.1683391630649566,0.1157453134655952,0.0480626598920351,0.0636535361409187,0.1423816233873367,0.7653625011444092
146819,climate-model-simulation-crashes,540,small,2,4,8,False,"(64, 32)",0.0001,0.1,0.0001,0.7553309798240662,0.7024618983268738,0.3761148872198882,0.509313702583313,0.7580277919769287,6.604752063751221
146819,climate-model-simulation-crashes,540,small,2,4,9,False,"(128, 64)",0.003,0.2,0.001,0.1802210956811905,0.0902662277221679,0.051126726615576,0.0450763516128063,0.0710392668843269,1.445765495300293
146819,climate-model-simulation-crashes,540,small,2,4,10,False,"(512, 256, 128)",0.0005,0.1,0.001,0.1791350990533828,0.1115066409111023,0.0486859285537107,0.0604597143828868,0.1077405884861946,1.0599045753479004
146819,climate-model-simulation-crashes,540,small,2,4,11,False,"(512, 256)",0.003,0.0,0.0001,0.1897821724414825,0.1410050243139267,0.0410105012081287,0.085314892232418,0.1535872519016266,1.6964521408081057
146819,climate-model-simulation-crashes,540,small,2,4,12,False,"(256, 128, 64)",0.001,0.3,0.0,0.1776958107948303,0.0847583934664726,0.0473835887732329,0.0395751968026161,0.0863419696688652,0.9829866290092468
146819,climate-model-simulation-crashes,540,small,2,4,13,False,"(128, 64)",0.003,0.0,0.001,0.2159395515918731,0.0945061966776847,0.0422564583060182,0.0493343584239482,0.0764920264482498,1.705923080444336
146819,climate-model-simulation-crashes,540,small,2,4,14,False,"(512, 256, 128)",0.0005,0.05,0.0,0.1725566685199737,0.114748865365982,0.0422771512358276,0.0623693019151687,0.1147476807236671,1.0000193119049072
146820,wilt,4839,medium,2,3,0,True,"(256, 128)",0.001,0.1,0.0001,0.034276433289051,0.0412617549300193,0.0059360634566338,0.0213568359613418,0.04236576333642,0.7512222528457642
146820,wilt,4839,medium,2,3,1,False,"(512, 256)",0.0001,0.1,0.001,0.0387682355940341,0.0442548692226409,0.0073036643017094,0.0227172411978244,0.0465979650616645,0.734940767288208
146820,wilt,4839,medium,2,3,2,False,"(256, 128, 64)",0.0001,0.05,0.0001,0.0430152751505374,0.040632277727127,0.006810627651937,0.0214701313525438,0.0499298721551895,0.6816639304161072
146820,wilt,4839,medium,2,3,3,False,"(256, 128)",0.001,0.3,0.001,0.0312071796506643,0.0408682264387607,0.0044730021194978,0.02042200230062,0.0404177941381931,0.8262678980827332
146820,wilt,4839,medium,2,3,4,False,"(256, 128)",0.0005,0.3,1e-05,0.0345164276659488,0.0394684262573719,0.0046433640371997,0.0196196697652339,0.0404885113239288,0.796989917755127
146820,wilt,4839,medium,2,3,5,False,"(512, 256)",0.0005,0.05,0.001,0.0358319468796253,0.0455259047448635,0.0037128033511566,0.022283224388957,0.0450056567788124,0.875336766242981
146820,wilt,4839,medium,2,3,6,False,"(512, 256)",0.0001,0.0,0.001,0.0351414531469345,0.0424421466886997,0.0056664373099639,0.0217734295874834,0.0425738506019115,0.8441864848136902
146820,wilt,4839,medium,2,3,7,False,"(128, 64)",0.0005,0.3,0.001,0.0360779911279678,0.0386010706424713,0.0066026495179525,0.0197864715009927,0.0414294488728046,0.7329310774803162
146820,wilt,4839,medium,2,3,8,False,"(64, 32)",0.0001,0.1,0.0001,0.1635766923427581,0.0922873765230178,0.0399752136925363,0.0551159009337425,0.1644808799028396,0.5184634327888489
146820,wilt,4839,medium,2,3,9,False,"(128, 64)",0.003,0.2,0.001,0.0327900275588035,0.0393720082938671,0.0051795660464231,0.0190801098942756,0.0393797494471073,0.8935715556144714
146820,wilt,4839,medium,2,3,10,False,"(512, 256, 128)",0.0005,0.1,0.001,0.0335413068532943,0.0408945232629776,0.0053042878214649,0.0204754788428545,0.0405934229493141,0.911708652973175
146820,wilt,4839,medium,2,3,11,False,"(512, 256)",0.003,0.0,0.0001,0.0336605571210384,0.0421836227178573,0.004624758377548,0.0215189848095178,0.042065966874361,0.8935673236846924
146820,wilt,4839,medium,2,3,12,False,"(256, 128, 64)",0.001,0.3,0.0,0.031033381819725,0.0394879654049873,0.0044631120997683,0.0204682108014822,0.0391018763184547,0.8508583903312683
146820,wilt,4839,medium,2,3,13,False,"(128, 64)",0.003,0.0,0.001,0.0314407758414745,0.0426157526671886,0.0059170002738634,0.0205696318298578,0.0420068725943565,0.9228894710540771
146820,wilt,4839,medium,2,3,14,False,"(512, 256, 128)",0.0005,0.05,0.0,0.0346014648675918,0.0423767007887363,0.0043317418206821,0.0209149327129125,0.0420381911098957,0.9468052387237548
146820,wilt,4839,medium,2,4,0,True,"(256, 128)",0.001,0.1,0.0001,0.0496106520295143,0.0496410690248012,0.0042877601197928,0.0289504583925008,0.0515654385089874,1.2582857608795166
146820,wilt,4839,medium,2,4,1,False,"(512, 256)",0.0001,0.1,0.001,0.0478667095303535,0.0466157384216785,0.0096241870571758,0.0270108990371227,0.0466148741543293,1.0001190900802612
146820,wilt,4839,medium,2,4,2,False,"(256, 128, 64)",0.0001,0.05,0.0001,0.0547478012740612,0.0504087507724761,0.0090781981459005,0.0277207233011722,0.0570920594036579,0.8007016777992249
146820,wilt,4839,medium,2,4,3,False,"(256, 128)",0.001,0.3,0.001,0.0438098646700382,0.045494757592678,0.0071158901103271,0.0262148771435022,0.0458330176770687,1.146817922592163
146820,wilt,4839,medium,2,4,4,False,"(256, 128)",0.0005,0.3,1e-05,0.0465796403586864,0.0463530719280242,0.0100436961026887,0.0270936638116836,0.0462925732135772,1.125995635986328
146820,wilt,4839,medium,2,4,5,False,"(512, 256)",0.0005,0.05,0.001,0.052186194807291,0.0534944832324981,0.0065121048491848,0.0303672514855861,0.0558002740144729,1.2043287754058838
146820,wilt,4839,medium,2,4,6,False,"(512, 256)",0.0001,0.0,0.001,0.0478454157710075,0.0486556552350521,0.0075608439558793,0.0279392357915639,0.0486320219933986,1.0757837295532229
146820,wilt,4839,medium,2,4,7,False,"(128, 64)",0.0005,0.3,0.001,0.0430445820093154,0.0463305562734603,0.0094659446274281,0.0268003046512603,0.0463364981114864,0.997831404209137
146820,wilt,4839,medium,2,4,8,False,"(64, 32)",0.0001,0.1,0.0001,0.1476139426231384,0.0881785303354263,0.0191955976701308,0.052118957042694,0.1487674266099929,0.5155724287033081
146820,wilt,4839,medium,2,4,9,False,"(128, 64)",0.003,0.2,0.001,0.048002503812313,0.0476410686969757,0.0050428655439828,0.0279805622994899,0.0478890314698219,1.1295675039291382
146820,wilt,4839,medium,2,4,10,False,"(512, 256, 128)",0.0005,0.1,0.001,0.0504024662077426,0.052979189902544,0.0078043776151234,0.0289046615362167,0.0551112927496433,1.2105787992477417
146820,wilt,4839,medium,2,4,11,False,"(512, 256)",0.003,0.0,0.0001,0.048165887594223,0.0472496598958969,0.0070439920486169,0.0278788413852453,0.0476954840123653,1.1847739219665527
146820,wilt,4839,medium,2,4,12,False,"(256, 128, 64)",0.001,0.3,0.0,0.0462499260902404,0.0465545803308486,0.0101567918111469,0.0263771694153547,0.0464748591184616,1.0890071392059326
146820,wilt,4839,medium,2,4,13,False,"(128, 64)",0.003,0.0,0.001,0.0501240193843841,0.0494025871157646,0.0064092654293562,0.0288252681493759,0.0549638606607914,1.4166845083236694
146820,wilt,4839,medium,2,4,14,False,"(512, 256, 128)",0.0005,0.05,0.0,0.0524371899664402,0.0515934117138385,0.0059430860290842,0.0282190572470426,0.0514676794409751,1.0758802890777588
146821,car,1728,medium,4,3,0,True,"(256, 128)",0.001,0.1,0.0001,0.0476786941289901,0.0471037290990352,0.0128629246084217,0.0298493057489395,0.0643554925918579,0.4451252520084381
146821,car,1728,medium,4,3,1,False,"(512, 256)",0.0001,0.1,0.001,0.2129921168088913,0.1427158564329147,0.0211950015125936,0.0843794643878936,0.2158670425415039,0.4801073372364044
146821,car,1728,medium,4,3,2,False,"(256, 128, 64)",0.0001,0.05,0.0001,0.3310788869857788,0.2006434351205825,0.0192351512941092,0.1166137531399726,0.3354567289352417,0.4754821956157684
146821,car,1728,medium,4,3,3,False,"(256, 128)",0.001,0.3,0.001,0.0846866816282272,0.0560795292258262,0.0151360787178509,0.0336032100021839,0.0938708111643791,0.4071158766746521
146821,car,1728,medium,4,3,4,False,"(256, 128)",0.0005,0.3,1e-05,0.1778918653726577,0.1319808363914489,0.0248791051737834,0.0793246105313301,0.1861471682786941,0.4660332798957824
146821,car,1728,medium,4,3,5,False,"(512, 256)",0.0005,0.05,0.001,0.0509359501302242,0.0563509464263916,0.0129235688317028,0.0324351787567138,0.0676740109920501,0.3707017004489898
146821,car,1728,medium,4,3,6,False,"(512, 256)",0.0001,0.0,0.001,0.1626503616571426,0.1056021973490715,0.0106532562789659,0.0587580353021621,0.1727261394262313,0.4429844915866852
146821,car,1728,medium,4,3,7,False,"(128, 64)",0.0005,0.3,0.001,0.304826408624649,0.2555063366889953,0.0291188437929502,0.1563928127288818,0.3098449409008026,0.567777693271637
146821,car,1728,medium,4,3,8,False,"(64, 32)",0.0001,0.1,0.0001,0.7661064267158508,0.5863351225852966,0.0704733177531431,0.3339058458805084,0.7507101893424988,0.4514389336109161
146821,car,1728,medium,4,3,9,False,"(128, 64)",0.003,0.2,0.001,0.0379054620862007,0.0288808904588222,0.0090718312415084,0.017767621204257,0.0446595586836338,0.5187071561813354
146821,car,1728,medium,4,3,10,False,"(512, 256, 128)",0.0005,0.1,0.001,0.0492042414844036,0.0592128559947013,0.0136909030076396,0.0360054820775985,0.0653012916445732,0.6521096229553223
146821,car,1728,medium,4,3,11,False,"(512, 256)",0.003,0.0,0.0001,0.0256150905042886,0.024788437411189,0.0108031662098474,0.0166284702718257,0.0278371460735797,0.6634510159492493
146821,car,1728,medium,4,3,12,False,"(256, 128, 64)",0.001,0.3,0.0,0.0671390444040298,0.0614532344043254,0.0155268723220494,0.0324784256517887,0.0801040083169937,0.4197239875793457
146821,car,1728,medium,4,3,13,False,"(128, 64)",0.003,0.0,0.001,0.0313299819827079,0.0448833107948303,0.0113764204271496,0.0284589566290378,0.049448013305664,0.613579273223877
146821,car,1728,medium,4,3,14,False,"(512, 256, 128)",0.0005,0.05,0.0,0.0472766496241092,0.0481771230697631,0.0084861895367359,0.0272316262125968,0.0560207143425941,0.6779566407203674
146821,car,1728,medium,4,4,0,True,"(256, 128)",0.001,0.1,0.0001,0.0670285373926162,0.0291469395160675,0.0107031593203314,0.0163341276347637,0.0548324957489967,0.5532218217849731
146821,car,1728,medium,4,4,1,False,"(512, 256)",0.0001,0.1,0.001,0.1942746788263321,0.1401294320821762,0.0369313737388291,0.0846679881215095,0.2081767469644546,0.5499919652938843
146821,car,1728,medium,4,4,2,False,"(256, 128, 64)",0.0001,0.05,0.0001,0.3182160556316376,0.2040548175573349,0.0339708179235458,0.1221643760800361,0.3421060740947723,0.4910644292831421
146821,car,1728,medium,4,4,3,False,"(256, 128)",0.001,0.3,0.001,0.0847848132252693,0.0443931631743907,0.0099855736041574,0.0251846387982368,0.0796908363699913,0.4783134758472442
146821,car,1728,medium,4,4,4,False,"(256, 128)",0.0005,0.3,1e-05,0.15383842587471,0.1045746803283691,0.023860962404681,0.0621875151991844,0.1603110134601593,0.4786390662193298
146821,car,1728,medium,4,4,5,False,"(512, 256)",0.0005,0.05,0.001,0.0724278464913368,0.0396885499358177,0.0197080731793864,0.021807312965393,0.0596459247171878,0.6701065301895142
146821,car,1728,medium,4,4,6,False,"(512, 256)",0.0001,0.0,0.001,0.1509298533201217,0.092311106622219,0.027992369725525,0.0531067922711372,0.1531853973865509,0.5745899081230164
146821,car,1728,medium,4,4,7,False,"(128, 64)",0.0005,0.3,0.001,0.2833015322685241,0.2470364719629287,0.0348764691566456,0.1525964736938476,0.3029283881187439,0.5347054600715637
146821,car,1728,medium,4,4,8,False,"(64, 32)",0.0001,0.1,0.0001,0.7201798558235168,0.6047372817993164,0.0546649036379907,0.3418645560741424,0.7684065103530884,0.4599118530750274
146821,car,1728,medium,4,4,9,False,"(128, 64)",0.003,0.2,0.001,0.0617349781095981,0.0335592105984687,0.0133761123310853,0.0179356765002012,0.0507832244038581,0.6483455300331116
146821,car,1728,medium,4,4,10,False,"(512, 256, 128)",0.0005,0.1,0.001,0.0636193081736564,0.0273812599480152,0.0167383184093041,0.0123903434723615,0.0410718992352485,0.7831804156303406
146821,car,1728,medium,4,4,11,False,"(512, 256)",0.003,0.0,0.0001,0.0543652698397636,0.0260808784514665,0.0143886690883967,0.0136261126026511,0.0354559011757373,0.7606393694877625
146821,car,1728,medium,4,4,12,False,"(256, 128, 64)",0.001,0.3,0.0,0.079183742403984,0.0492199808359146,0.0169747769258385,0.0250856205821037,0.0733502358198165,0.6336737275123596
146821,car,1728,medium,4,4,13,False,"(128, 64)",0.003,0.0,0.001,0.0433508194983005,0.0179279688745737,0.0125881705382885,0.0087822107598185,0.029019696637988,0.697227418422699
146821,car,1728,medium,4,4,14,False,"(512, 256, 128)",0.0005,0.05,0.0,0.0789178162813186,0.0354995168745517,0.0184699179809217,0.0169513933360576,0.0549952834844589,0.7520110011100769
146825,Fashion-MNIST,70000,large,10,3,0,True,"(256, 128)",0.001,0.1,0.0001,0.3046822249889374,0.3030463755130768,0.006292165966261,0.1579461097717285,0.3053701817989349,1.0957223176956177
146825,Fashion-MNIST,70000,large,10,3,1,False,"(512, 256)",0.0001,0.1,0.001,0.2992092669010162,0.2941372394561767,0.007912872840606,0.1511184424161911,0.2957534193992615,1.0744004249572754
146825,Fashion-MNIST,70000,large,10,3,2,False,"(256, 128, 64)",0.0001,0.05,0.0001,0.3169108629226684,0.3106661438941955,0.015882016960354,0.15558922290802,0.3106761872768402,0.9972829222679138
146825,Fashion-MNIST,70000,large,10,3,3,False,"(256, 128)",0.001,0.3,0.001,0.2987375855445862,0.2894586324691772,0.0058581807219556,0.1494168043136596,0.2992629706859588,1.2211228609085083
146825,Fashion-MNIST,70000,large,10,3,4,False,"(256, 128)",0.0005,0.3,1e-05,0.2986697852611542,0.2889415919780731,0.0088567173690313,0.1489871591329574,0.2978337109088897,1.2020957469940186
146825,Fashion-MNIST,70000,large,10,3,5,False,"(512, 256)",0.0005,0.05,0.001,0.3137319386005401,0.310171514749527,0.0047237459910767,0.1615641713142395,0.3119635879993438,1.0807563066482544
146825,Fashion-MNIST,70000,large,10,3,6,False,"(512, 256)",0.0001,0.0,0.001,0.3019726574420929,0.3021249175071716,0.0074832705890848,0.1547861993312835,0.3021664917469024,0.9766412973403932
146825,Fashion-MNIST,70000,large,10,3,7,False,"(128, 64)",0.0005,0.3,0.001,0.3128609657287597,0.3020153045654297,0.0060021290516569,0.1544989347457885,0.311478853225708,1.2070931196212769
146825,Fashion-MNIST,70000,large,10,3,8,False,"(64, 32)",0.0001,0.1,0.0001,0.3301469385623932,0.327391505241394,0.0088071853071451,0.1658190190792083,0.3274255692958832,1.007355570793152
146825,Fashion-MNIST,70000,large,10,3,9,False,"(128, 64)",0.003,0.2,0.001,0.313738077878952,0.3096879124641418,0.0060400368652883,0.1615834981203079,0.3112940788269043,1.084641695022583
146825,Fashion-MNIST,70000,large,10,3,10,False,"(512, 256, 128)",0.0005,0.1,0.001,0.3042508363723755,0.3003750741481781,0.0108871618246748,0.1563157737255096,0.3049860596656799,1.1257835626602173
146825,Fashion-MNIST,70000,large,10,3,11,False,"(512, 256)",0.003,0.0,0.0001,0.3220649361610412,0.3054020702838897,0.0077019524393337,0.1592656672000885,0.3104182779788971,1.1741421222686768
146825,Fashion-MNIST,70000,large,10,3,12,False,"(256, 128, 64)",0.001,0.3,0.0,0.3049437701702118,0.2870072424411773,0.0080538697920384,0.1475033164024353,0.2976756989955902,1.2414084672927856
146825,Fashion-MNIST,70000,large,10,3,13,False,"(128, 64)",0.003,0.0,0.001,0.3162895441055298,0.3076688051223755,0.0056775551658301,0.1609999686479568,0.3104029595851898,1.117687463760376
146825,Fashion-MNIST,70000,large,10,3,14,False,"(512, 256, 128)",0.0005,0.05,0.0,0.3042196333408355,0.2997445464134216,0.0128462807688684,0.1561468988656997,0.3059620857238769,1.14707350730896
146825,Fashion-MNIST,70000,large,10,4,0,True,"(256, 128)",0.001,0.1,0.0001,0.2938748002052307,0.3148119151592254,0.0072675625334183,0.1641840487718582,0.3160717487335205,1.0522778034210205
146825,Fashion-MNIST,70000,large,10,4,1,False,"(512, 256)",0.0001,0.1,0.001,0.2938817739486694,0.3130341172218323,0.0075066206242356,0.1606418490409851,0.3133638501167297,1.022415280342102
146825,Fashion-MNIST,70000,large,10,4,2,False,"(256, 128, 64)",0.0001,0.05,0.0001,0.3036589622497558,0.3221555650234222,0.0165797962216394,0.1625693142414093,0.322420060634613,1.0181026458740234
146825,Fashion-MNIST,70000,large,10,4,3,False,"(256, 128)",0.001,0.3,0.001,0.2929865419864654,0.3058256208896637,0.005945863187313,0.1609773635864257,0.3089417517185211,1.10688054561615
146825,Fashion-MNIST,70000,large,10,4,4,False,"(256, 128)",0.0005,0.3,1e-05,0.2872631251811981,0.3033381402492523,0.0072885939674008,0.158108577132225,0.3104817271232605,1.166333556175232
146825,Fashion-MNIST,70000,large,10,4,5,False,"(512, 256)",0.0005,0.05,0.001,0.3092497289180755,0.3238374590873718,0.0048797981345227,0.1702171117067337,0.3243143260478973,0.9526770710945128
146825,Fashion-MNIST,70000,large,10,4,6,False,"(512, 256)",0.0001,0.0,0.001,0.2991225719451904,0.3132194578647613,0.0078313128256371,0.1611337661743164,0.3132250607013702,0.9963410496711732
146825,Fashion-MNIST,70000,large,10,4,7,False,"(128, 64)",0.0005,0.3,0.001,0.3064536154270172,0.317217081785202,0.0043673116167386,0.1637797206640243,0.3233647048473358,1.157604694366455
146825,Fashion-MNIST,70000,large,10,4,8,False,"(64, 32)",0.0001,0.1,0.0001,0.3273887634277344,0.3447805643081665,0.0108440496141002,0.1747047305107116,0.34523406624794,1.02937114238739
146825,Fashion-MNIST,70000,large,10,4,9,False,"(128, 64)",0.003,0.2,0.001,0.3031080365180969,0.3129037320613861,0.0076198761275127,0.1610308736562729,0.3201982378959656,1.1786201000213623
146825,Fashion-MNIST,70000,large,10,4,10,False,"(512, 256, 128)",0.0005,0.1,0.001,0.2954013049602508,0.3158018290996551,0.0101212704273916,0.1644059717655182,0.3188086152076721,1.0868911743164062
146825,Fashion-MNIST,70000,large,10,4,11,False,"(512, 256)",0.003,0.0,0.0001,0.3203114569187164,0.3345338404178619,0.0074943711001958,0.1769041866064071,0.3347711265087127,1.0203969478607178
146825,Fashion-MNIST,70000,large,10,4,12,False,"(256, 128, 64)",0.001,0.3,0.0,0.300338476896286,0.3118476569652557,0.0088228900744801,0.1625133901834488,0.3171798884868622,1.136989951133728
146825,Fashion-MNIST,70000,large,10,4,13,False,"(128, 64)",0.003,0.0,0.001,0.3143823146820068,0.3305036127567291,0.0064416940857966,0.1737596541643142,0.332305371761322,1.0676251649856567
146825,Fashion-MNIST,70000,large,10,4,14,False,"(512, 256, 128)",0.0005,0.05,0.0,0.2925649881362915,0.310524970293045,0.0093284631534701,0.1606369614601135,0.311432272195816,1.0442125797271729
167119,jungle_chess_2pcs_raw_endgame_complete,44819,large,3,3,0,True,"(256, 128)",0.001,0.1,0.0001,0.2401455342769622,0.2383133620023727,0.0271701889942927,0.1545422375202179,0.2395928055047989,0.9027069807052612
167119,jungle_chess_2pcs_raw_endgame_complete,44819,large,3,3,1,False,"(512, 256)",0.0001,0.1,0.001,0.2898719608783722,0.2817568778991699,0.0179944897673677,0.1737051457166671,0.2868563532829284,0.8455296754837036
167119,jungle_chess_2pcs_raw_endgame_complete,44819,large,3,3,2,False,"(256, 128, 64)",0.0001,0.05,0.0001,0.2703776061534881,0.2617928385734558,0.0217261180707196,0.1639610677957534,0.2652428746223449,0.8747777938842773
167119,jungle_chess_2pcs_raw_endgame_complete,44819,large,3,3,3,False,"(256, 128)",0.001,0.3,0.001,0.2595177590847015,0.2524296343326568,0.0236391850036381,0.1597582399845123,0.2577102780342102,0.8283959627151489
167119,jungle_chess_2pcs_raw_endgame_complete,44819,large,3,3,4,False,"(256, 128)",0.0005,0.3,1e-05,0.283692330121994,0.2695498168468475,0.0225245945014876,0.1665233820676803,0.2790002524852752,0.7907742857933044
167119,jungle_chess_2pcs_raw_endgame_complete,44819,large,3,3,5,False,"(512, 256)",0.0005,0.05,0.001,0.2459893822669983,0.242830753326416,0.0298971329751547,0.1569182276725769,0.243029847741127,0.9696080088615416
167119,jungle_chess_2pcs_raw_endgame_complete,44819,large,3,3,6,False,"(512, 256)",0.0001,0.0,0.001,0.2774541676044464,0.274198055267334,0.0259521143572166,0.1728477627038955,0.2746468484401703,0.9583730101585388
167119,jungle_chess_2pcs_raw_endgame_complete,44819,large,3,3,7,False,"(128, 64)",0.0005,0.3,0.001,0.3235913217067718,0.3034971952438354,0.0096191460701409,0.1833867281675338,0.3193446397781372,0.7365937232971191
167119,jungle_chess_2pcs_raw_endgame_complete,44819,large,3,3,8,False,"(64, 32)",0.0001,0.1,0.0001,0.4223343431949615,0.4059494137763977,0.0265830762160155,0.2380490899085998,0.4180926382541656,0.7966167330741882
167119,jungle_chess_2pcs_raw_endgame_complete,44819,large,3,3,9,False,"(128, 64)",0.003,0.2,0.001,0.2500915825366974,0.2411011159420013,0.0176623777313085,0.1526505053043365,0.2476742565631866,0.8062721490859985
167119,jungle_chess_2pcs_raw_endgame_complete,44819,large,3,3,10,False,"(512, 256, 128)",0.0005,0.1,0.001,0.2071627378463745,0.2061913758516311,0.0198031642018339,0.1369234472513198,0.2064887136220932,0.9435092210769652
167119,jungle_chess_2pcs_raw_endgame_complete,44819,large,3,3,11,False,"(512, 256)",0.003,0.0,0.0001,0.2199381291866302,0.2180718332529068,0.0287969296749071,0.1457497775554657,0.2189888060092926,1.0984551906585691
167119,jungle_chess_2pcs_raw_endgame_complete,44819,large,3,3,12,False,"(256, 128, 64)",0.001,0.3,0.0,0.2314226180315017,0.2230112999677658,0.0110862031235468,0.1443107426166534,0.2288538366556167,0.804970383644104
167119,jungle_chess_2pcs_raw_endgame_complete,44819,large,3,3,13,False,"(128, 64)",0.003,0.0,0.001,0.2284769564867019,0.2225180864334106,0.0297207806647825,0.1471354216337204,0.2229612171649933,1.087143063545227
167119,jungle_chess_2pcs_raw_endgame_complete,44819,large,3,3,14,False,"(512, 256, 128)",0.0005,0.05,0.0,0.2122470438480377,0.2114030420780182,0.025351761400735,0.1402963399887085,0.2114030420780182,1.0000042915344238
167119,jungle_chess_2pcs_raw_endgame_complete,44819,large,3,4,0,True,"(256, 128)",0.001,0.1,0.0001,0.243191972374916,0.2348530888557434,0.0229538064081541,0.1516387462615966,0.2370659410953521,0.8851833939552307
167119,jungle_chess_2pcs_raw_endgame_complete,44819,large,3,4,1,False,"(512, 256)",0.0001,0.1,0.001,0.2929239869117737,0.2797468602657318,0.0211156543350354,0.1721905767917633,0.2857220470905304,0.8326341509819031
167119,jungle_chess_2pcs_raw_endgame_complete,44819,large,3,4,2,False,"(256, 128, 64)",0.0001,0.05,0.0001,0.267219990491867,0.2569721043109894,0.0224039154117543,0.1622260510921478,0.2608792185783386,0.8573536276817322
167119,jungle_chess_2pcs_raw_endgame_complete,44819,large,3,4,3,False,"(256, 128)",0.001,0.3,0.001,0.2604030072689056,0.246038019657135,0.0227905762414128,0.155953511595726,0.2540780007839203,0.7879522442817688
167119,jungle_chess_2pcs_raw_endgame_complete,44819,large,3,4,4,False,"(256, 128)",0.0005,0.3,1e-05,0.2837075889110565,0.26847705245018,0.023737208554517,0.1665199846029281,0.2784842848777771,0.773288905620575
167119,jungle_chess_2pcs_raw_endgame_complete,44819,large,3,4,5,False,"(512, 256)",0.0005,0.05,0.001,0.2544292509555816,0.2475982010364532,0.0311238260322714,0.1593057364225387,0.248105764389038,0.9563987851142884
167119,jungle_chess_2pcs_raw_endgame_complete,44819,large,3,4,6,False,"(512, 256)",0.0001,0.0,0.001,0.2792464792728424,0.2701750099658966,0.0303992834748407,0.1702959835529327,0.2706331312656402,0.962139368057251
167119,jungle_chess_2pcs_raw_endgame_complete,44819,large,3,4,7,False,"(128, 64)",0.0005,0.3,0.001,0.3290784955024719,0.302580863237381,0.01372026373823,0.1823051422834396,0.320121705532074,0.7241222262382507
167119,jungle_chess_2pcs_raw_endgame_complete,44819,large,3,4,8,False,"(64, 32)",0.0001,0.1,0.0001,0.4074462056159973,0.3873968422412872,0.0161566817120358,0.2276163399219513,0.4015284776687622,0.7708992958068848
167119,jungle_chess_2pcs_raw_endgame_complete,44819,large,3,4,9,False,"(128, 64)",0.003,0.2,0.001,0.2542282342910766,0.2427029013633728,0.0217195463350321,0.1543082594871521,0.2498586773872375,0.7883313298225403
167119,jungle_chess_2pcs_raw_endgame_complete,44819,large,3,4,10,False,"(512, 256, 128)",0.0005,0.1,0.001,0.2116570621728897,0.2031581699848175,0.0226209667984633,0.1353113204240799,0.2035533040761947,0.9511376619338988
167119,jungle_chess_2pcs_raw_endgame_complete,44819,large,3,4,11,False,"(512, 256)",0.003,0.0,0.0001,0.2230010777711868,0.2158848345279693,0.0279623345349598,0.1431879997253418,0.2168441861867904,1.109269618988037
167119,jungle_chess_2pcs_raw_endgame_complete,44819,large,3,4,12,False,"(256, 128, 64)",0.001,0.3,0.0,0.2295950502157211,0.2174786180257797,0.0143477973347704,0.1408456265926361,0.2244458794593811,0.7720893025398254
167119,jungle_chess_2pcs_raw_endgame_complete,44819,large,3,4,13,False,"(128, 64)",0.003,0.0,0.001,0.2201901078224182,0.2149305194616317,0.0287810602385639,0.1423975378274917,0.2150912880897522,1.0584903955459597
167119,jungle_chess_2pcs_raw_endgame_complete,44819,large,3,4,14,False,"(512, 256, 128)",0.0005,0.05,0.0,0.2137232422828674,0.2069564312696457,0.0283008447501802,0.1387424319982528,0.2070022225379943,0.9810519218444824
167120,numerai28.6,96320,large,2,3,0,True,"(256, 128)",0.001,0.1,0.0001,0.693011999130249,0.6935223340988159,0.021265346701293,0.5003389120101929,0.6935856938362122,1.0107626914978027
167120,numerai28.6,96320,large,2,3,1,False,"(512, 256)",0.0001,0.1,0.001,0.6930391788482666,0.6938432455062866,0.0227450932905177,0.5006492733955383,0.693908154964447,1.0105912685394287
167120,numerai28.6,96320,large,2,3,2,False,"(256, 128, 64)",0.0001,0.05,0.0001,0.6938411593437195,0.6940689086914062,0.022867033341621,0.5008785128593445,0.6941309571266174,1.010921597480774
167120,numerai28.6,96320,large,2,3,3,False,"(256, 128)",0.001,0.3,0.001,0.6933642625808716,0.6939617395401001,0.022714734036199,0.5007384419441223,0.6940339207649231,1.0113660097122192
167120,numerai28.6,96320,large,2,3,4,False,"(256, 128)",0.0005,0.3,1e-05,0.6927905082702637,0.6939483284950256,0.020132748278091,0.5007448196411133,0.6940004229545593,1.0090714693069458
167120,numerai28.6,96320,large,2,3,5,False,"(512, 256)",0.0005,0.05,0.001,0.6945034861564636,0.6924569010734558,0.0091088254413137,0.4993073642253876,0.6948569416999817,1.8376779556274412
167120,numerai28.6,96320,large,2,3,6,False,"(512, 256)",0.0001,0.0,0.001,0.6955696940422058,0.6927492022514343,0.009127108613287,0.4995979070663452,0.6964245438575745,1.9209933280944824
167120,numerai28.6,96320,large,2,3,7,False,"(128, 64)",0.0005,0.3,0.001,0.6911636590957642,0.692207932472229,0.0046057078537684,0.4990569353103637,0.692207932472229,1.0000009536743164
167120,numerai28.6,96320,large,2,3,8,False,"(64, 32)",0.0001,0.1,0.0001,0.6920802593231201,0.6926895380020142,0.012370501307653,0.4995360970497131,0.6926896572113037,1.0000417232513428
167120,numerai28.6,96320,large,2,3,9,False,"(128, 64)",0.003,0.2,0.001,0.693455696105957,0.6948001384735107,0.0237126496671012,0.501562774181366,0.6948866844177246,1.0119012594223022
167120,numerai28.6,96320,large,2,3,10,False,"(512, 256, 128)",0.0005,0.1,0.001,0.6936324238777161,0.6937361359596252,0.0168604456705112,0.5005596876144409,0.6937817931175232,1.009446144104004
167120,numerai28.6,96320,large,2,3,11,False,"(512, 256)",0.003,0.0,0.0001,0.6922935843467712,0.6933096647262573,0.0190024690389022,0.5001377463340759,0.6933175921440125,1.0017149448394775
167120,numerai28.6,96320,large,2,3,12,False,"(256, 128, 64)",0.001,0.3,0.0,0.6917579770088196,0.6923283934593201,0.0082408258555289,0.4991732239723205,0.6923284530639648,1.0000293254852295
167120,numerai28.6,96320,large,2,3,13,False,"(128, 64)",0.003,0.0,0.001,0.692063570022583,0.6925023198127747,0.0146947320146385,0.4993435740470886,0.6925025582313538,1.0000507831573486
167120,numerai28.6,96320,large,2,3,14,False,"(512, 256, 128)",0.0005,0.05,0.0,0.6953467726707458,0.6921409964561462,0.0054464173623889,0.4989955425262451,0.6943305730819702,1.9756160974502563
167120,numerai28.6,96320,large,2,4,0,True,"(256, 128)",0.001,0.1,0.0001,0.6939763426780701,0.6933459639549255,0.0202176695027422,0.5001807808876038,0.6933902502059937,1.0099587440490725
167120,numerai28.6,96320,large,2,4,1,False,"(512, 256)",0.0001,0.1,0.001,0.695522665977478,0.6923778653144836,0.0046059063492406,0.4992313683032989,0.6947840452194214,2.019126415252685
167120,numerai28.6,96320,large,2,4,2,False,"(256, 128, 64)",0.0001,0.05,0.0001,0.695031464099884,0.6942613124847412,0.0243287622456253,0.5010805130004883,0.6943408250808716,1.0133063793182373
167120,numerai28.6,96320,large,2,4,3,False,"(256, 128)",0.001,0.3,0.001,0.6930601000785828,0.6926212310791016,0.0113535429209735,0.4994652271270752,0.6926223635673523,1.0004353523254397
167120,numerai28.6,96320,large,2,4,4,False,"(256, 128)",0.0005,0.3,1e-05,0.6919350028038025,0.6920360326766968,0.0054360910505468,0.4988859593868255,0.6920360922813416,1.0000098943710327
167120,numerai28.6,96320,large,2,4,5,False,"(512, 256)",0.0005,0.05,0.001,0.6947317123413086,0.6933136582374573,0.0213119948709822,0.5001462697982788,0.6933683753013611,1.011947512626648
167120,numerai28.6,96320,large,2,4,6,False,"(512, 256)",0.0001,0.0,0.001,0.6969136595726013,0.6923695206642151,0.0026138175551182,0.4992226660251617,0.6950181722640991,2.2270102500915527
167120,numerai28.6,96320,large,2,4,7,False,"(128, 64)",0.0005,0.3,0.001,0.692349374294281,0.6920522451400757,0.0048764796653228,0.4989062845706939,0.6920523047447205,1.000062346458435
167120,numerai28.6,96320,large,2,4,8,False,"(64, 32)",0.0001,0.1,0.0001,0.6930624842643738,0.6925884485244751,0.0089951380808834,0.4994345605373382,0.6925886273384094,1.0001190900802612
167120,numerai28.6,96320,large,2,4,9,False,"(128, 64)",0.003,0.2,0.001,0.6929062008857727,0.6921873092651367,0.0027733709361993,0.4990401566028595,0.6921873092651367,1.000088095664978
167120,numerai28.6,96320,large,2,4,10,False,"(512, 256, 128)",0.0005,0.1,0.001,0.6935983300209045,0.6935343742370605,0.023014126904515,0.5003511309623718,0.6936070919036865,1.0120599269866943
167120,numerai28.6,96320,large,2,4,11,False,"(512, 256)",0.003,0.0,0.0001,0.6937540769577026,0.6930220723152161,0.0137056132473241,0.4998691976070404,0.6930228471755981,1.0003243684768677
167120,numerai28.6,96320,large,2,4,12,False,"(256, 128, 64)",0.001,0.3,0.0,0.6926069855690002,0.6921870112419128,0.0040158001347089,0.499040275812149,0.6921870112419128,1.0000110864639282
167120,numerai28.6,96320,large,2,4,13,False,"(128, 64)",0.003,0.0,0.001,0.6937935948371887,0.6928244829177856,0.0087342878756167,0.4996716976165771,0.6928251385688782,1.0003622770309448
167120,numerai28.6,96320,large,2,4,14,False,"(512, 256, 128)",0.0005,0.05,0.0,0.6948469281196594,0.6948369741439819,0.0274020831429647,0.5016465783119202,0.694932758808136,1.0138429403305054
167124,CIFAR_10,60000,large,10,3,0,True,"(256, 128)",0.001,0.1,0.0001,1.3246217966079712,1.3128612041473389,0.0135262800434397,0.6032364964485168,1.3231409788131714,1.1387311220169067
167124,CIFAR_10,60000,large,10,3,1,False,"(512, 256)",0.0001,0.1,0.001,1.2961899042129517,1.294320583343506,0.0143625636113186,0.5928511023521423,1.2991570234298706,1.0864347219467163
167124,CIFAR_10,60000,large,10,3,2,False,"(256, 128, 64)",0.0001,0.05,0.0001,1.3513683080673218,1.3471754789352417,0.019784986803929,0.6097352504730225,1.347203254699707,1.0071797370910645
167124,CIFAR_10,60000,large,10,3,3,False,"(256, 128)",0.001,0.3,0.001,1.2885587215423584,1.281816840171814,0.0117247507183088,0.5909582376480103,1.2866175174713137,1.0910842418670654
167124,CIFAR_10,60000,large,10,3,4,False,"(256, 128)",0.0005,0.3,1e-05,1.2871536016464231,1.26984703540802,0.0177834701674679,0.5862878561019897,1.2758574485778809,1.110779881477356
167124,CIFAR_10,60000,large,10,3,5,False,"(512, 256)",0.0005,0.05,0.001,1.3169305324554443,1.3153321743011477,0.0227344192883206,0.6014357805252075,1.324851393699646,1.1215728521347046
167124,CIFAR_10,60000,large,10,3,6,False,"(512, 256)",0.0001,0.0,0.001,1.320338249206543,1.3214218616485596,0.0164572009609805,0.6030191779136658,1.3214223384857178,1.0000474452972412
167124,CIFAR_10,60000,large,10,3,7,False,"(128, 64)",0.0005,0.3,0.001,1.3261888027191162,1.3175932168960571,0.0113050789634386,0.6029931902885437,1.324360489845276,1.112602472305298
167124,CIFAR_10,60000,large,10,3,8,False,"(64, 32)",0.0001,0.1,0.0001,1.430761694908142,1.4288557767868042,0.0116307055788735,0.641951322555542,1.4290097951889038,1.0134963989257812
167124,CIFAR_10,60000,large,10,3,9,False,"(128, 64)",0.003,0.2,0.001,1.3315597772598269,1.328154444694519,0.0099869410308698,0.6065888404846191,1.331689953804016,1.0732791423797607
167124,CIFAR_10,60000,large,10,3,10,False,"(512, 256, 128)",0.0005,0.1,0.001,1.3274317979812622,1.2973072528839111,0.0228269594328271,0.5956322550773621,1.3327218294143677,1.2512167692184448
167124,CIFAR_10,60000,large,10,3,11,False,"(512, 256)",0.003,0.0,0.0001,1.3852401971817017,1.3422454595565796,0.0234116334459847,0.6141738295555115,1.3946585655212402,1.3132028579711914
167124,CIFAR_10,60000,large,10,3,12,False,"(256, 128, 64)",0.001,0.3,0.0,1.3053829669952393,1.2926065921783447,0.0154812049745685,0.5925180912017822,1.2942301034927368,1.0669851303100586
167124,CIFAR_10,60000,large,10,3,13,False,"(128, 64)",0.003,0.0,0.001,1.378949522972107,1.3684180974960327,0.0158644214156601,0.6219542026519775,1.3861987590789795,1.170526385307312
167124,CIFAR_10,60000,large,10,3,14,False,"(512, 256, 128)",0.0005,0.05,0.0,1.3389530181884766,1.3146789073944092,0.0133304340640703,0.6008980870246887,1.334274411201477,1.192171573638916
167124,CIFAR_10,60000,large,10,4,0,True,"(256, 128)",0.001,0.1,0.0001,1.3301668167114258,1.2937551736831665,0.0169223505908416,0.5883883833885193,1.3206608295440674,1.232974886894226
167124,CIFAR_10,60000,large,10,4,1,False,"(512, 256)",0.0001,0.1,0.001,1.3141722679138184,1.3115078210830688,0.0066604480333626,0.5945026874542236,1.312656044960022,1.0433361530303955
167124,CIFAR_10,60000,large,10,4,2,False,"(256, 128, 64)",0.0001,0.05,0.0001,1.3558176755905151,1.3543795347213743,0.0170142220863037,0.6083032488822937,1.3543800115585327,0.999919891357422
167124,CIFAR_10,60000,large,10,4,3,False,"(256, 128)",0.001,0.3,0.001,1.2882176637649536,1.2813720703125,0.011265584964719,0.5861415863037109,1.287692904472351,1.1046348810195925
167124,CIFAR_10,60000,large,10,4,4,False,"(256, 128)",0.0005,0.3,1e-05,1.2876094579696655,1.2775088548660278,0.0093109365461601,0.5862350463867188,1.2809823751449585,1.0795494318008425
167124,CIFAR_10,60000,large,10,4,5,False,"(512, 256)",0.0005,0.05,0.001,1.3484981060028076,1.302421808242798,0.0116703077906535,0.5923730731010437,1.3305195569992063,1.2422420978546145
167124,CIFAR_10,60000,large,10,4,6,False,"(512, 256)",0.0001,0.0,0.001,1.334619402885437,1.3324788808822632,0.0093056529557539,0.601192057132721,1.3327016830444336,1.019809365272522
167124,CIFAR_10,60000,large,10,4,7,False,"(128, 64)",0.0005,0.3,0.001,1.3145802021026611,1.3205827474594116,0.0104030303263829,0.602488100528717,1.3205739259719849,0.997747242450714
167124,CIFAR_10,60000,large,10,4,8,False,"(64, 32)",0.0001,0.1,0.0001,1.4287415742874146,1.4251112937927246,0.0130126239156557,0.6384959816932678,1.4278136491775513,1.06750750541687
167124,CIFAR_10,60000,large,10,4,9,False,"(128, 64)",0.003,0.2,0.001,1.3427525758743286,1.332499384880066,0.0151853178847167,0.6076266169548035,1.336982011795044,1.0943682193756104
167124,CIFAR_10,60000,large,10,4,10,False,"(512, 256, 128)",0.0005,0.1,0.001,1.315507173538208,1.3067350387573242,0.015028420759158,0.5947107672691345,1.3191609382629397,1.139525294303894
167124,CIFAR_10,60000,large,10,4,11,False,"(512, 256)",0.003,0.0,0.0001,1.3981990814208984,1.33009135723114,0.0121293685287237,0.6027882695198059,1.3801474571228027,1.326987624168396
167124,CIFAR_10,60000,large,10,4,12,False,"(256, 128, 64)",0.001,0.3,0.0,1.3103022575378418,1.30018949508667,0.010038199023654,0.5947561264038086,1.3015919923782349,1.0508575439453125
167124,CIFAR_10,60000,large,10,4,13,False,"(128, 64)",0.003,0.0,0.001,1.38598895072937,1.3517063856124878,0.0135974982492625,0.6146765947341919,1.378534197807312,1.2320948839187622
167124,CIFAR_10,60000,large,10,4,14,False,"(512, 256, 128)",0.0005,0.05,0.0,1.329016089439392,1.3152320384979248,0.0131834629823764,0.597953736782074,1.3207932710647583,1.0997655391693115
167125,Internet-Advertisements,3279,medium,2,3,0,True,"(256, 128)",0.001,0.1,0.0001,0.0870113372802734,0.0821658447384834,0.0132411631445089,0.0414506010711193,0.0821658745408058,0.9999940395355223
167125,Internet-Advertisements,3279,medium,2,3,1,False,"(512, 256)",0.0001,0.1,0.001,0.0918162763118743,0.0871962234377861,0.0094075592128726,0.0442852824926376,0.0870815142989158,1.0240353345870972
167125,Internet-Advertisements,3279,medium,2,3,2,False,"(256, 128, 64)",0.0001,0.05,0.0001,0.1044458448886871,0.1069315001368522,0.0159717448116318,0.0542924590408802,0.1081748828291893,0.9103503823280334
167125,Internet-Advertisements,3279,medium,2,3,3,False,"(256, 128)",0.001,0.3,0.001,0.1010529100894928,0.0882053896784782,0.0117124143412442,0.0469687134027481,0.0983577370643615,1.3629335165023804
167125,Internet-Advertisements,3279,medium,2,3,4,False,"(256, 128)",0.0005,0.3,1e-05,0.0907056480646133,0.0856488645076751,0.0078580604820716,0.0437518954277038,0.0878530740737915,1.1525466442108154
167125,Internet-Advertisements,3279,medium,2,3,5,False,"(512, 256)",0.0005,0.05,0.001,0.0917830839753151,0.0793860852718353,0.0082878863847837,0.0398553647100925,0.0790636241436004,1.0907615423202517
167125,Internet-Advertisements,3279,medium,2,3,6,False,"(512, 256)",0.0001,0.0,0.001,0.0935881361365318,0.0850050896406173,0.0085536274846976,0.0435112491250038,0.085395373404026,0.9743780493736268
167125,Internet-Advertisements,3279,medium,2,3,7,False,"(128, 64)",0.0005,0.3,0.001,0.0897310450673103,0.0908884033560752,0.0136784569822191,0.0461882129311561,0.0917356461286544,1.0715556144714355
167125,Internet-Advertisements,3279,medium,2,3,8,False,"(64, 32)",0.0001,0.1,0.0001,0.2074341624975204,0.1189062222838401,0.0158192033811313,0.0519828796386718,0.2082808464765548,0.4376887083053589
167125,Internet-Advertisements,3279,medium,2,3,9,False,"(128, 64)",0.003,0.2,0.001,0.1048708856105804,0.0809302031993866,0.0101934248899541,0.0415654852986335,0.0879914164543151,1.3678988218307495
167125,Internet-Advertisements,3279,medium,2,3,10,False,"(512, 256, 128)",0.0005,0.1,0.001,0.0981516614556312,0.0958907902240753,0.0129380161624128,0.0486721135675907,0.1045846715569496,1.2581199407577517
167125,Internet-Advertisements,3279,medium,2,3,11,False,"(512, 256)",0.003,0.0,0.0001,0.1245613992214202,0.0920706689357757,0.0088828685807018,0.0479770526289939,0.1112749949097633,1.60184907913208
167125,Internet-Advertisements,3279,medium,2,3,12,False,"(256, 128, 64)",0.001,0.3,0.0,0.0869218781590461,0.0927141904830932,0.0108019083859474,0.0469689294695854,0.0980303213000297,1.1911708116531372
167125,Internet-Advertisements,3279,medium,2,3,13,False,"(128, 64)",0.003,0.0,0.001,0.101596787571907,0.0884180516004562,0.0081625265198025,0.0461570210754871,0.0952434539794921,1.3022873401641846
167125,Internet-Advertisements,3279,medium,2,3,14,False,"(512, 256, 128)",0.0005,0.05,0.0,0.0930704921483993,0.0948491841554641,0.0098981754930038,0.0479491204023361,0.0956660658121109,1.0681301355361938
167125,Internet-Advertisements,3279,medium,2,4,0,True,"(256, 128)",0.001,0.1,0.0001,0.0850682109594345,0.1164996474981308,0.0143268058394513,0.0540163628757,0.1204481571912765,1.1060032844543457
167125,Internet-Advertisements,3279,medium,2,4,1,False,"(512, 256)",0.0001,0.1,0.001,0.0828048065304756,0.1177876740694046,0.0063077726560394,0.048348844051361,0.1167293190956115,0.8641020059585571
167125,Internet-Advertisements,3279,medium,2,4,2,False,"(256, 128, 64)",0.0001,0.05,0.0001,0.1164536476135253,0.1254783421754837,0.0093841621182798,0.056336797773838,0.1272909790277481,0.8528149127960205
167125,Internet-Advertisements,3279,medium,2,4,3,False,"(256, 128)",0.001,0.3,0.001,0.0764338821172714,0.1021900996565818,0.0116094547074015,0.0477805137634277,0.1017907634377479,0.9542294144630432
167125,Internet-Advertisements,3279,medium,2,4,4,False,"(256, 128)",0.0005,0.3,1e-05,0.0840954110026359,0.114179715514183,0.0144809347887834,0.0525743439793586,0.119820736348629,1.1403347253799438
167125,Internet-Advertisements,3279,medium,2,4,5,False,"(512, 256)",0.0005,0.05,0.001,0.0800654664635658,0.1122512966394424,0.0108760171607742,0.0486507937312126,0.111242651939392,0.9193457961082458
167125,Internet-Advertisements,3279,medium,2,4,6,False,"(512, 256)",0.0001,0.0,0.001,0.0812829658389091,0.119251437485218,0.0099844815648668,0.0492619425058364,0.1174120083451271,0.8677231073379517
167125,Internet-Advertisements,3279,medium,2,4,7,False,"(128, 64)",0.0005,0.3,0.001,0.0974583327770233,0.1163975521922111,0.0075232920547326,0.0556662306189537,0.1214870139956474,1.1540122032165527
167125,Internet-Advertisements,3279,medium,2,4,8,False,"(64, 32)",0.0001,0.1,0.0001,0.1629137247800827,0.1446617394685745,0.0117740319148311,0.0524719096720218,0.1844389587640762,0.5576620101928711
167125,Internet-Advertisements,3279,medium,2,4,9,False,"(128, 64)",0.003,0.2,0.001,0.1099660024046897,0.11366718262434,0.0127761755895808,0.0552265867590904,0.1435937583446502,1.515637993812561
167125,Internet-Advertisements,3279,medium,2,4,10,False,"(512, 256, 128)",0.0005,0.1,0.001,0.0979733243584632,0.1231035813689231,0.012240984999552,0.0572408773005008,0.1256281733512878,1.079903244972229
167125,Internet-Advertisements,3279,medium,2,4,11,False,"(512, 256)",0.003,0.0,0.0001,0.0943599939346313,0.1115436553955078,0.0151025692864162,0.0521771200001239,0.1412895768880844,1.5085393190383911
167125,Internet-Advertisements,3279,medium,2,4,12,False,"(256, 128, 64)",0.001,0.3,0.0,0.0920571163296699,0.1144482344388961,0.0185843407199149,0.0575942359864711,0.1253786534070968,1.222327470779419
167125,Internet-Advertisements,3279,medium,2,4,13,False,"(128, 64)",0.003,0.0,0.001,0.1033497303724289,0.1199114844202995,0.0177124347083452,0.0593338422477245,0.1395677477121353,1.3551605939865112
167125,Internet-Advertisements,3279,medium,2,4,14,False,"(512, 256, 128)",0.0005,0.05,0.0,0.1191190183162689,0.133961021900177,0.0116487398622481,0.0604559630155563,0.142560139298439,1.206796169281006
